"UNICODE","P","D","L","V","LATITUDE","LONGITUDE","block","I_TRIAT","P_TRIAT","FECHA","CICLO","TRATADA","RENUENTE","CERRADA","DESHABITADA","LOCAL_PUBLICO","LOTE_VACIO"
"1.28.1.1",1,"28","1","1",-16.56538119,-71.43042119,"1",NA,NA,NA,NA,NA,NA,NA,NA,NA,NA
"1.28.1.10",1,"28","1","10",-16.56776003,-71.43864301,"1",NA,NA,NA,NA,NA,NA,NA,NA,NA,NA
"1.28.1.11",1,"28","1","11",-16.56702109,-71.43863271,"1",NA,NA,NA,NA,NA,NA,NA,NA,NA,NA
"1.28.1.12",1,"28","1","12",-16.56699167,-71.43888217,"1",NA,NA,NA,NA,NA,NA,NA,NA,NA,NA
"1.28.1.13",1,"28","1","13",-16.56701316,-71.43911148,"1",NA,NA,NA,NA,NA,NA,NA,NA,NA,NA
"1.28.1.14",1,"28","1","14",-16.56701111,-71.43977692,"1",NA,NA,NA,NA,NA,NA,NA,NA,NA,NA
"1.28.1.15",1,"28","1","15",-16.56734722,-71.43896763,"1",NA,NA,NA,NA,NA,NA,NA,NA,NA,NA
"1.28.1.16",1,"28","1","16",-16.56758075,-71.43882688,"1",NA,NA,NA,NA,NA,NA,NA,NA,NA,NA
"1.28.1.17",1,"28","1","17",-16.5671672,-71.439403,"1",NA,NA,NA,NA,NA,NA,NA,NA,NA,NA
"1.28.1.18",1,"28","1","18",-16.56731707,-71.43935874,"1",NA,NA,NA,NA,NA,NA,NA,NA,NA,NA
"1.28.1.19",1,"28","1","19",-16.56734336,-71.43943549,"1",NA,NA,NA,NA,NA,NA,NA,NA,NA,NA
"1.28.1.2",1,"28","1","2",-16.56358913,-71.43019039,"1",NA,NA,NA,NA,NA,NA,NA,NA,NA,NA
"1.28.1.20",1,"28","1","20",-16.56736572,-71.43957916,"1",NA,NA,NA,NA,NA,NA,NA,NA,NA,NA
"1.28.1.21",1,"28","1","21",-16.56764603,-71.43925,"1",NA,NA,NA,NA,NA,NA,NA,NA,NA,NA
"1.28.1.22",1,"28","1","22",-16.56810566,-71.4394,"1",NA,NA,NA,NA,NA,NA,NA,NA,NA,NA
"1.28.1.23",1,"28","1","23",-16.56834477,-71.43924431,"1",NA,NA,NA,NA,NA,NA,NA,NA,NA,NA
"1.28.1.24",1,"28","1","24",-16.56743333,-71.43922507,"1",NA,NA,NA,NA,NA,NA,NA,NA,NA,NA
"1.28.1.25",1,"28","1","25",-16.56761652,-71.43904722,"1",NA,NA,NA,NA,NA,NA,NA,NA,NA,NA
"1.28.1.26",1,"28","1","26",-16.56776383,-71.43899131,"1",NA,NA,NA,NA,NA,NA,NA,NA,NA,NA
"1.28.1.27",1,"28","1","27",-16.56798056,-71.43902741,"1",NA,NA,NA,NA,NA,NA,NA,NA,NA,NA
"1.28.1.28",1,"28","1","28",-16.56807878,-71.43904365,"1",NA,NA,NA,NA,NA,NA,NA,NA,NA,NA
"1.28.1.29",1,"28","1","29",-16.56816119,-71.43908242,"1",NA,NA,NA,NA,NA,NA,NA,NA,NA,NA
"1.28.1.3",1,"28","1","3",-16.56529894,-71.43254656,"1",NA,NA,NA,NA,NA,NA,NA,NA,NA,NA
"1.28.1.30",1,"28","1","30",-16.56827339,-71.43911747,"1",NA,NA,NA,NA,NA,NA,NA,NA,NA,NA
"1.28.1.31",1,"28","1","31",-16.56861054,-71.43899785,"1",NA,NA,NA,NA,NA,NA,NA,NA,NA,NA
"1.28.1.32",1,"28","1","32",-16.56816492,-71.43888271,"1",NA,NA,NA,NA,NA,NA,NA,NA,NA,NA
"1.28.1.33",1,"28","1","33",-16.56843896,-71.4388516,"1",NA,NA,NA,NA,NA,NA,NA,NA,NA,NA
"1.28.1.34",1,"28","1","34",-16.56864533,-71.43871184,"1",NA,NA,NA,NA,NA,NA,NA,NA,NA,NA
"1.28.1.35",1,"28","1","35",-16.56872806,-71.43873459,"1",NA,NA,NA,NA,NA,NA,NA,NA,NA,NA
"1.28.1.36",1,"28","1","36",-16.56877669,-71.43875,"1",NA,NA,NA,NA,NA,NA,NA,NA,NA,NA
"1.28.1.37",1,"28","1","37",-16.56884663,-71.43876389,"1",NA,NA,NA,NA,NA,NA,NA,NA,NA,NA
"1.28.1.38",1,"28","1","38",-16.56899763,-71.43883631,"1",NA,NA,NA,NA,NA,NA,NA,NA,NA,NA
"1.28.1.39",1,"28","1","39",-16.56887999,-71.43894811,"1",NA,NA,NA,NA,NA,NA,NA,NA,NA,NA
"1.28.1.4",1,"28","1","4",-16.56702092,-71.43757331,"1",NA,NA,NA,NA,NA,NA,NA,NA,NA,NA
"1.28.1.40",1,"28","1","40",-16.56871391,-71.4390318,"1",NA,NA,NA,NA,NA,NA,NA,NA,NA,NA
"1.28.1.41",1,"28","1","41",-16.56800222,-71.43887977,"1",NA,NA,NA,NA,NA,NA,NA,NA,NA,NA
"1.28.1.42",1,"28","1","42",-16.56776252,-71.43889271,"1",NA,NA,NA,NA,NA,NA,NA,NA,NA,NA
"1.28.1.43",1,"28","1","43",-16.56777531,-71.43881533,"1",NA,NA,NA,NA,NA,NA,NA,NA,NA,NA
"1.28.1.44",1,"28","1","44",-16.56788579,-71.43871319,"1",NA,NA,NA,NA,NA,NA,NA,NA,NA,NA
"1.28.1.45",1,"28","1","45",-16.56830833,-71.43865621,"1",NA,NA,NA,NA,NA,NA,NA,NA,NA,NA
"1.28.1.46",1,"28","1","46",-16.56845833,-71.43865345,"1",NA,NA,NA,NA,NA,NA,NA,NA,NA,NA
"1.28.1.47",1,"28","1","47",-16.56853954,-71.43867069,"1",NA,NA,NA,NA,NA,NA,NA,NA,NA,NA
"1.28.1.48",1,"28","1","48",-16.56839723,-71.43878867,"1",NA,NA,NA,NA,NA,NA,NA,NA,NA,NA
"1.28.1.49",1,"28","1","49",-16.56864683,-71.43849284,"1",NA,NA,NA,NA,NA,NA,NA,NA,NA,NA
"1.28.1.5",1,"28","1","5",-16.56711898,-71.43774159,"1",NA,NA,NA,NA,NA,NA,NA,NA,NA,NA
"1.28.1.50",1,"28","1","50",-16.56897069,-71.43867939,"1",NA,NA,NA,NA,NA,NA,NA,NA,NA,NA
"1.28.1.51",1,"28","1","51",-16.56907644,-71.43876268,"1",NA,NA,NA,NA,NA,NA,NA,NA,NA,NA
"1.28.1.52",1,"28","1","52",-16.5691406,-71.43892579,"1",NA,NA,NA,NA,NA,NA,NA,NA,NA,NA
"1.28.1.53",1,"28","1","53",-16.56892856,-71.43908399,"1",NA,NA,NA,NA,NA,NA,NA,NA,NA,NA
"1.28.1.54",1,"28","1","54",-16.56910319,-71.43939421,"1",NA,NA,NA,NA,NA,NA,NA,NA,NA,NA
"1.28.1.55",1,"28","1","55",-16.56895539,-71.43926627,"1",NA,NA,NA,NA,NA,NA,NA,NA,NA,NA
"1.28.1.56",1,"28","1","56",-16.56883822,-71.43921609,"1",NA,NA,NA,NA,NA,NA,NA,NA,NA,NA
"1.28.1.57",1,"28","1","57",-16.56875516,-71.43917778,"1",NA,NA,NA,NA,NA,NA,NA,NA,NA,NA
"1.28.1.58",1,"28","1","58",-16.56849682,-71.43915139,"1",NA,NA,NA,NA,NA,NA,NA,NA,NA,NA
"1.28.1.59",1,"28","1","59",-16.56848568,-71.43936796,"1",NA,NA,NA,NA,NA,NA,NA,NA,NA,NA
"1.28.1.6",1,"28","1","6",-16.56735278,-71.43794537,"1",NA,NA,NA,NA,NA,NA,NA,NA,NA,NA
"1.28.1.60",1,"28","1","60",-16.56829444,-71.43946612,"1",NA,NA,NA,NA,NA,NA,NA,NA,NA,NA
"1.28.1.61",1,"28","1","61",-16.56828681,-71.43957878,"1",NA,NA,NA,NA,NA,NA,NA,NA,NA,NA
"1.28.1.62",1,"28","1","62",-16.56833561,-71.43977208,"1",NA,NA,NA,NA,NA,NA,NA,NA,NA,NA
"1.28.1.63",1,"28","1","63",-16.56805567,-71.43980379,"1",NA,NA,NA,NA,NA,NA,NA,NA,NA,NA
"1.28.1.64",1,"28","1","64",-16.56793034,-71.43977482,"1",NA,NA,NA,NA,NA,NA,NA,NA,NA,NA
"1.28.1.65",1,"28","1","65",-16.56778656,-71.43972569,"1",NA,NA,NA,NA,NA,NA,NA,NA,NA,NA
"1.28.1.66",1,"28","1","66",-16.5675377,-71.43989356,"1",NA,NA,NA,NA,NA,NA,NA,NA,NA,NA
"1.28.1.67",1,"28","1","67",-16.56759783,-71.44003327,"1",NA,NA,NA,NA,NA,NA,NA,NA,NA,NA
"1.28.1.68",1,"28","1","68",-16.56780633,-71.43992721,"1",NA,NA,NA,NA,NA,NA,NA,NA,NA,NA
"1.28.1.69",1,"28","1","69",-16.56788372,-71.44012883,"1",NA,NA,NA,NA,NA,NA,NA,NA,NA,NA
"1.28.1.7",1,"28","1","7",-16.56754368,-71.43818544,"1",NA,NA,NA,NA,NA,NA,NA,NA,NA,NA
"1.28.1.70",1,"28","1","70",-16.56789899,-71.44066631,"1",NA,NA,NA,NA,NA,NA,NA,NA,NA,NA
"1.28.1.8",1,"28","1","8",-16.56736324,-71.43832308,"1",NA,NA,NA,NA,NA,NA,NA,NA,NA,NA
"1.28.1.9",1,"28","1","9",-16.56803227,-71.43849363,"1",NA,NA,NA,NA,NA,NA,NA,NA,NA,NA
"1.28.2.1",1,"28","2","1",-16.56400604,-71.45999047,"1",NA,NA,NA,NA,NA,NA,NA,NA,NA,NA
"1.28.2.10",1,"28","2","10",-16.56402575,-71.45936389,"3",NA,NA,NA,NA,NA,NA,NA,NA,NA,NA
"1.28.2.11",1,"28","2","11",-16.56373225,-71.4589071,"3",NA,NA,NA,NA,NA,NA,NA,NA,NA,NA
"1.28.2.12",1,"28","2","12",-16.56371893,-71.45870733,"3",NA,NA,NA,NA,NA,NA,NA,NA,NA,NA
"1.28.2.13",1,"28","2","13",-16.56373611,-71.45857266,"3",NA,NA,NA,NA,NA,NA,NA,NA,NA,NA
"1.28.2.14",1,"28","2","14",-16.56370246,-71.45809212,"4",NA,NA,NA,NA,NA,NA,NA,NA,NA,NA
"1.28.2.15",1,"28","2","15",-16.56365194,-71.45780833,"4",NA,NA,NA,NA,NA,NA,NA,NA,NA,NA
"1.28.2.16",1,"28","2","16",-16.56369708,-71.45763777,"4",NA,NA,NA,NA,NA,NA,NA,NA,NA,NA
"1.28.2.17",1,"28","2","17",-16.56356691,-71.45732283,"4",NA,NA,NA,NA,NA,NA,NA,NA,NA,NA
"1.28.2.18",1,"28","2","18",-16.564375,-71.45555169,"5",NA,NA,NA,NA,NA,NA,NA,NA,NA,NA
"1.28.2.19",1,"28","2","19",-16.56403889,-71.45659627,"6",NA,NA,NA,NA,NA,NA,NA,NA,NA,NA
"1.28.2.2",1,"28","2","2",-16.56370801,-71.45960373,"2",NA,NA,NA,NA,NA,NA,NA,NA,NA,NA
"1.28.2.20",1,"28","2","20",-16.56378986,-71.45694778,"6",NA,NA,NA,NA,NA,NA,NA,NA,NA,NA
"1.28.2.21",1,"28","2","21",-16.56376667,-71.45703687,"6",NA,NA,NA,NA,NA,NA,NA,NA,NA,NA
"1.28.2.22",1,"28","2","22",-16.56376988,-71.45726467,"6",NA,NA,NA,NA,NA,NA,NA,NA,NA,NA
"1.28.2.23",1,"28","2","23",-16.56390425,-71.45755833,"6",NA,NA,NA,NA,NA,NA,NA,NA,NA,NA
"1.28.2.24",1,"28","2","24",-16.56400556,-71.45718528,"6",NA,NA,NA,NA,NA,NA,NA,NA,NA,NA
"1.28.2.25",1,"28","2","25",-16.56417874,-71.45729523,"6",NA,NA,NA,NA,NA,NA,NA,NA,NA,NA
"1.28.2.26",1,"28","2","26",-16.56413173,-71.45746389,"6",NA,NA,NA,NA,NA,NA,NA,NA,NA,NA
"1.28.2.27",1,"28","2","27",-16.5641,-71.45772093,"6",NA,NA,NA,NA,NA,NA,NA,NA,NA,NA
"1.28.2.28",1,"28","2","28",-16.56402222,-71.45799133,"6",NA,NA,NA,NA,NA,NA,NA,NA,NA,NA
"1.28.2.29",1,"28","2","29",-16.56393611,-71.45789956,"6",NA,NA,NA,NA,NA,NA,NA,NA,NA,NA
"1.28.2.3",1,"28","2","3",-16.5634346,-71.45883531,"2",NA,NA,NA,NA,NA,NA,NA,NA,NA,NA
"1.28.2.30",1,"28","2","30",-16.56554376,-71.45401028,"7",NA,NA,NA,NA,NA,NA,NA,NA,NA,NA
"1.28.2.4",1,"28","2","4",-16.56354771,-71.45864548,"2",NA,NA,NA,NA,NA,NA,NA,NA,NA,NA
"1.28.2.5",1,"28","2","5",-16.56341023,-71.45844722,"2",NA,NA,NA,NA,NA,NA,NA,NA,NA,NA
"1.28.2.6",1,"28","2","6",-16.56356083,-71.45830556,"2",NA,NA,NA,NA,NA,NA,NA,NA,NA,NA
"1.28.2.7",1,"28","2","7",-16.56395437,-71.45835055,"3",NA,NA,NA,NA,NA,NA,NA,NA,NA,NA
"1.28.2.8",1,"28","2","8",-16.56401986,-71.45872222,"3",NA,NA,NA,NA,NA,NA,NA,NA,NA,NA
"1.28.2.9",1,"28","2","9",-16.56419398,-71.45897778,"3",NA,NA,NA,NA,NA,NA,NA,NA,NA,NA
"1.28.3.1",1,"28","3","1",-16.5694851,-71.45000833,"1","0","0","0",2,0,0,0,1,0,0
"1.28.3.1",1,"28","3","1",-16.5694851,-71.45000833,"1","0","0","0",1,0,0,0,1,0,0
"1.28.3.10",1,"28","3","10",-16.57071579,-71.44751011,"3","0","0","0",2,0,0,0,1,0,0
"1.28.3.10",1,"28","3","10",-16.57071579,-71.44751011,"3","0","0","0",1,0,0,0,1,0,0
"1.28.3.100",1,"28","3","100",-16.56988144,-71.45791074,"13","0","0","0",2,0,0,0,1,0,0
"1.28.3.100",1,"28","3","100",-16.56988144,-71.45791074,"13","0","0","0",1,0,0,0,1,0,0
"1.28.3.101",1,"28","3","101",-16.56898889,-71.45993408,"14","0","0","0",1,0,0,0,1,0,0
"1.28.3.101",1,"28","3","101",-16.56898889,-71.45993408,"14","0","0","0",2,0,0,0,1,0,0
"1.28.3.102",1,"28","3","102",-16.56898369,-71.45938534,"15","0","0","0",2,0,0,0,1,0,0
"1.28.3.102",1,"28","3","102",-16.56898369,-71.45938534,"15","0","0","0",1,0,0,0,1,0,0
"1.28.3.103",1,"28","3","103",-16.56920833,-71.45898042,"15","","0","10/13/09",2,1,0,0,0,0,0
"1.28.3.103",1,"28","3","103",-16.56920833,-71.45898042,"15","","0","05/18/09",2,1,0,0,0,0,0
"1.28.3.104",1,"28","3","104",-16.56963037,-71.45785108,"15","","0","10/13/09",2,1,0,0,0,0,0
"1.28.3.104",1,"28","3","104",-16.56963037,-71.45785108,"15","","0","05/19/09",2,1,0,0,0,0,0
"1.28.3.105",1,"28","3","105",-16.56967885,-71.45775174,"15","","0","05/25/09",2,1,0,0,0,0,0
"1.28.3.105",1,"28","3","105",-16.56967885,-71.45775174,"15","","0","10/12/2009",2,1,0,0,0,0,0
"1.28.3.106",1,"28","3","106",-16.56972446,-71.45769059,"15","","0","05/19/09",2,1,0,0,0,0,0
"1.28.3.106",1,"28","3","106",-16.56972446,-71.45769059,"15","","0","10/12/2009",2,1,0,0,0,0,0
"1.28.3.107",1,"28","3","107",-16.56977997,-71.45758607,"15","","0","05/25/09",2,1,0,0,0,0,0
"1.28.3.107",1,"28","3","107",-16.56977997,-71.45758607,"15","","0","10/12/2009",2,1,0,0,0,0,0
"1.28.3.108",1,"28","3","108",-16.56981736,-71.45743611,"15","","0","10/13/09",2,1,0,0,0,0,0
"1.28.3.108",1,"28","3","108",-16.56981736,-71.45743611,"15","","0","05/18/09",2,1,0,0,0,0,0
"1.28.3.109",1,"28","3","109",-16.56997583,-71.45711747,"15","","0","05/18/09",2,1,0,0,0,0,0
"1.28.3.109",1,"28","3","109",-16.56997583,-71.45711747,"15","","0","10/13/09",2,1,0,0,0,0,0
"1.28.3.11",1,"28","3","11",-16.57059715,-71.44618952,"3","","0","05/20/09",2,1,0,0,0,0,0
"1.28.3.11",1,"28","3","11",-16.57059715,-71.44618952,"3","","0","10/05/2009",2,1,0,0,0,0,0
"1.28.3.110",1,"28","3","110",-16.56927005,-71.45666412,"15","0","0","0",1,0,0,0,1,0,0
"1.28.3.110",1,"28","3","110",-16.56927005,-71.45666412,"15","0","0","0",2,0,0,0,1,0,0
"1.28.3.111",1,"28","3","111",-16.56942031,-71.45634722,"15","","0","05/18/09",2,1,0,0,0,0,0
"1.28.3.111",1,"28","3","111",-16.56942031,-71.45634722,"15","","0","10/13/09",2,1,0,0,0,0,0
"1.28.3.112",1,"28","3","112",-16.56956944,-71.45602491,"15","0","0","0",1,0,0,0,1,0,0
"1.28.3.112",1,"28","3","112",-16.56956944,-71.45602491,"15","0","0","0",2,0,0,0,1,0,0
"1.28.3.113",1,"28","3","113",-16.56985486,-71.45613859,"15","","0","10/07/2009",2,1,0,0,0,0,0
"1.28.3.113",1,"28","3","113",-16.56985486,-71.45613859,"15","0","0","0",1,0,0,0,1,0,0
"1.28.3.114",1,"28","3","114",-16.57025359,-71.45638478,"15","","0","05/22/09",2,1,0,0,0,0,0
"1.28.3.114",1,"28","3","114",-16.57025359,-71.45638478,"15","0","0","0",2,0,0,0,1,0,0
"1.28.3.115",1,"28","3","115",-16.57020746,-71.45650518,"15","","0","10/06/2009",2,1,0,0,0,0,0
"1.28.3.115",1,"28","3","115",-16.57020746,-71.45650518,"15","","0","05/22/09",2,1,0,0,0,0,0
"1.28.3.116",1,"28","3","116",-16.57016211,-71.45663747,"15","","0","10/13/09",2,1,0,0,0,0,0
"1.28.3.116",1,"28","3","116",-16.57016211,-71.45663747,"15","0","0","0",1,0,0,1,0,0,0
"1.28.3.117",1,"28","3","117",-16.57004364,-71.45692117,"15","","0","10/13/09",2,1,0,0,0,0,0
"1.28.3.117",1,"28","3","117",-16.57004364,-71.45692117,"15","0","0","0",1,0,0,0,1,0,0
"1.28.3.118",1,"28","3","118",-16.56942233,-71.4565708,"15","0","0","0",2,0,0,1,0,0,0
"1.28.3.118",1,"28","3","118",-16.56942233,-71.4565708,"15","","0","05/20/09",2,1,0,0,0,0,0
"1.28.3.119",1,"28","3","119",-16.56931804,-71.45605957,"16","","0","05/20/09",2,1,0,0,0,0,0
"1.28.3.119",1,"28","3","119",-16.56931804,-71.45605957,"16","","0","10/13/09",2,1,0,0,0,0,0
"1.28.3.12",1,"28","3","12",-16.56991002,-71.44604785,"3","0","0","0",1,0,0,0,1,0,0
"1.28.3.12",1,"28","3","12",-16.56991002,-71.44604785,"3","","0","10/13/09",2,1,0,0,0,0,0
"1.28.3.120",1,"28","3","120",-16.56938223,-71.45585753,"16","0","0","0",2,0,0,1,0,0,0
"1.28.3.120",1,"28","3","120",-16.56938223,-71.45585753,"16","","0","05/20/09",2,1,0,0,0,0,0
"1.28.3.121",1,"28","3","121",-16.56944966,-71.45567399,"17","0","0","0",1,0,0,0,1,0,0
"1.28.3.121",1,"28","3","121",-16.56944966,-71.45567399,"17","0","0","0",2,0,0,0,1,0,0
"1.28.3.122",1,"28","3","122",-16.5693507,-71.45547717,"17","0","0","0",2,0,0,0,1,0,0
"1.28.3.122",1,"28","3","122",-16.5693507,-71.45547717,"17","0","0","0",1,0,0,0,1,0,0
"1.28.3.123",1,"28","3","123",-16.5696,-71.45535757,"17","0","0","0",1,0,0,1,0,0,0
"1.28.3.123",1,"28","3","123",-16.5696,-71.45535757,"17","0","0","0",2,0,0,0,1,0,0
"1.28.3.124",1,"28","3","124",-16.56947355,-71.4552,"17","","0","10/07/2009",2,1,0,0,0,0,0
"1.28.3.124",1,"28","3","124",-16.56947355,-71.4552,"17","","0","05/21/09",2,1,0,0,0,0,0
"1.28.3.125",1,"28","3","125",-16.56966944,-71.45520129,"17","","0","05/25/09",2,1,0,0,0,0,0
"1.28.3.125",1,"28","3","125",-16.56966944,-71.45520129,"17","0","0","0",2,0,1,0,0,0,0
"1.28.3.126",1,"28","3","126",-16.56978346,-71.45467813,"18","","0","10/12/2009",2,1,0,0,0,0,0
"1.28.3.126",1,"28","3","126",-16.56978346,-71.45467813,"18","","0","05/19/09",2,1,0,0,0,0,0
"1.28.3.127",1,"28","3","127",-16.56985833,-71.45452161,"18","0","0","0",2,0,0,0,1,0,0
"1.28.3.127",1,"28","3","127",-16.56985833,-71.45452161,"18","0","0","0",1,0,0,0,1,0,0
"1.28.3.128",1,"28","3","128",-16.56992537,-71.45437924,"18","0","0","0",2,0,0,0,1,0,0
"1.28.3.128",1,"28","3","128",-16.56992537,-71.45437924,"18","0","0","0",1,0,0,0,1,0,0
"1.28.3.129",1,"28","3","129",-16.57002035,-71.45419733,"18","3","12","05/19/09",2,1,0,0,0,0,0
"1.28.3.129",1,"28","3","129",-16.57002035,-71.45419733,"18","0","0","0",2,0,0,0,1,0,0
"1.28.3.13",1,"28","3","13",-16.57071432,-71.4440706,"4","","0","10/05/2009",2,1,0,0,0,0,0
"1.28.3.13",1,"28","3","13",-16.57071432,-71.4440706,"4","0","0","0",1,0,0,0,1,0,0
"1.28.3.130",1,"28","3","130",-16.57009523,-71.45402778,"18","0","0","0",2,0,0,0,1,0,0
"1.28.3.130",1,"28","3","130",-16.57009523,-71.45402778,"18","","0","05/22/09",2,1,0,0,0,0,0
"1.28.3.131",1,"28","3","131",-16.56950805,-71.45371994,"18","0","0","0",2,0,0,0,1,0,0
"1.28.3.131",1,"28","3","131",-16.56950805,-71.45371994,"18","0","0","0",1,0,0,0,1,0,0
"1.28.3.132",1,"28","3","132",-16.56921131,-71.45365646,"19","0","0","0",1,0,0,0,1,0,0
"1.28.3.132",1,"28","3","132",-16.56921131,-71.45365646,"19","0","0","0",2,0,0,0,1,0,0
"1.28.3.133",1,"28","3","133",-16.56821441,-71.45318139,"19","","0","05/18/09",2,1,0,0,0,0,0
"1.28.3.133",1,"28","3","133",-16.56821441,-71.45318139,"19","","0","10/07/2009",2,1,0,0,0,0,0
"1.28.3.134",1,"28","3","134",-16.56931416,-71.45344654,"20","","0","05/19/09",2,1,0,0,0,0,0
"1.28.3.134",1,"28","3","134",-16.56931416,-71.45344654,"20","","0","10/06/2009",2,1,0,0,0,0,0
"1.28.3.135",1,"28","3","135",-16.56957222,-71.45327265,"21","","0","10/06/2009",2,1,0,0,0,0,0
"1.28.3.135",1,"28","3","135",-16.56957222,-71.45327265,"21","","0","05/19/09",2,1,0,0,0,0,0
"1.28.3.136",1,"28","3","136",-16.57006755,-71.45336738,"21","0","0","0",2,0,0,0,1,0,0
"1.28.3.136",1,"28","3","136",-16.57006755,-71.45336738,"21","0","0","0",1,0,0,0,1,0,0
"1.28.3.137",1,"28","3","137",-16.57037801,-71.4534897,"21","","0","05/19/09",2,1,0,0,0,0,0
"1.28.3.137",1,"28","3","137",-16.57037801,-71.4534897,"21","","0","10/12/2009",2,1,0,0,0,0,0
"1.28.3.138",1,"28","3","138",-16.57029167,-71.45366634,"21","0","0","0",2,0,0,0,1,0,0
"1.28.3.138",1,"28","3","138",-16.57029167,-71.45366634,"21","0","0","0",1,0,0,0,1,0,0
"1.28.3.139",1,"28","3","139",-16.57022913,-71.45385707,"21","0","0","0",1,0,0,0,1,0,0
"1.28.3.139",1,"28","3","139",-16.57022913,-71.45385707,"21","0","0","0",2,0,0,0,1,0,0
"1.28.3.14",1,"28","3","14",-16.57282136,-71.44537559,"5","0","0","0",2,0,0,1,0,0,0
"1.28.3.14",1,"28","3","14",-16.57282136,-71.44537559,"5","0","0","0",1,0,0,0,1,0,0
"1.28.3.140",1,"28","3","140",-16.56962629,-71.45269579,"20","0","0","0",1,0,0,0,1,0,0
"1.28.3.140",1,"28","3","140",-16.56962629,-71.45269579,"20","0","0","0",2,0,0,0,1,0,0
"1.28.3.141",1,"28","3","141",-16.56971873,-71.45249531,"2","","0","10/13/09",2,1,0,0,0,0,0
"1.28.3.141",1,"28","3","141",-16.56971873,-71.45249531,"2","","0","05/18/09",2,1,0,0,0,0,0
"1.28.3.142",1,"28","3","142",-16.5697936,-71.452775,"21","","0","10/12/2009",2,1,0,0,0,0,0
"1.28.3.142",1,"28","3","142",-16.5697936,-71.452775,"21","","0","05/18/09",2,1,0,0,0,0,0
"1.28.3.143",1,"28","3","143",-16.57052889,-71.45313663,"21","","0","10/14/09",2,1,0,0,0,0,0
"1.28.3.143",1,"28","3","143",-16.57052889,-71.45313663,"21","","0","05/18/09",2,1,0,0,0,0,0
"1.28.3.144",1,"28","3","144",-16.57062806,-71.45290128,"2","","0","05/18/09",2,1,0,0,0,0,0
"1.28.3.144",1,"28","3","144",-16.57062806,-71.45290128,"2","","0","10/07/2009",2,1,0,0,0,0,0
"1.28.3.145",1,"28","3","145",-16.57071995,-71.45272002,"2","0","0","0",2,0,0,1,0,0,0
"1.28.3.145",1,"28","3","145",-16.57071995,-71.45272002,"2","","0","05/18/09",2,1,0,0,0,0,0
"1.28.3.146",1,"28","3","146",-16.5709375,-71.45236115,"2","","0","05/18/09",2,1,0,0,0,0,0
"1.28.3.146",1,"28","3","146",-16.5709375,-71.45236115,"2","","0","10/07/2009",2,1,0,0,0,0,0
"1.28.3.147",1,"28","3","147",-16.57088115,-71.45217954,"2","0","0","0",2,0,0,1,0,0,0
"1.28.3.147",1,"28","3","147",-16.57088115,-71.45217954,"2","0","0","0",1,0,0,0,1,0,0
"1.28.3.148",1,"28","3","148",-16.57076033,-71.4520129,"2","0","0","0",1,0,0,0,1,0,0
"1.28.3.148",1,"28","3","148",-16.57076033,-71.4520129,"2","0","0","0",2,0,0,0,1,0,0
"1.28.3.149",1,"28","3","149",-16.57069928,-71.45172769,"2","0","0","0",1,0,0,0,1,0,0
"1.28.3.149",1,"28","3","149",-16.57069928,-71.45172769,"2","0","0","0",2,0,0,0,1,0,0
"1.28.3.15",1,"28","3","15",-16.57211028,-71.44887836,"5","0","0","0",2,0,0,1,0,0,0
"1.28.3.15",1,"28","3","15",-16.57211028,-71.44887836,"5","0","0","0",1,0,0,0,1,0,0
"1.28.3.150",1,"28","3","150",-16.57070234,-71.45157291,"2","0","0","0",2,0,0,0,1,0,0
"1.28.3.150",1,"28","3","150",-16.57070234,-71.45157291,"2","0","0","0",1,0,0,0,1,0,0
"1.28.3.151",1,"28","3","151",-16.57051102,-71.45097222,"2","0","0","0",1,0,0,0,1,0,0
"1.28.3.151",1,"28","3","151",-16.57051102,-71.45097222,"2","","0","10/12/2009",2,1,0,0,0,0,0
"1.28.3.152",1,"28","3","152",-16.57097893,-71.45183982,"22","0","0","0",1,0,0,0,1,0,0
"1.28.3.152",1,"28","3","152",-16.57097893,-71.45183982,"22","0","0","0",2,0,0,0,1,0,0
"1.28.3.153",1,"28","3","153",-16.57118042,-71.45225383,"22","0","0","0",2,0,0,0,1,0,0
"1.28.3.153",1,"28","3","153",-16.57118042,-71.45225383,"22","0","0","0",1,0,0,0,1,0,0
"1.28.3.154",1,"28","3","154",-16.57192069,-71.45097259,"23","0","0","0",1,0,0,0,1,0,0
"1.28.3.154",1,"28","3","154",-16.57192069,-71.45097259,"23","0","0","0",2,0,0,0,1,0,0
"1.28.3.155",1,"28","3","155",-16.57204796,-71.45100072,"23","0","0","0",2,0,0,0,1,0,0
"1.28.3.155",1,"28","3","155",-16.57204796,-71.45100072,"23","0","0","0",1,0,0,0,1,0,0
"1.28.3.156",1,"28","3","156",-16.5720437,-71.4511218,"23","","0","10/13/09",2,1,0,0,0,0,0
"1.28.3.156",1,"28","3","156",-16.5720437,-71.4511218,"23","","0","05/18/09",2,1,0,0,0,0,0
"1.28.3.157",1,"28","3","157",-16.57204118,-71.45120195,"23","","0","05/25/09",2,1,0,0,0,0,0
"1.28.3.157",1,"28","3","157",-16.57204118,-71.45120195,"23","","0","10/13/09",2,1,0,0,0,0,0
"1.28.3.158",1,"28","3","158",-16.57209057,-71.45138618,"23","0","0","0",1,0,0,0,1,0,0
"1.28.3.158",1,"28","3","158",-16.57209057,-71.45138618,"23","0","0","0",2,0,0,0,1,0,0
"1.28.3.159",1,"28","3","159",-16.57215883,-71.45157765,"23","0","0","0",1,0,0,0,1,0,0
"1.28.3.159",1,"28","3","159",-16.57215883,-71.45157765,"23","0","0","0",2,0,0,1,0,0,0
"1.28.3.16",1,"28","3","16",-16.5717803,-71.44858096,"5","0","0","0",2,0,0,0,1,0,0
"1.28.3.16",1,"28","3","16",-16.5717803,-71.44858096,"5","0","0","0",1,0,1,0,0,0,0
"1.28.3.160",1,"28","3","160",-16.5721354,-71.45179302,"23","0","0","0",2,0,0,0,1,0,0
"1.28.3.160",1,"28","3","160",-16.5721354,-71.45179302,"23","0","0","0",1,0,0,0,1,0,0
"1.28.3.161",1,"28","3","161",-16.57214444,-71.45199543,"23","0","0","0",1,0,0,0,1,0,0
"1.28.3.161",1,"28","3","161",-16.57214444,-71.45199543,"23","0","0","0",2,0,0,0,1,0,0
"1.28.3.162",1,"28","3","162",-16.57209282,-71.45214544,"23","","0","05/19/09",2,1,0,0,0,0,0
"1.28.3.162",1,"28","3","162",-16.57209282,-71.45214544,"23","0","0","0",2,0,0,0,1,0,0
"1.28.3.163",1,"28","3","163",-16.57204699,-71.45228943,"23","0","0","0",2,0,0,0,1,0,0
"1.28.3.163",1,"28","3","163",-16.57204699,-71.45228943,"23","0","0","0",1,0,0,1,0,0,0
"1.28.3.164",1,"28","3","164",-16.57189444,-71.45252197,"24","","0","10/12/2009",2,1,0,0,0,0,0
"1.28.3.164",1,"28","3","164",-16.57189444,-71.45252197,"24","","0","05/18/09",2,1,0,0,0,0,0
"1.28.3.165",1,"28","3","165",-16.5717604,-71.45284026,"24","0","0","0",2,0,0,1,0,0,0
"1.28.3.165",1,"28","3","165",-16.5717604,-71.45284026,"24","","0","05/21/09",2,1,0,0,0,0,0
"1.28.3.166",1,"28","3","166",-16.5715874,-71.4531472,"24","0","0","0",1,0,0,1,0,0,0
"1.28.3.166",1,"28","3","166",-16.5715874,-71.4531472,"24","","0","10/13/09",2,1,0,0,0,0,0
"1.28.3.167",1,"28","3","167",-16.57134722,-71.45275524,"24","0","0","0",1,0,0,1,0,0,0
"1.28.3.167",1,"28","3","167",-16.57134722,-71.45275524,"24","","0","10/13/09",2,1,0,0,0,0,0
"1.28.3.168",1,"28","3","168",-16.57124197,-71.45252778,"24","","0","10/12/2009",2,1,0,0,0,0,0
"1.28.3.168",1,"28","3","168",-16.57124197,-71.45252778,"24","","0","05/22/09",2,1,0,0,0,0,0
"1.28.3.169",1,"28","3","169",-16.57182222,-71.45224858,"24","0","0","0",2,0,0,0,1,0,0
"1.28.3.169",1,"28","3","169",-16.57182222,-71.45224858,"24","0","0","0",1,0,0,0,1,0,0
"1.28.3.17",1,"28","3","17",-16.57157666,-71.4484136,"5","0","0","0",1,0,0,0,1,0,0
"1.28.3.17",1,"28","3","17",-16.57157666,-71.4484136,"5","0","0","0",2,0,0,0,1,0,0
"1.28.3.170",1,"28","3","170",-16.57101342,-71.4526056,"25","0","0","0",2,0,0,0,1,0,0
"1.28.3.170",1,"28","3","170",-16.57101342,-71.4526056,"25","0","0","0",1,0,0,0,1,0,0
"1.28.3.171",1,"28","3","171",-16.57117222,-71.45292035,"25","0","0","0",1,0,0,0,1,0,0
"1.28.3.171",1,"28","3","171",-16.57117222,-71.45292035,"25","0","0","0",2,0,0,1,0,0,0
"1.28.3.172",1,"28","3","172",-16.57148056,-71.45354871,"25","0","0","0",2,0,0,0,1,0,0
"1.28.3.172",1,"28","3","172",-16.57148056,-71.45354871,"25","0","0","0",1,0,0,0,1,0,0
"1.28.3.173",1,"28","3","173",-16.57136773,-71.45380054,"25","","0","05/25/09",2,1,0,0,0,0,0
"1.28.3.173",1,"28","3","173",-16.57136773,-71.45380054,"25","0","0","0",2,0,0,0,1,0,0
"1.28.3.174",1,"28","3","174",-16.57131749,-71.45396389,"25","0","0","0",1,0,0,0,1,0,0
"1.28.3.174",1,"28","3","174",-16.57131749,-71.45396389,"25","0","0","0",2,0,0,0,1,0,0
"1.28.3.175",1,"28","3","175",-16.57075028,-71.45409452,"25","0","0","0",2,0,0,0,1,0,0
"1.28.3.175",1,"28","3","175",-16.57075028,-71.45409452,"25","0","0","0",1,0,0,0,1,0,0
"1.28.3.176",1,"28","3","176",-16.57048889,-71.45394458,"25","0","0","0",1,0,0,1,0,0,0
"1.28.3.176",1,"28","3","176",-16.57048889,-71.45394458,"25","0","0","0",2,0,1,0,0,0,0
"1.28.3.177",1,"28","3","177",-16.57058992,-71.45376667,"25","","0","10/13/09",2,1,0,0,0,0,0
"1.28.3.177",1,"28","3","177",-16.57058992,-71.45376667,"25","0","0","0",1,0,0,1,0,0,0
"1.28.3.178",1,"28","3","178",-16.57060097,-71.45353443,"25","0","0","0",2,0,0,1,0,0,0
"1.28.3.178",1,"28","3","178",-16.57060097,-71.45353443,"25","0","0","0",1,0,0,0,1,0,0
"1.28.3.179",1,"28","3","179",-16.57064328,-71.45342339,"25","","0","05/19/09",2,1,0,0,0,0,0
"1.28.3.179",1,"28","3","179",-16.57064328,-71.45342339,"25","0","0","0",2,0,0,1,0,0,0
"1.28.3.18",1,"28","3","18",-16.57147259,-71.44829321,"5","","0","05/25/09",2,1,0,0,0,0,0
"1.28.3.18",1,"28","3","18",-16.57147259,-71.44829321,"5","0","0","0",2,0,0,0,1,0,0
"1.28.3.180",1,"28","3","180",-16.57070122,-71.45329003,"25","","0","10/06/2009",2,1,0,0,0,0,0
"1.28.3.180",1,"28","3","180",-16.57070122,-71.45329003,"25","","0","05/21/09",2,1,0,0,0,0,0
"1.28.3.181",1,"28","3","181",-16.57035833,-71.45409863,"26","","0","10/06/2009",2,1,0,0,0,0,0
"1.28.3.181",1,"28","3","181",-16.57035833,-71.45409863,"26","","0","05/21/09",2,1,0,0,0,0,0
"1.28.3.182",1,"28","3","182",-16.57068727,-71.45424887,"26","0","0","0",1,0,0,0,1,0,0
"1.28.3.182",1,"28","3","182",-16.57068727,-71.45424887,"26","0","0","0",2,0,0,0,1,0,0
"1.28.3.183",1,"28","3","183",-16.57110177,-71.45444388,"26","0","0","0",2,0,0,0,1,0,0
"1.28.3.183",1,"28","3","183",-16.57110177,-71.45444388,"26","0","0","0",1,0,0,0,1,0,0
"1.28.3.184",1,"28","3","184",-16.57105343,-71.45449335,"26","0","0","0",1,0,0,0,1,0,0
"1.28.3.184",1,"28","3","184",-16.57105343,-71.45449335,"26","0","0","0",2,0,0,0,1,0,0
"1.28.3.185",1,"28","3","185",-16.57099958,-71.45461944,"26","0","0","0",1,0,0,0,1,0,0
"1.28.3.185",1,"28","3","185",-16.57099958,-71.45461944,"26","0","0","0",2,0,0,0,1,0,0
"1.28.3.186",1,"28","3","186",-16.57093276,-71.45467778,"26","","0","10/07/2009",2,1,0,0,0,0,0
"1.28.3.186",1,"28","3","186",-16.57093276,-71.45467778,"26","","0","05/19/09",2,1,0,0,0,0,0
"1.28.3.187",1,"28","3","187",-16.57040932,-71.45432888,"26","0","0","0",2,0,1,0,0,0,0
"1.28.3.187",1,"28","3","187",-16.57040932,-71.45432888,"26","","0","05/25/09",2,1,0,0,0,0,0
"1.28.3.188",1,"28","3","188",-16.57012212,-71.45469167,"27","0","0","0",1,0,1,0,0,0,0
"1.28.3.188",1,"28","3","188",-16.57012212,-71.45469167,"27","0","0","0",2,0,1,0,0,0,0
"1.28.3.189",1,"28","3","189",-16.56999417,-71.4550377,"28","0","0","0",2,0,0,1,0,0,0
"1.28.3.189",1,"28","3","189",-16.56999417,-71.4550377,"28","0","0","0",1,0,0,0,1,0,0
"1.28.3.19",1,"28","3","19",-16.5712099,-71.44806616,"5","0","0","0",1,0,0,1,0,0,0
"1.28.3.19",1,"28","3","19",-16.5712099,-71.44806616,"5","","0","10/05/2009",2,1,0,0,0,0,0
"1.28.3.190",1,"28","3","190",-16.56993934,-71.45515582,"28","","0","10/07/2009",2,1,0,0,0,0,0
"1.28.3.190",1,"28","3","190",-16.56993934,-71.45515582,"28","","0","05/21/09",2,1,0,0,0,0,0
"1.28.3.191",1,"28","3","191",-16.56983733,-71.45547222,"28","","0","05/21/09",2,1,0,0,0,0,0
"1.28.3.191",1,"28","3","191",-16.56983733,-71.45547222,"28","","0","10/05/2009",2,1,0,0,0,0,0
"1.28.3.192",1,"28","3","192",-16.56977928,-71.45566583,"28","","0","10/13/09",2,1,0,0,0,0,0
"1.28.3.192",1,"28","3","192",-16.56977928,-71.45566583,"28","","0","05/21/09",2,1,0,0,0,0,0
"1.28.3.193",1,"28","3","193",-16.56999444,-71.45592174,"28","","0","05/21/09",2,1,0,0,0,0,0
"1.28.3.193",1,"28","3","193",-16.56999444,-71.45592174,"28","","0","10/05/2009",2,1,0,0,0,0,0
"1.28.3.194",1,"28","3","194",-16.57034484,-71.45612815,"28","","0","05/20/09",2,1,0,0,0,0,0
"1.28.3.194",1,"28","3","194",-16.57034484,-71.45612815,"28","","0","10/05/2009",2,1,0,0,0,0,0
"1.28.3.195",1,"28","3","195",-16.5703885,-71.45603351,"28","0","0","0",2,0,0,0,1,0,0
"1.28.3.195",1,"28","3","195",-16.5703885,-71.45603351,"28","0","0","0",1,0,0,0,1,0,0
"1.28.3.196",1,"28","3","196",-16.57048333,-71.45577963,"28","0","0","0",2,0,0,0,1,0,0
"1.28.3.196",1,"28","3","196",-16.57048333,-71.45577963,"28","0","0","0",1,0,0,0,1,0,0
"1.28.3.197",1,"28","3","197",-16.57056088,-71.45554961,"28","0","0","0",1,0,0,0,1,0,0
"1.28.3.197",1,"28","3","197",-16.57056088,-71.45554961,"28","0","0","0",2,0,0,0,1,0,0
"1.28.3.198",1,"28","3","198",-16.57061701,-71.4554126,"28","0","0","0",2,0,0,1,0,0,0
"1.28.3.198",1,"28","3","198",-16.57061701,-71.4554126,"28","0","0","0",1,0,0,0,1,0,0
"1.28.3.2",1,"28","3","2",-16.56815937,-71.45183967,"2","0","0","0",1,0,0,0,1,0,0
"1.28.3.2",1,"28","3","2",-16.56815937,-71.45183967,"2","0","0","0",2,0,0,0,1,0,0
"1.28.3.20",1,"28","3","20",-16.57118755,-71.44787357,"5","0","0","0",2,0,0,0,1,0,0
"1.28.3.20",1,"28","3","20",-16.57118755,-71.44787357,"5","0","0","0",1,0,0,0,1,0,0
"1.28.3.21",1,"28","3","21",-16.57102821,-71.44760851,"5","","0","10/05/2009",2,1,0,0,0,0,0
"1.28.3.21",1,"28","3","21",-16.57102821,-71.44760851,"5","0","0","0",1,0,0,0,1,0,0
"1.28.3.22",1,"28","3","22",-16.57166389,-71.44872673,"6","0","0","0",1,0,0,0,1,0,0
"1.28.3.22",1,"28","3","22",-16.57166389,-71.44872673,"6","0","0","0",2,0,0,0,1,0,0
"1.28.3.23",1,"28","3","23",-16.57218119,-71.44915414,"6","0","0","0",1,0,0,0,1,0,0
"1.28.3.23",1,"28","3","23",-16.57218119,-71.44915414,"6","0","0","0",2,0,0,0,1,0,0
"1.28.3.24",1,"28","3","24",-16.57239412,-71.44956521,"6","0","0","0",2,0,0,1,0,0,0
"1.28.3.24",1,"28","3","24",-16.57239412,-71.44956521,"6","0","0","0",1,0,0,0,1,0,0
"1.28.3.25",1,"28","3","25",-16.5723857,-71.44980833,"6","0","0","0",2,0,0,0,1,0,0
"1.28.3.25",1,"28","3","25",-16.5723857,-71.44980833,"6","0","0","0",1,0,1,0,0,0,0
"1.28.3.26",1,"28","3","26",-16.57235803,-71.45006884,"6","","0","10/05/2009",2,1,0,0,0,0,0
"1.28.3.26",1,"28","3","26",-16.57235803,-71.45006884,"6","","0","05/22/09",2,1,0,0,0,0,0
"1.28.3.27",1,"28","3","27",-16.57228883,-71.45019276,"6","0","0","0",2,0,0,0,0,1,0
"1.28.3.27",1,"28","3","27",-16.57228883,-71.45019276,"6","","0","05/22/09",2,1,0,0,0,0,0
"1.28.3.28",1,"28","3","28",-16.57220414,-71.45024524,"6","0","0","0",2,0,0,1,0,0,0
"1.28.3.28",1,"28","3","28",-16.57220414,-71.45024524,"6","0","0","0",1,0,0,0,1,0,0
"1.28.3.29",1,"28","3","29",-16.57222477,-71.45033655,"6","","0","10/05/2009",2,1,0,0,0,0,0
"1.28.3.29",1,"28","3","29",-16.57222477,-71.45033655,"6","","0","05/22/09",2,1,0,0,0,0,0
"1.28.3.3",1,"28","3","3",-16.56835961,-71.45156997,"2","0","0","0",1,0,0,0,1,0,0
"1.28.3.3",1,"28","3","3",-16.56835961,-71.45156997,"2","0","0","0",2,0,0,0,1,0,0
"1.28.3.30",1,"28","3","30",-16.57215082,-71.45045547,"6","","0","05/22/09",2,1,0,0,0,0,0
"1.28.3.30",1,"28","3","30",-16.57215082,-71.45045547,"6","","0","10/05/2009",2,1,0,0,0,0,0
"1.28.3.31",1,"28","3","31",-16.57207343,-71.45057351,"6","0","0","0",2,0,0,1,0,0,0
"1.28.3.31",1,"28","3","31",-16.57207343,-71.45057351,"6","0","0","0",1,0,0,0,1,0,0
"1.28.3.32",1,"28","3","32",-16.57165848,-71.45041488,"7","0","0","0",1,0,0,0,0,1,0
"1.28.3.32",1,"28","3","32",-16.57165848,-71.45041488,"7","0","0","0",2,0,0,0,0,1,0
"1.28.3.33",1,"28","3","33",-16.57321805,-71.44918888,"8","0","0","0",2,0,0,0,1,0,0
"1.28.3.33",1,"28","3","33",-16.57321805,-71.44918888,"8","","0","05/21/09",2,1,0,0,0,0,0
"1.28.3.34",1,"28","3","34",-16.57331342,-71.44907009,"8","0","0","0",2,0,0,0,1,0,0
"1.28.3.34",1,"28","3","34",-16.57331342,-71.44907009,"8","","0","05/21/09",2,1,0,0,0,0,0
"1.28.3.35",1,"28","3","35",-16.57337473,-71.44897305,"8","","0","10/05/2009",2,1,0,0,0,0,0
"1.28.3.35",1,"28","3","35",-16.57337473,-71.44897305,"8","","0","05/20/09",2,1,0,0,0,0,0
"1.28.3.36",1,"28","3","36",-16.57344354,-71.44890516,"8","0","0","0",2,0,1,0,0,0,0
"1.28.3.36",1,"28","3","36",-16.57344354,-71.44890516,"8","0","0","0",1,0,0,0,1,0,0
"1.28.3.37",1,"28","3","37",-16.57350831,-71.44887589,"8","0","0","0",2,0,0,1,0,0,0
"1.28.3.37",1,"28","3","37",-16.57350831,-71.44887589,"8","0","0","0",1,0,0,0,1,0,0
"1.28.3.38",1,"28","3","38",-16.57358161,-71.44881843,"8","0","0","0",2,0,0,0,0,1,0
"1.28.3.38",1,"28","3","38",-16.57358161,-71.44881843,"8","0","0","0",1,0,0,0,1,0,0
"1.28.3.39",1,"28","3","39",-16.57366961,-71.44873961,"8","0","0","0",2,0,0,0,0,1,0
"1.28.3.39",1,"28","3","39",-16.57366961,-71.44873961,"8","0","0","0",1,0,0,0,1,0,0
"1.28.3.4",1,"28","3","4",-16.56973462,-71.45020549,"2","0","0","0",2,0,0,0,1,0,0
"1.28.3.4",1,"28","3","4",-16.56973462,-71.45020549,"2","0","0","0",1,0,0,0,1,0,0
"1.28.3.40",1,"28","3","40",-16.5737372,-71.44866086,"8","0","0","0",1,0,0,0,1,0,0
"1.28.3.40",1,"28","3","40",-16.5737372,-71.44866086,"8","0","0","0",2,0,0,1,0,0,0
"1.28.3.41",1,"28","3","41",-16.57404381,-71.44838639,"8","","0","05/22/09",2,1,0,0,0,0,0
"1.28.3.41",1,"28","3","41",-16.57404381,-71.44838639,"8","","0","10/12/2009",2,1,0,0,0,0,0
"1.28.3.42",1,"28","3","42",-16.57459523,-71.44789282,"8","","0","10/06/2009",2,1,0,0,0,0,0
"1.28.3.42",1,"28","3","42",-16.57459523,-71.44789282,"8","","0","05/21/09",2,1,0,0,0,0,0
"1.28.3.43",1,"28","3","43",-16.5734523,-71.44945278,"9","","0","10/06/2009",2,1,0,0,0,0,0
"1.28.3.43",1,"28","3","43",-16.5734523,-71.44945278,"9","0","0","0",1,0,0,1,0,0,0
"1.28.3.44",1,"28","3","44",-16.57342767,-71.45026919,"9","","0","05/21/09",2,1,0,0,0,0,0
"1.28.3.44",1,"28","3","44",-16.57342767,-71.45026919,"9","","0","10/06/2009",2,1,0,0,0,0,0
"1.28.3.45",1,"28","3","45",-16.57284903,-71.45036111,"9","","0","05/21/09",2,1,0,0,0,0,0
"1.28.3.45",1,"28","3","45",-16.57284903,-71.45036111,"9","","0","10/05/2009",2,1,0,0,0,0,0
"1.28.3.46",1,"28","3","46",-16.57263333,-71.45020222,"9","0","0","0",2,0,0,0,0,1,0
"1.28.3.46",1,"28","3","46",-16.57263333,-71.45020222,"9","0","0","0",1,0,0,0,0,1,0
"1.28.3.47",1,"28","3","47",-16.57286903,-71.4501178,"9","0","0","0",2,0,0,0,1,0,0
"1.28.3.47",1,"28","3","47",-16.57286903,-71.4501178,"9","0","0","0",1,0,0,0,0,1,0
"1.28.3.48",1,"28","3","48",-16.57298094,-71.44989499,"9","","0","10/06/2009",2,1,0,0,0,0,0
"1.28.3.48",1,"28","3","48",-16.57298094,-71.44989499,"9","","0","05/21/09",2,1,0,0,0,0,0
"1.28.3.49",1,"28","3","49",-16.57253843,-71.45043706,"10","0","0","0",1,0,0,0,1,0,0
"1.28.3.49",1,"28","3","49",-16.57253843,-71.45043706,"10","0","0","0",2,0,0,1,0,0,0
"1.28.3.5",1,"28","3","5",-16.56962392,-71.44980193,"3","0","0","0",1,0,0,1,0,0,0
"1.28.3.5",1,"28","3","5",-16.56962392,-71.44980193,"3","0","0","0",2,0,1,0,0,0,0
"1.28.3.50",1,"28","3","50",-16.57228683,-71.45089196,"10","0","0","0",2,0,0,1,0,0,0
"1.28.3.50",1,"28","3","50",-16.57228683,-71.45089196,"10","","0","05/25/09",2,1,0,0,0,0,0
"1.28.3.51",1,"28","3","51",-16.5722899,-71.45117565,"10","","0","05/20/09",2,1,0,0,0,0,0
"1.28.3.51",1,"28","3","51",-16.5722899,-71.45117565,"10","0","0","0",2,0,0,1,0,0,0
"1.28.3.52",1,"28","3","52",-16.57238245,-71.45150708,"10","0","0","0",2,0,0,1,0,0,0
"1.28.3.52",1,"28","3","52",-16.57238245,-71.45150708,"10","","0","05/20/09",2,1,0,0,0,0,0
"1.28.3.53",1,"28","3","53",-16.5723769,-71.45169674,"10","","0","10/13/09",2,1,0,0,0,0,0
"1.28.3.53",1,"28","3","53",-16.5723769,-71.45169674,"10","","0","05/22/09",2,1,0,0,0,0,0
"1.28.3.54",1,"28","3","54",-16.57247816,-71.45190054,"10","","0","10/13/09",2,1,0,0,0,0,0
"1.28.3.54",1,"28","3","54",-16.57247816,-71.45190054,"10","","0","05/20/09",2,1,0,0,0,0,0
"1.28.3.55",1,"28","3","55",-16.57238715,-71.45203889,"10","","0","10/13/09",2,1,0,0,0,0,0
"1.28.3.55",1,"28","3","55",-16.57238715,-71.45203889,"10","","0","05/21/09",2,1,0,0,0,0,0
"1.28.3.56",1,"28","3","56",-16.57236426,-71.45213005,"10","","0","05/19/09",2,1,0,0,0,0,0
"1.28.3.56",1,"28","3","56",-16.57236426,-71.45213005,"10","","0","10/07/2009",2,1,0,0,0,0,0
"1.28.3.57",1,"28","3","57",-16.57230133,-71.4522727,"10","","0","10/13/09",2,1,0,0,0,0,0
"1.28.3.57",1,"28","3","57",-16.57230133,-71.4522727,"10","","0","05/19/09",2,1,0,0,0,0,0
"1.28.3.58",1,"28","3","58",-16.57293675,-71.4528172,"10","","0","05/20/09",2,1,0,0,0,0,0
"1.28.3.58",1,"28","3","58",-16.57293675,-71.4528172,"10","","0","10/06/2009",2,1,0,0,0,0,0
"1.28.3.59",1,"28","3","59",-16.57221111,-71.45238767,"10","0","0","0",1,0,0,1,0,0,0
"1.28.3.59",1,"28","3","59",-16.57221111,-71.45238767,"10","0","0","0",2,0,0,1,0,0,0
"1.28.3.6",1,"28","3","6",-16.56971452,-71.44972506,"3","0","0","0",2,0,1,0,0,0,0
"1.28.3.6",1,"28","3","6",-16.56971452,-71.44972506,"3","0","0","0",1,0,0,1,0,0,0
"1.28.3.60",1,"28","3","60",-16.57218175,-71.45250577,"10","","0","10/06/2009",2,1,0,0,0,0,0
"1.28.3.60",1,"28","3","60",-16.57218175,-71.45250577,"10","","0","05/21/09",2,1,0,0,0,0,0
"1.28.3.61",1,"28","3","61",-16.57217281,-71.4525992,"10","0","0","0",1,0,0,0,1,0,0
"1.28.3.61",1,"28","3","61",-16.57217281,-71.4525992,"10","0","0","0",2,0,0,1,0,0,0
"1.28.3.62",1,"28","3","62",-16.57212183,-71.45268594,"10","","0","05/22/09",2,1,0,0,0,0,0
"1.28.3.62",1,"28","3","62",-16.57212183,-71.45268594,"10","0","0","0",2,0,0,1,0,0,0
"1.28.3.63",1,"28","3","63",-16.57199827,-71.45294784,"10","","0","05/21/09",2,1,0,0,0,0,0
"1.28.3.63",1,"28","3","63",-16.57199827,-71.45294784,"10","0","0","0",2,0,0,1,0,0,0
"1.28.3.64",1,"28","3","64",-16.57190833,-71.45305024,"10","0","0","0",1,0,0,0,1,0,0
"1.28.3.64",1,"28","3","64",-16.57190833,-71.45305024,"10","0","0","0",2,0,0,0,1,0,0
"1.28.3.65",1,"28","3","65",-16.57192551,-71.45314091,"10","0","0","0",1,0,0,0,1,0,0
"1.28.3.65",1,"28","3","65",-16.57192551,-71.45314091,"10","0","0","0",2,0,0,0,1,0,0
"1.28.3.66",1,"28","3","66",-16.57180278,-71.45333941,"10","","0","10/06/2009",2,1,0,0,0,0,0
"1.28.3.66",1,"28","3","66",-16.57180278,-71.45333941,"10","","0","05/21/09",2,1,0,0,0,0,0
"1.28.3.67",1,"28","3","67",-16.57174076,-71.45349254,"10","","0","10/06/2009",2,1,0,0,0,0,0
"1.28.3.67",1,"28","3","67",-16.57174076,-71.45349254,"10","0","0","0",1,0,0,0,1,0,0
"1.28.3.68",1,"28","3","68",-16.5720243,-71.45367662,"10","0","0","0",2,0,0,0,1,0,0
"1.28.3.68",1,"28","3","68",-16.5720243,-71.45367662,"10","0","0","0",1,0,0,0,1,0,0
"1.28.3.69",1,"28","3","69",-16.57281066,-71.45353637,"10","","0","05/20/09",2,1,0,0,0,0,0
"1.28.3.69",1,"28","3","69",-16.57281066,-71.45353637,"10","","0","10/07/2009",2,1,0,0,0,0,0
"1.28.3.7",1,"28","3","7",-16.56979498,-71.44962778,"3","","0","05/20/09",2,1,0,0,0,0,0
"1.28.3.7",1,"28","3","7",-16.56979498,-71.44962778,"3","","0","10/05/2009",2,1,0,0,0,0,0
"1.28.3.70",1,"28","3","70",-16.57275715,-71.45369444,"10","0","0","0",1,0,0,0,1,0,0
"1.28.3.70",1,"28","3","70",-16.57275715,-71.45369444,"10","0","0","0",2,0,0,0,1,0,0
"1.28.3.71",1,"28","3","71",-16.57259431,-71.45392181,"10","0","0","0",2,0,0,0,1,0,0
"1.28.3.71",1,"28","3","71",-16.57259431,-71.45392181,"10","0","0","0",1,0,0,0,1,0,0
"1.28.3.72",1,"28","3","72",-16.57251467,-71.45418524,"10","0","0","0",2,0,0,0,1,0,0
"1.28.3.72",1,"28","3","72",-16.57251467,-71.45418524,"10","","0","05/25/09",2,1,0,0,0,0,0
"1.28.3.73",1,"28","3","73",-16.57209003,-71.45395482,"10","0","0","0",2,0,0,0,1,0,0
"1.28.3.73",1,"28","3","73",-16.57209003,-71.45395482,"10","","0","05/25/09",2,1,0,0,0,0,0
"1.28.3.74",1,"28","3","74",-16.57206152,-71.45385803,"10","0","0","0",2,0,0,0,1,0,0
"1.28.3.74",1,"28","3","74",-16.57206152,-71.45385803,"10","0","0","0",1,0,0,0,1,0,0
"1.28.3.75",1,"28","3","75",-16.57168344,-71.45362268,"10","","0","05/21/09",2,1,0,0,0,0,0
"1.28.3.75",1,"28","3","75",-16.57168344,-71.45362268,"10","","0","10/06/2009",2,1,0,0,0,0,0
"1.28.3.76",1,"28","3","76",-16.57161845,-71.45374541,"10","0","0","0",2,0,1,0,0,0,0
"1.28.3.76",1,"28","3","76",-16.57161845,-71.45374541,"10","0","0","0",1,0,0,1,0,0,0
"1.28.3.77",1,"28","3","77",-16.57168016,-71.45392921,"10","0","0","0",2,0,0,0,1,0,0
"1.28.3.77",1,"28","3","77",-16.57168016,-71.45392921,"10","0","0","0",1,0,0,1,0,0,0
"1.28.3.78",1,"28","3","78",-16.57154707,-71.45395993,"10","","0","10/13/09",2,1,0,0,0,0,0
"1.28.3.78",1,"28","3","78",-16.57154707,-71.45395993,"10","","0","05/25/09",2,1,0,0,0,0,0
"1.28.3.79",1,"28","3","79",-16.57150376,-71.45401978,"10","","0","10/12/2009",2,1,0,0,0,0,0
"1.28.3.79",1,"28","3","79",-16.57150376,-71.45401978,"10","","0","05/22/09",2,1,0,0,0,0,0
"1.28.3.8",1,"28","3","8",-16.57100278,-71.44807209,"3","","0","05/20/09",2,1,0,0,0,0,0
"1.28.3.8",1,"28","3","8",-16.57100278,-71.44807209,"3","","0","10/05/2009",2,1,0,0,0,0,0
"1.28.3.80",1,"28","3","80",-16.57145867,-71.45410524,"10","","0","05/21/09",2,1,0,0,0,0,0
"1.28.3.80",1,"28","3","80",-16.57145867,-71.45410524,"10","","0","10/06/2009",2,1,0,0,0,0,0
"1.28.3.81",1,"28","3","81",-16.57143796,-71.45418611,"10","","0","10/06/2009",2,1,0,0,0,0,0
"1.28.3.81",1,"28","3","81",-16.57143796,-71.45418611,"10","","0","05/21/09",2,1,0,0,0,0,0
"1.28.3.82",1,"28","3","82",-16.57140278,-71.45427922,"10","","0","10/13/09",2,1,0,0,0,0,0
"1.28.3.82",1,"28","3","82",-16.57140278,-71.45427922,"10","","0","05/19/09",2,1,0,0,0,0,0
"1.28.3.83",1,"28","3","83",-16.57137294,-71.45437034,"10","0","0","0",1,0,0,0,1,0,0
"1.28.3.83",1,"28","3","83",-16.57137294,-71.45437034,"10","0","0","0",2,0,0,0,1,0,0
"1.28.3.84",1,"28","3","84",-16.57132301,-71.45448056,"10","0","0","0",2,0,0,0,1,0,0
"1.28.3.84",1,"28","3","84",-16.57132301,-71.45448056,"10","","0","05/19/09",2,1,0,0,0,0,0
"1.28.3.85",1,"28","3","85",-16.5712507,-71.45463583,"10","","0","05/19/09",2,1,0,0,0,0,0
"1.28.3.85",1,"28","3","85",-16.5712507,-71.45463583,"10","0","0","0",2,0,0,0,1,0,0
"1.28.3.86",1,"28","3","86",-16.57118972,-71.45479237,"10","","0","05/25/09",2,1,0,0,0,0,0
"1.28.3.86",1,"28","3","86",-16.57118972,-71.45479237,"10","0","0","0",2,0,0,0,1,0,0
"1.28.3.87",1,"28","3","87",-16.57168299,-71.45527417,"10","0","0","0",1,0,0,0,1,0,0
"1.28.3.87",1,"28","3","87",-16.57168299,-71.45527417,"10","0","0","0",2,0,0,0,1,0,0
"1.28.3.88",1,"28","3","88",-16.57112709,-71.45489717,"10","","0","05/25/09",2,1,0,0,0,0,0
"1.28.3.88",1,"28","3","88",-16.57112709,-71.45489717,"10","0","0","0",2,0,0,0,1,0,0
"1.28.3.89",1,"28","3","89",-16.57109328,-71.45499642,"10","0","0","0",2,0,0,0,1,0,0
"1.28.3.89",1,"28","3","89",-16.57109328,-71.45499642,"10","","0","05/25/09",2,1,0,0,0,0,0
"1.28.3.9",1,"28","3","9",-16.57068056,-71.44766325,"3","0","0","0",1,0,0,0,1,0,0
"1.28.3.9",1,"28","3","9",-16.57068056,-71.44766325,"3","0","0","0",2,0,0,0,1,0,0
"1.28.3.90",1,"28","3","90",-16.57102643,-71.45516944,"10","0","0","0",1,0,0,0,1,0,0
"1.28.3.90",1,"28","3","90",-16.57102643,-71.45516944,"10","0","0","0",2,0,0,0,1,0,0
"1.28.3.91",1,"28","3","91",-16.57094833,-71.45532754,"10","","0","05/19/09",2,1,0,0,0,0,0
"1.28.3.91",1,"28","3","91",-16.57094833,-71.45532754,"10","","0","10/07/2009",2,1,0,0,0,0,0
"1.28.3.92",1,"28","3","92",-16.57092169,-71.45554211,"11","","0","10/14/09",2,1,0,0,0,0,0
"1.28.3.92",1,"28","3","92",-16.57092169,-71.45554211,"11","","0","05/19/09",2,1,0,0,0,0,0
"1.28.3.93",1,"28","3","93",-16.57082616,-71.45560833,"11","","0","05/19/09",2,1,0,0,0,0,0
"1.28.3.93",1,"28","3","93",-16.57082616,-71.45560833,"11","","0","10/07/2009",2,1,0,0,0,0,0
"1.28.3.94",1,"28","3","94",-16.5707823,-71.45579362,"11","","0","05/18/09",2,1,0,0,0,0,0
"1.28.3.94",1,"28","3","94",-16.5707823,-71.45579362,"11","0","0","0",2,0,0,1,0,0,0
"1.28.3.95",1,"28","3","95",-16.57045395,-71.45657676,"12","0","0","0",1,0,0,0,1,0,0
"1.28.3.95",1,"28","3","95",-16.57045395,-71.45657676,"12","0","0","0",2,0,0,0,1,0,0
"1.28.3.96",1,"28","3","96",-16.5703736,-71.45671927,"12","0","0","0",2,0,0,0,1,0,0
"1.28.3.96",1,"28","3","96",-16.5703736,-71.45671927,"12","0","0","0",1,0,0,0,1,0,0
"1.28.3.97",1,"28","3","97",-16.57020544,-71.45717084,"12","0","0","0",1,0,0,0,1,0,0
"1.28.3.97",1,"28","3","97",-16.57020544,-71.45717084,"12","0","0","0",2,0,0,0,0,1,0
"1.28.3.98",1,"28","3","98",-16.57008141,-71.45756277,"13","0","0","0",1,0,0,1,0,0,0
"1.28.3.98",1,"28","3","98",-16.57008141,-71.45756277,"13","0","0","0",2,0,1,0,0,0,0
"1.28.3.99",1,"28","3","99",-16.5700402,-71.45773754,"13","0","0","0",2,0,0,0,1,0,0
"1.28.3.99",1,"28","3","99",-16.5700402,-71.45773754,"13","0","0","0",1,0,0,0,1,0,0
"1.28.4.1",1,"28","4","1",-16.56082933,-71.46947266,"1",NA,NA,NA,NA,NA,NA,NA,NA,NA,NA
"1.28.4.10",1,"28","4","10",-16.56082778,-71.47095608,"1",NA,NA,NA,NA,NA,NA,NA,NA,NA,NA
"1.28.4.11",1,"28","4","11",-16.56077235,-71.47104668,"1",NA,NA,NA,NA,NA,NA,NA,NA,NA,NA
"1.28.4.12",1,"28","4","12",-16.56071406,-71.47111069,"1",NA,NA,NA,NA,NA,NA,NA,NA,NA,NA
"1.28.4.13",1,"28","4","13",-16.56065861,-71.47116022,"1",NA,NA,NA,NA,NA,NA,NA,NA,NA,NA
"1.28.4.14",1,"28","4","14",-16.56059249,-71.47124444,"1",NA,NA,NA,NA,NA,NA,NA,NA,NA,NA
"1.28.4.15",1,"28","4","15",-16.56052232,-71.47140556,"1",NA,NA,NA,NA,NA,NA,NA,NA,NA,NA
"1.28.4.16",1,"28","4","16",-16.5604073,-71.4714475,"1",NA,NA,NA,NA,NA,NA,NA,NA,NA,NA
"1.28.4.17",1,"28","4","17",-16.56038824,-71.47156108,"1",NA,NA,NA,NA,NA,NA,NA,NA,NA,NA
"1.28.4.18",1,"28","4","18",-16.55989485,-71.4719603,"1",NA,NA,NA,NA,NA,NA,NA,NA,NA,NA
"1.28.4.19",1,"28","4","19",-16.55980034,-71.47201299,"1",NA,NA,NA,NA,NA,NA,NA,NA,NA,NA
"1.28.4.2",1,"28","4","2",-16.56091238,-71.46955562,"1",NA,NA,NA,NA,NA,NA,NA,NA,NA,NA
"1.28.4.20",1,"28","4","20",-16.55972086,-71.47207924,"1",NA,NA,NA,NA,NA,NA,NA,NA,NA,NA
"1.28.4.21",1,"28","4","21",-16.55965798,-71.47211797,"1",NA,NA,NA,NA,NA,NA,NA,NA,NA,NA
"1.28.4.22",1,"28","4","22",-16.55958802,-71.4721606,"1",NA,NA,NA,NA,NA,NA,NA,NA,NA,NA
"1.28.4.23",1,"28","4","23",-16.55822676,-71.47191389,"1",NA,NA,NA,NA,NA,NA,NA,NA,NA,NA
"1.28.4.24",1,"28","4","24",-16.5591745,-71.46636202,"2",NA,NA,NA,NA,NA,NA,NA,NA,NA,NA
"1.28.4.25",1,"28","4","25",-16.55788611,-71.46638571,"2",NA,NA,NA,NA,NA,NA,NA,NA,NA,NA
"1.28.4.26",1,"28","4","26",-16.55736243,-71.46773163,"2",NA,NA,NA,NA,NA,NA,NA,NA,NA,NA
"1.28.4.27",1,"28","4","27",-16.5569023,-71.46971678,"3",NA,NA,NA,NA,NA,NA,NA,NA,NA,NA
"1.28.4.28",1,"28","4","28",-16.55711758,-71.46973971,"3",NA,NA,NA,NA,NA,NA,NA,NA,NA,NA
"1.28.4.29",1,"28","4","29",-16.55344047,-71.47038215,"3",NA,NA,NA,NA,NA,NA,NA,NA,NA,NA
"1.28.4.3",1,"28","4","3",-16.56088456,-71.46965073,"1",NA,NA,NA,NA,NA,NA,NA,NA,NA,NA
"1.28.4.30",1,"28","4","30",-16.55681553,-71.47249881,"3",NA,NA,NA,NA,NA,NA,NA,NA,NA,NA
"1.28.4.31",1,"28","4","31",-16.55699261,-71.47275273,"3",NA,NA,NA,NA,NA,NA,NA,NA,NA,NA
"1.28.4.32",1,"28","4","32",-16.55713151,-71.47268163,"3",NA,NA,NA,NA,NA,NA,NA,NA,NA,NA
"1.28.4.33",1,"28","4","33",-16.55726219,-71.47258785,"3",NA,NA,NA,NA,NA,NA,NA,NA,NA,NA
"1.28.4.34",1,"28","4","34",-16.55731667,-71.47252624,"3",NA,NA,NA,NA,NA,NA,NA,NA,NA,NA
"1.28.4.35",1,"28","4","35",-16.55742328,-71.47243932,"3",NA,NA,NA,NA,NA,NA,NA,NA,NA,NA
"1.28.4.36",1,"28","4","36",-16.55729038,-71.47213766,"3",NA,NA,NA,NA,NA,NA,NA,NA,NA,NA
"1.28.4.37",1,"28","4","37",-16.55785403,-71.47208611,"3",NA,NA,NA,NA,NA,NA,NA,NA,NA,NA
"1.28.4.38",1,"28","4","38",-16.55799674,-71.47225556,"4",NA,NA,NA,NA,NA,NA,NA,NA,NA,NA
"1.28.4.39",1,"28","4","39",-16.55779285,-71.47244739,"4",NA,NA,NA,NA,NA,NA,NA,NA,NA,NA
"1.28.4.4",1,"28","4","4",-16.56092508,-71.46972778,"1",NA,NA,NA,NA,NA,NA,NA,NA,NA,NA
"1.28.4.40",1,"28","4","40",-16.55770278,-71.47256169,"4",NA,NA,NA,NA,NA,NA,NA,NA,NA,NA
"1.28.4.41",1,"28","4","41",-16.55757025,-71.47263524,"4",NA,NA,NA,NA,NA,NA,NA,NA,NA,NA
"1.28.4.42",1,"28","4","42",-16.55740833,-71.4727095,"4",NA,NA,NA,NA,NA,NA,NA,NA,NA,NA
"1.28.4.43",1,"28","4","43",-16.55730863,-71.4728214,"4",NA,NA,NA,NA,NA,NA,NA,NA,NA,NA
"1.28.4.44",1,"28","4","44",-16.55725504,-71.47288711,"4",NA,NA,NA,NA,NA,NA,NA,NA,NA,NA
"1.28.4.45",1,"28","4","45",-16.55714444,-71.47298903,"4",NA,NA,NA,NA,NA,NA,NA,NA,NA,NA
"1.28.4.46",1,"28","4","46",-16.5581439,-71.47408037,"5",NA,NA,NA,NA,NA,NA,NA,NA,NA,NA
"1.28.4.47",1,"28","4","47",-16.55714444,-71.47414599,"6",NA,NA,NA,NA,NA,NA,NA,NA,NA,NA
"1.28.4.48",1,"28","4","48",-16.55687749,-71.47423183,"6",NA,NA,NA,NA,NA,NA,NA,NA,NA,NA
"1.28.4.49",1,"28","4","49",-16.55683889,-71.47460126,"6",NA,NA,NA,NA,NA,NA,NA,NA,NA,NA
"1.28.4.5",1,"28","4","5",-16.56092005,-71.46981258,"1",NA,NA,NA,NA,NA,NA,NA,NA,NA,NA
"1.28.4.50",1,"28","4","50",-16.55698003,-71.47316211,"6",NA,NA,NA,NA,NA,NA,NA,NA,NA,NA
"1.28.4.51",1,"28","4","51",-16.55690556,-71.47328825,"6",NA,NA,NA,NA,NA,NA,NA,NA,NA,NA
"1.28.4.52",1,"28","4","52",-16.55683693,-71.47336795,"6",NA,NA,NA,NA,NA,NA,NA,NA,NA,NA
"1.28.4.53",1,"28","4","53",-16.55677355,-71.47345333,"6",NA,NA,NA,NA,NA,NA,NA,NA,NA,NA
"1.28.4.54",1,"28","4","54",-16.55658639,-71.47376088,"6",NA,NA,NA,NA,NA,NA,NA,NA,NA,NA
"1.28.4.55",1,"28","4","55",-16.55645725,-71.47397556,"6",NA,NA,NA,NA,NA,NA,NA,NA,NA,NA
"1.28.4.56",1,"28","4","56",-16.55648305,-71.47423056,"6",NA,NA,NA,NA,NA,NA,NA,NA,NA,NA
"1.28.4.57",1,"28","4","57",-16.5562662,-71.47438795,"6",NA,NA,NA,NA,NA,NA,NA,NA,NA,NA
"1.28.4.58",1,"28","4","58",-16.55615556,-71.47460068,"6",NA,NA,NA,NA,NA,NA,NA,NA,NA,NA
"1.28.4.59",1,"28","4","59",-16.55608611,-71.47480074,"6",NA,NA,NA,NA,NA,NA,NA,NA,NA,NA
"1.28.4.6",1,"28","4","6",-16.56093872,-71.46990869,"1",NA,NA,NA,NA,NA,NA,NA,NA,NA,NA
"1.28.4.60",1,"28","4","60",-16.55561417,-71.47761728,"6",NA,NA,NA,NA,NA,NA,NA,NA,NA,NA
"1.28.4.61",1,"28","4","61",-16.55383162,-71.47875472,"7",NA,NA,NA,NA,NA,NA,NA,NA,NA,NA
"1.28.4.62",1,"28","4","62",-16.55465053,-71.47723747,"8",NA,NA,NA,NA,NA,NA,NA,NA,NA,NA
"1.28.4.63",1,"28","4","63",-16.55471667,-71.47675465,"9",NA,NA,NA,NA,NA,NA,NA,NA,NA,NA
"1.28.4.64",1,"28","4","64",-16.55529736,-71.47620062,"9",NA,NA,NA,NA,NA,NA,NA,NA,NA,NA
"1.28.4.65",1,"28","4","65",-16.55579444,-71.47476554,"9",NA,NA,NA,NA,NA,NA,NA,NA,NA,NA
"1.28.4.66",1,"28","4","66",-16.55563436,-71.47463056,"9",NA,NA,NA,NA,NA,NA,NA,NA,NA,NA
"1.28.4.67",1,"28","4","67",-16.55554601,-71.47449932,"9",NA,NA,NA,NA,NA,NA,NA,NA,NA,NA
"1.28.4.68",1,"28","4","68",-16.55570833,-71.47425285,"9",NA,NA,NA,NA,NA,NA,NA,NA,NA,NA
"1.28.4.69",1,"28","4","69",-16.55588735,-71.47421534,"9",NA,NA,NA,NA,NA,NA,NA,NA,NA,NA
"1.28.4.7",1,"28","4","7",-16.56100324,-71.47075265,"1",NA,NA,NA,NA,NA,NA,NA,NA,NA,NA
"1.28.4.70",1,"28","4","70",-16.55600084,-71.4741465,"9",NA,NA,NA,NA,NA,NA,NA,NA,NA,NA
"1.28.4.71",1,"28","4","71",-16.55607778,-71.47401837,"9",NA,NA,NA,NA,NA,NA,NA,NA,NA,NA
"1.28.4.72",1,"28","4","72",-16.55625278,-71.47394003,"9",NA,NA,NA,NA,NA,NA,NA,NA,NA,NA
"1.28.4.73",1,"28","4","73",-16.55628671,-71.47343028,"9",NA,NA,NA,NA,NA,NA,NA,NA,NA,NA
"1.28.4.74",1,"28","4","74",-16.556525,-71.4731196,"9",NA,NA,NA,NA,NA,NA,NA,NA,NA,NA
"1.28.4.75",1,"28","4","75",-16.5567965,-71.47295927,"9",NA,NA,NA,NA,NA,NA,NA,NA,NA,NA
"1.28.4.76",1,"28","4","76",-16.55550954,-71.47216579,"9",NA,NA,NA,NA,NA,NA,NA,NA,NA,NA
"1.28.4.8",1,"28","4","8",-16.56095079,-71.47083333,"1",NA,NA,NA,NA,NA,NA,NA,NA,NA,NA
"1.28.4.9",1,"28","4","9",-16.56088952,-71.4708842,"1",NA,NA,NA,NA,NA,NA,NA,NA,NA,NA
"1.28.5.1",1,"28","5","1",-16.54920094,-71.47161221,"1","","0","05/26/09",2,1,0,0,0,0,0
"1.28.5.10",1,"28","5","10",-16.54926807,-71.47210641,"2","","0","05/28/09",2,1,0,0,0,0,0
"1.28.5.100",1,"28","5","100",-16.54352728,-71.4778765,"9","0","0","0",1,0,0,1,0,0,0
"1.28.5.101",1,"28","5","101",-16.54339531,-71.4778039,"9","0","0","0",1,0,0,1,0,0,0
"1.28.5.102",1,"28","5","102",-16.54329093,-71.47764721,"9","","0","05/29/09",2,1,0,0,0,0,0
"1.28.5.103",1,"28","5","103",-16.54313548,-71.47755957,"9","0","0","0",1,0,0,1,0,0,0
"1.28.5.104",1,"28","5","104",-16.5430666,-71.47742401,"9","","0","06/02/2009",2,1,0,0,0,0,0
"1.28.5.105",1,"28","5","105",-16.54292519,-71.4775382,"9","0","0","0",1,0,0,1,0,0,0
"1.28.5.106",1,"28","5","106",-16.54276112,-71.47723771,"9","","0","05/28/09",2,1,0,0,0,0,0
"1.28.5.107",1,"28","5","107",-16.54272242,-71.47692682,"10","0","0","0",1,0,0,1,0,0,0
"1.28.5.108",1,"28","5","108",-16.54308234,-71.47716507,"10","","0","05/28/09",2,1,0,0,0,0,0
"1.28.5.109",1,"28","5","109",-16.54337485,-71.47740119,"10","0","0","0",1,0,0,1,0,0,0
"1.28.5.11",1,"28","5","11",-16.54907252,-71.47206633,"2","0","0","0",1,0,0,0,1,0,0
"1.28.5.110",1,"28","5","110",-16.54344612,-71.47733459,"10","","0","05/28/09",2,1,0,0,0,0,0
"1.28.5.111",1,"28","5","111",-16.54351599,-71.4773,"10","","0","05/28/09",2,1,0,0,0,0,0
"1.28.5.112",1,"28","5","112",-16.54370372,-71.47715672,"10","0","0","0",1,0,0,1,0,0,0
"1.28.5.113",1,"28","5","113",-16.54386596,-71.47708862,"10","","0","05/29/09",2,1,0,0,0,0,0
"1.28.5.114",1,"28","5","114",-16.54398439,-71.47694117,"10","0","0","0",1,0,0,0,1,0,0
"1.28.5.115",1,"28","5","115",-16.54559413,-71.47587863,"10","0","0","0",1,0,0,0,0,1,0
"1.28.5.116",1,"28","5","116",-16.5463835,-71.47534859,"10","","0","05/28/09",2,1,0,0,0,0,0
"1.28.5.117",1,"28","5","117",-16.54648065,-71.4752301,"10","0","0","0",1,0,0,1,0,0,0
"1.28.5.118",1,"28","5","118",-16.54656896,-71.47513615,"10","","0","05/28/09",2,1,0,0,0,0,0
"1.28.5.119",1,"28","5","119",-16.54669001,-71.4750634,"10","","0","05/27/09",2,1,0,0,0,0,0
"1.28.5.12",1,"28","5","12",-16.54891186,-71.47239034,"2","","0","06/02/2009",2,1,0,0,0,0,0
"1.28.5.120",1,"28","5","120",-16.54675603,-71.4750002,"10","","0","05/28/09",2,1,0,0,0,0,0
"1.28.5.121",1,"28","5","121",-16.54682228,-71.47495822,"10","0","0","0",1,0,0,0,1,0,0
"1.28.5.122",1,"28","5","122",-16.5469214,-71.47484392,"10","0","0","0",1,0,0,0,1,0,0
"1.28.5.123",1,"28","5","123",-16.54702921,-71.47472438,"10","","0","05/27/09",2,1,0,0,0,0,0
"1.28.5.124",1,"28","5","124",-16.54710923,-71.47465079,"10","","0","06/01/2009",2,1,0,0,0,0,0
"1.28.5.125",1,"28","5","125",-16.54718455,-71.47456668,"10","","0","05/27/09",2,1,0,0,0,0,0
"1.28.5.126",1,"28","5","126",-16.54727437,-71.4744956,"10","","0","05/27/09",2,1,0,0,0,0,0
"1.28.5.127",1,"28","5","127",-16.54737017,-71.47438056,"10","","0","05/27/09",2,1,0,0,0,0,0
"1.28.5.128",1,"28","5","128",-16.54746074,-71.47430049,"10","0","0","0",1,0,0,1,0,0,0
"1.28.5.129",1,"28","5","129",-16.54752378,-71.47424073,"10","0","0","0",1,0,0,1,0,0,0
"1.28.5.13",1,"28","5","13",-16.54882743,-71.47252056,"2","0","0","0",1,0,0,1,0,0,0
"1.28.5.130",1,"28","5","130",-16.54758165,-71.47416869,"10","","0","06/01/2009",2,1,0,0,0,0,0
"1.28.5.131",1,"28","5","131",-16.54765278,-71.47411645,"10","","0","06/02/2009",2,1,0,0,0,0,0
"1.28.5.132",1,"28","5","132",-16.54774444,-71.47400992,"10","0","0","0",1,0,1,0,0,0,0
"1.28.5.133",1,"28","5","133",-16.54777407,-71.47391141,"10","0","0","0",1,0,1,0,0,0,0
"1.28.5.134",1,"28","5","134",-16.54785278,-71.47377721,"10","","0","06/01/2009",2,1,0,0,0,0,0
"1.28.5.135",1,"28","5","135",-16.54791562,-71.47368955,"10","","0","05/27/09",2,1,0,0,0,0,0
"1.28.5.136",1,"28","5","136",-16.54798747,-71.47359135,"10","","0","05/27/09",2,1,0,0,0,0,0
"1.28.5.137",1,"28","5","137",-16.54807222,-71.47346117,"10","","0","05/28/09",2,1,0,0,0,0,0
"1.28.5.138",1,"28","5","138",-16.54814516,-71.47332778,"10","0","0","0",1,0,0,0,1,0,0
"1.28.5.139",1,"28","5","139",-16.54819894,-71.47323075,"10","","0","06/01/2009",2,1,0,0,0,0,0
"1.28.5.14",1,"28","5","14",-16.54879773,-71.47263056,"2","","0","05/26/09",2,1,0,0,0,0,0
"1.28.5.140",1,"28","5","140",-16.54828617,-71.47311625,"10","","0","05/29/09",2,1,0,0,0,0,0
"1.28.5.141",NA,NA,NA,NA,NA,NA,NA,"0","0","0",1,0,0,0,1,0,0
"1.28.5.142",NA,NA,NA,NA,NA,NA,NA,"0","0","0",1,0,0,0,1,0,0
"1.28.5.143",1,"28","5","143",-16.54956062,-71.47017342,"10","","0","06/02/2009",2,1,0,0,0,0,0
"1.28.5.15",1,"28","5","15",-16.54869172,-71.47276111,"2","0","0","0",1,0,0,1,0,0,0
"1.28.5.16",1,"28","5","16",-16.54865306,-71.47281943,"2","","0","05/29/09",2,1,0,0,0,0,0
"1.28.5.17",1,"28","5","17",-16.5488298,-71.47309686,"2","0","0","0",1,0,0,1,0,0,0
"1.28.5.18",1,"28","5","18",-16.54877105,-71.47303167,"2","0","0","0",1,0,0,1,0,0,0
"1.28.5.19",1,"28","5","19",-16.54873021,-71.47299131,"2","0","0","0",1,0,0,0,1,0,0
"1.28.5.2",1,"28","5","2",-16.5522589,-71.47146275,"1","","0","06/02/2009",2,1,0,0,0,0,0
"1.28.5.20",1,"28","5","20",-16.5486186,-71.47291493,"2","","0","05/27/09",2,1,0,0,0,0,0
"1.28.5.21",1,"28","5","21",-16.54857253,-71.47297985,"2","","0","05/26/09",2,1,0,0,0,0,0
"1.28.5.22",1,"28","5","22",-16.54849268,-71.47308871,"2","","0","06/01/2009",2,1,0,0,0,0,0
"1.28.5.23",1,"28","5","23",-16.5484435,-71.47319761,"2","","0","06/02/2009",2,1,0,0,0,0,0
"1.28.5.24",1,"28","5","24",-16.54839862,-71.47329212,"2","","0","06/02/2009",2,1,0,0,0,0,0
"1.28.5.25",1,"28","5","25",-16.54834674,-71.47339953,"2","0","0","0",1,0,0,1,0,0,0
"1.28.5.26",1,"28","5","26",-16.5483076,-71.47346121,"2","","0","05/29/09",2,1,0,0,0,0,0
"1.28.5.27",1,"28","5","27",-16.54873512,-71.47372559,"2","","0","05/26/09",2,1,0,0,0,0,0
"1.28.5.28",1,"28","5","28",-16.54860571,-71.47420278,"2","","0","05/26/09",2,1,0,0,0,0,0
"1.28.5.29",1,"28","5","29",-16.54813986,-71.47371633,"2","","0","05/26/09",2,1,0,0,0,0,0
"1.28.5.3",1,"28","5","3",-16.55229411,-71.47164559,"2","","0","06/02/2009",2,1,0,0,0,0,0
"1.28.5.30",1,"28","5","30",-16.54803408,-71.47389722,"2","0","0","0",1,0,0,0,1,0,0
"1.28.5.31",1,"28","5","31",-16.54794302,-71.47401166,"2","","0","06/01/2009",2,1,0,0,0,0,0
"1.28.5.32",1,"28","5","32",-16.54823056,-71.47429583,"2","","0","06/01/2009",2,1,0,0,0,0,0
"1.28.5.33",1,"28","5","33",-16.54871337,-71.47460773,"2","","0","05/29/09",2,1,0,0,0,0,0
"1.28.5.34",1,"28","5","34",-16.54948177,-71.47505278,"2","","0","05/26/09",2,1,0,0,0,0,0
"1.28.5.35",1,"28","5","35",-16.55075619,-71.47551715,"3","0","0","0",1,0,0,1,0,0,0
"1.28.5.36",NA,NA,NA,NA,NA,NA,NA,"0","0","0",1,0,0,1,0,0,0
"1.28.5.37",1,"28","5","37",-16.55044715,-71.47606471,"4","","0","05/26/09",2,1,0,0,0,0,0
"1.28.5.38",1,"28","5","38",-16.54882929,-71.47486178,"4","","0","05/29/09",2,1,0,0,0,0,0
"1.28.5.39",1,"28","5","39",-16.54870659,-71.47480316,"4","","0","05/29/09",2,1,0,0,0,0,0
"1.28.5.4",1,"28","5","4",-16.5508357,-71.47198844,"2","0","0","0",1,0,0,0,0,1,0
"1.28.5.40",1,"28","5","40",-16.54857119,-71.474725,"4","0","0","0",1,0,0,0,1,0,0
"1.28.5.41",1,"28","5","41",-16.54808934,-71.47436087,"4","","0","05/29/09",2,1,0,0,0,0,0
"1.28.5.42",1,"28","5","42",-16.54780643,-71.47419932,"4","","0","06/01/2009",2,1,0,0,0,0,0
"1.28.5.43",1,"28","5","43",-16.54773448,-71.47429829,"4","","0","06/01/2009",2,1,0,0,0,0,0
"1.28.5.44",1,"28","5","44",-16.54764137,-71.47440425,"4","","0","05/27/09",2,1,0,0,0,0,0
"1.28.5.45",1,"28","5","45",-16.54753033,-71.47445474,"4","0","0","0",1,0,0,0,1,0,0
"1.28.5.46",1,"28","5","46",-16.54744458,-71.47457398,"4","","0","06/02/2009",2,1,0,0,0,0,0
"1.28.5.47",1,"28","5","47",-16.54739975,-71.47465779,"4","","0","06/02/2009",2,1,0,0,0,0,0
"1.28.5.48",1,"28","5","48",-16.54732718,-71.47474335,"4","","0","05/27/09",2,1,0,0,0,0,0
"1.28.5.49",1,"28","5","49",-16.54728056,-71.47480663,"4","","0","05/27/09",2,1,0,0,0,0,0
"1.28.5.5",1,"28","5","5",-16.54985723,-71.47205252,"2","0","0","0",1,0,0,1,0,0,0
"1.28.5.50",1,"28","5","50",-16.54720747,-71.47484263,"4","","0","06/02/2009",2,1,0,0,0,0,0
"1.28.5.51",1,"28","5","51",-16.54712736,-71.47486667,"4","","0","05/27/09",2,1,0,0,0,0,0
"1.28.5.52",1,"28","5","52",-16.54707292,-71.47492074,"4","0","0","0",1,0,0,0,1,0,0
"1.28.5.53",1,"28","5","53",-16.54724467,-71.47525227,"4","0","0","0",1,0,0,0,0,1,0
"1.28.5.54",1,"28","5","54",-16.54712466,-71.47537616,"4","0","0","0",1,0,0,0,0,1,0
"1.28.5.55",1,"28","5","55",-16.54699961,-71.47545,"4","0","0","0",1,0,0,0,0,1,0
"1.28.5.56",1,"28","5","56",-16.54719199,-71.47588005,"4","0","0","0",1,0,0,0,1,0,0
"1.28.5.57",1,"28","5","57",-16.54732239,-71.47596957,"4","","0","05/27/09",2,1,0,0,0,0,0
"1.28.5.58",1,"28","5","58",-16.54731767,-71.47653534,"5","0","0","0",1,0,0,0,1,0,0
"1.28.5.59",1,"28","5","59",-16.54704156,-71.47622573,"5","0","0","0",1,0,1,0,0,0,0
"1.28.5.6",1,"28","5","6",-16.54962702,-71.47187788,"2","0","0","0",1,0,0,1,0,0,0
"1.28.5.60",1,"28","5","60",-16.54663941,-71.47568747,"5","0","0","0",1,0,0,0,0,1,0
"1.28.5.61",1,"28","5","61",-16.54655264,-71.47543164,"5","","0","06/02/2009",2,1,0,0,0,0,0
"1.28.5.62",1,"28","5","62",-16.54640099,-71.47558468,"5","","0","05/28/09",2,1,0,0,0,0,0
"1.28.5.63",1,"28","5","63",-16.54654558,-71.47642844,"5","0","0","0",1,0,0,0,1,0,0
"1.28.5.64",1,"28","5","64",-16.54511904,-71.47654853,"5","","0","05/28/09",2,1,0,0,0,0,0
"1.28.5.65",1,"28","5","65",-16.54493744,-71.4766449,"5","","0","05/29/09",2,1,0,0,0,0,0
"1.28.5.66",1,"28","5","66",-16.54480189,-71.47675211,"5","","0","06/02/2009",2,1,0,0,0,0,0
"1.28.5.67",1,"28","5","67",-16.54463151,-71.47684998,"5","","0","05/28/09",2,1,0,0,0,0,0
"1.28.5.68",1,"28","5","68",-16.5443534,-71.47704329,"5","","0","06/01/2009",2,1,0,0,0,0,0
"1.28.5.69",1,"28","5","69",-16.54427997,-71.47704722,"5","0","0","0",1,0,0,0,0,0,1
"1.28.5.7",1,"28","5","7",-16.54916728,-71.47188578,"2","0","0","0",1,0,0,1,0,0,0
"1.28.5.70",1,"28","5","70",-16.54418132,-71.47707083,"5","0","0","0",1,0,1,0,0,0,0
"1.28.5.71",1,"28","5","71",-16.54408051,-71.47715218,"5","0","0","0",1,0,0,0,1,0,0
"1.28.5.72",1,"28","5","72",-16.54400473,-71.47720771,"5","0","0","0",1,0,0,0,1,0,0
"1.28.5.73",1,"28","5","73",-16.54393557,-71.47724674,"5","","0","06/02/2009",2,1,0,0,0,0,0
"1.28.5.74",1,"28","5","74",-16.54387157,-71.47727844,"5","0","0","0",1,0,0,1,0,0,0
"1.28.5.75",1,"28","5","75",-16.54379514,-71.47735941,"5","","0","05/28/09",2,1,0,0,0,0,0
"1.28.5.76",1,"28","5","76",-16.54367574,-71.47739838,"5","0","0","0",1,0,0,1,0,0,0
"1.28.5.77",1,"28","5","77",-16.54360379,-71.47750063,"5","","0","05/29/09",2,1,0,0,0,0,0
"1.28.5.78",1,"28","5","78",-16.54348558,-71.47760473,"5","","0","06/02/2009",2,1,0,0,0,0,0
"1.28.5.79",1,"28","5","79",-16.54381709,-71.47792949,"5","0","0","0",1,0,0,0,1,0,0
"1.28.5.8",1,"28","5","8",-16.54956969,-71.47226439,"2","0","0","0",1,0,1,0,0,0,0
"1.28.5.80",1,"28","5","80",-16.54403275,-71.47806117,"5","0","0","0",1,0,0,1,0,0,0
"1.28.5.81",1,"28","5","81",-16.54561718,-71.47896882,"5","0","0","0",1,0,0,1,0,0,0
"1.28.5.82",1,"28","5","82",-16.54922666,-71.4801707,"5","0","0","0",1,0,0,0,1,0,0
"1.28.5.83",1,"28","5","83",-16.54866286,-71.48152602,"6","0","0","0",1,0,0,0,1,0,0
"1.28.5.84",1,"28","5","84",-16.54830919,-71.48201563,"6","0","0","0",1,0,0,0,0,1,0
"1.28.5.85",1,"28","5","85",-16.54784682,-71.48200937,"6","0","0","0",1,0,0,0,1,0,0
"1.28.5.86",NA,NA,NA,NA,NA,NA,NA,"0","0","0",1,0,0,0,1,0,0
"1.28.5.87",NA,NA,NA,NA,NA,NA,NA,"0","0","0",1,0,0,0,1,0,0
"1.28.5.88",NA,NA,NA,NA,NA,NA,NA,"0","0","0",1,0,0,0,1,0,0
"1.28.5.89",NA,NA,NA,NA,NA,NA,NA,"0","0","0",1,0,0,0,1,0,0
"1.28.5.9",1,"28","5","9",-16.54942476,-71.47218553,"2","0","0","0",1,0,0,0,1,0,0
"1.28.5.90",NA,NA,NA,NA,NA,NA,NA,"0","0","0",1,0,0,0,1,0,0
"1.28.5.91",NA,NA,NA,NA,NA,NA,NA,"0","0","0",1,0,0,0,1,0,0
"1.28.5.92",NA,NA,NA,NA,NA,NA,NA,"0","0","0",1,0,0,0,1,0,0
"1.28.5.93",1,"28","5","93",-16.54609233,-71.48541598,"7","0","0","0",1,0,0,0,1,0,0
"1.28.5.94",1,"28","5","94",-16.54633625,-71.4836472,"8","","0","05/28/09",2,1,0,0,0,0,0
"1.28.5.95",1,"28","5","95",-16.54637441,-71.48330104,"8","","0","06/01/2009",2,1,0,0,0,0,0
"1.28.5.96",1,"28","5","96",-16.54646273,-71.48318155,"8","","0","06/01/2009",2,1,0,0,0,0,0
"1.28.5.97",1,"28","5","97",-16.54532065,-71.47947125,"9","0","0","0",1,0,0,0,1,0,0
"1.28.5.98",1,"28","5","98",-16.54405047,-71.47837449,"9","0","0","0",1,0,0,1,0,0,0
"1.28.5.99",NA,NA,NA,NA,NA,NA,NA,"0","0","0",1,0,0,0,0,0,1
"1.28.5.130A",1,"28","5","130A",-16.547581653944,-71.4741686926492,"10","","0","06/01/2009",2,1,0,0,0,0,0
"1.28.5.22A",1,"28","5","22A",-16.5484926814619,-71.4730887063527,"2","","0","05/29/09",2,1,0,0,0,0,0
"1.28.3.199",NA,NA,NA,NA,NA,NA,NA,"","0","05/22/09",2,1,0,0,0,0,0
"1.28.3.199",NA,NA,NA,NA,NA,NA,NA,"","0","10/14/09",2,1,0,0,0,0,0
"1.28.3.200",NA,NA,NA,NA,NA,NA,NA,"0","0","0",1,0,0,0,1,0,0
"1.28.3.200",NA,NA,NA,NA,NA,NA,NA,"0","0","0",2,0,1,0,0,0,0
"1.28.3.201",NA,NA,NA,NA,NA,NA,NA,"","0","10/05/2009",2,1,0,0,0,0,0
"1.28.3.201",NA,NA,NA,NA,NA,NA,NA,"","0","05/22/09",2,1,0,0,0,0,0
"1.28.3.202",NA,NA,NA,NA,NA,NA,NA,"","0","10/05/2009",2,1,0,0,0,0,0
"1.28.3.202",NA,NA,NA,NA,NA,NA,NA,"","0","05/22/09",2,1,0,0,0,0,0
"1.28.3.203",NA,NA,NA,NA,NA,NA,NA,"","0","10/12/2009",2,1,0,0,0,0,0
"1.28.3.203",NA,NA,NA,NA,NA,NA,NA,"","0","05/21/09",2,1,0,0,0,0,0
"1.28.3.204",NA,NA,NA,NA,NA,NA,NA,"0","0","0",2,0,0,1,0,0,0
"1.28.3.204",NA,NA,NA,NA,NA,NA,NA,"0","0","0",1,0,0,0,1,0,0
"1.28.3.205",NA,NA,NA,NA,NA,NA,NA,"","0","10/12/2009",2,1,0,0,0,0,0
"1.28.3.205",NA,NA,NA,NA,NA,NA,NA,"","0","05/21/09",2,1,0,0,0,0,0
"1.28.3.206",NA,NA,NA,NA,NA,NA,NA,"0","0","0",1,0,0,0,1,0,0
"1.28.3.206",NA,NA,NA,NA,NA,NA,NA,"0","0","0",2,0,0,0,1,0,0
"1.28.3.207",NA,NA,NA,NA,NA,NA,NA,"0","0","0",1,0,0,0,1,0,0
"1.28.3.207",NA,NA,NA,NA,NA,NA,NA,"0","0","0",2,0,0,1,0,0,0
"1.28.3.208",NA,NA,NA,NA,NA,NA,NA,"0","0","0",1,0,0,0,1,0,0
"1.28.3.208",NA,NA,NA,NA,NA,NA,NA,"0","0","0",2,0,1,0,0,0,0
"1.28.3.209",NA,NA,NA,NA,NA,NA,NA,"0","0","0",2,0,0,1,0,0,0
"1.28.3.209",NA,NA,NA,NA,NA,NA,NA,"0","0","0",1,0,0,0,1,0,0
"1.28.3.210",NA,NA,NA,NA,NA,NA,NA,"0","0","0",2,0,0,1,0,0,0
"1.28.3.210",NA,NA,NA,NA,NA,NA,NA,"0","0","0",1,0,0,0,1,0,0
"1.28.3.211",NA,NA,NA,NA,NA,NA,NA,"0","0","0",2,0,0,1,0,0,0
"1.28.3.211",NA,NA,NA,NA,NA,NA,NA,"0","0","0",1,0,0,0,1,0,0
"1.28.3.212",NA,NA,NA,NA,NA,NA,NA,"0","0","0",1,0,0,0,1,0,0
"1.28.3.212",NA,NA,NA,NA,NA,NA,NA,"0","0","0",2,0,0,1,0,0,0
