"type,ident,lat,long,y_proj,x_proj,comment,display,symbol,unused1,dist,prox_index,color,altitude,depth,temp,time,wpt_class,sub_class,attrib,link,state,country,city,address,facility,crossroad,unused2,ete,dtype,model,filename,ltime"
"WAYPOINT,1.28.1.1,-16.5653811949291,-71.43042119415105,8166954.64211762,240643.649050631, , , , , , , ,0, , , , , , , , , , , , , , , , , , , "
"WAYPOINT,1.28.1.2,-16.56358912748745,-71.4301903944921,8167153.3297965,240665.890284981, , , , , , , ,0, , , , , , , , , , , , , , , , , , , "
"WAYPOINT,1.28.1.3,-16.56529894408141,-71.43254656048173,8166961.00042397,240416.620699664, , , , , , , ,0, , , , , , , , , , , , , , , , , , , "
"WAYPOINT,1.28.1.4,-16.56702091817115,-71.4375733089601,8166763.86257974,239882.244397222, , , , , , , ,0, , , , , , , , , , , , , , , , , , , "
"WAYPOINT,1.28.1.5,-16.56711897866968,-71.43774158620211,8166752.7887253,239864.4098762, , , , , , , ,0, , , , , , , , , , , , , , , , , , , "
"WAYPOINT,1.28.1.6,-16.56735277777778,-71.43794537136574,8166726.64191165,239842.966764835, , , , , , , ,0, , , , , , , , , , , , , , , , , , , "
"WAYPOINT,1.28.1.7,-16.56754368404147,-71.43818544131362,8166705.19647798,239817.592079921, , , , , , , ,0, , , , , , , , , , , , , , , , , , , "
"WAYPOINT,1.28.1.8,-16.56736323896887,-71.4383230776063,8166724.99419728,239802.654672298, , , , , , , ,0, , , , , , , , , , , , , , , , , , , "
"WAYPOINT,1.28.1.9,-16.5680322713495,-71.43849363204477,8166650.70795152,239785.344662627, , , , , , , ,0, , , , , , , , , , , , , , , , , , , "
"WAYPOINT,1.28.1.10,-16.56776003496113,-71.43864301414024,8166680.65216463,239769.029797702, , , , , , , ,0, , , , , , , , , , , , , , , , , , , "
"WAYPOINT,1.28.1.11,-16.56702109404741,-71.438632705266,8166762.46988615,239769.137019708, , , , , , , ,0, , , , , , , , , , , , , , , , , , , "
"WAYPOINT,1.28.1.12,-16.56699166666667,-71.43888217434632,8166765.40418401,239742.462603013, , , , , , , ,0, , , , , , , , , , , , , , , , , , , "
"WAYPOINT,1.28.1.13,-16.56701316293849,-71.43911148076164,8166762.72709838,239718.009337536, , , , , , , ,0, , , , , , , , , , , , , , , , , , , "
"WAYPOINT,1.28.1.14,-16.56701111111111,-71.43977691680081,8166762.09121099,239646.960503361, , , , , , , ,0, , , , , , , , , , , , , , , , , , , "
"WAYPOINT,1.28.1.15,-16.56734722222222,-71.43896763438664,8166725.93163275,239733.81642059, , , , , , , ,0, , , , , , , , , , , , , , , , , , , "
"WAYPOINT,1.28.1.16,-16.56758074513592,-71.43882687667748,8166700.26202384,239749.158522999, , , , , , , ,0, , , , , , , , , , , , , , , , , , , "
"WAYPOINT,1.28.1.17,-16.56716719684367,-71.43940299824567,8166745.29673414,239687.092269387, , , , , , , ,0, , , , , , , , , , , , , , , , , , , "
"WAYPOINT,1.28.1.18,-16.56731706724891,-71.4393587449737,8166728.76273665,239692.018559107, , , , , , , ,0, , , , , , , , , , , , , , , , , , , "
"WAYPOINT,1.28.1.19,-16.56734335932349,-71.43943548710803,8166725.75254446,239683.8604644, , , , , , , ,0, , , , , , , , , , , , , , , , , , , "
"WAYPOINT,1.28.1.20,-16.56736571664732,-71.43957916063235,8166723.09113347,239668.5510826, , , , , , , ,0, , , , , , , , , , , , , , , , , , , "
"WAYPOINT,1.28.1.21,-16.56764603289059,-71.43925,8166692.48565537,239704.071194246, , , , , , , ,0, , , , , , , , , , , , , , , , , , , "
"WAYPOINT,1.28.1.22,-16.56810565709379,-71.43940000000001,8166641.40845382,239688.674437639, , , , , , , ,0, , , , , , , , , , , , , , , , , , , "
"WAYPOINT,1.28.1.23,-16.56834477299091,-71.43924430955239,8166615.13907225,239705.618376818, , , , , , , ,0, , , , , , , , , , , , , , , , , , , "
"WAYPOINT,1.28.1.24,-16.56743333333333,-71.43922506629164,8166716.06487655,239706.4472426, , , , , , , ,0, , , , , , , , , , , , , , , , , , , "
"WAYPOINT,1.28.1.25,-16.5676165221372,-71.43904722222223,8166696.01560914,239725.681250447, , , , , , , ,0, , , , , , , , , , , , , , , , , , , "
"WAYPOINT,1.28.1.26,-16.56776382730503,-71.43899131260308,8166679.78070757,239731.848553389, , , , , , , ,0, , , , , , , , , , , , , , , , , , , "
"WAYPOINT,1.28.1.27,-16.56798055555555,-71.43902740867117,8166655.74102047,239728.286148758, , , , , , , ,0, , , , , , , , , , , , , , , , , , , "
"WAYPOINT,1.28.1.28,-16.56807877653596,-71.43904365202896,8166644.84641227,239726.683989308, , , , , , , ,0, , , , , , , , , , , , , , , , , , , "
"WAYPOINT,1.28.1.29,-16.56816119117522,-71.43908242339931,8166635.67242815,239722.655362695, , , , , , , ,0, , , , , , , , , , , , , , , , , , , "
"WAYPOINT,1.28.1.30,-16.56827338627519,-71.43911746646927,8166623.20643465,239719.064839963, , , , , , , ,0, , , , , , , , , , , , , , , , , , , "
"WAYPOINT,1.28.1.31,-16.56861053752276,-71.43899784960817,8166586.03726156,239732.289143967, , , , , , , ,0, , , , , , , , , , , , , , , , , , , "
"WAYPOINT,1.28.1.32,-16.56816491626445,-71.43888271499995,8166635.51902038,239743.982344526, , , , , , , ,0, , , , , , , , , , , , , , , , , , , "
"WAYPOINT,1.28.1.33,-16.56843896015422,-71.4388515963558,8166605.22137389,239747.673212956, , , , , , , ,0, , , , , , , , , , , , , , , , , , , "
"WAYPOINT,1.28.1.34,-16.56864532874591,-71.43871184063897,8166582.55658338,239762.871747079, , , , , , , ,0, , , , , , , , , , , , , , , , , , , "
"WAYPOINT,1.28.1.35,-16.56872805956713,-71.43873459318189,8166573.36837467,239760.55380049, , , , , , , ,0, , , , , , , , , , , , , , , , , , , "
"WAYPOINT,1.28.1.36,-16.56877668991761,-71.43875,8166567.96477935,239758.97427419, , , , , , , ,0, , , , , , , , , , , , , , , , , , , "
"WAYPOINT,1.28.1.37,-16.5688466314002,-71.43876388888889,8166560.20390559,239757.585464924, , , , , , , ,0, , , , , , , , , , , , , , , , , , , "
"WAYPOINT,1.28.1.38,-16.56899762515789,-71.43883630843078,8166543.39424903,239750.056609694, , , , , , , ,0, , , , , , , , , , , , , , , , , , , "
"WAYPOINT,1.28.1.39,-16.56887998727485,-71.43894811045587,8166556.27235564,239737.961875431, , , , , , , ,0, , , , , , , , , , , , , , , , , , , "
"WAYPOINT,1.28.1.40,-16.5687139054024,-71.43903180476337,8166574.54989622,239728.802910384, , , , , , , ,0, , , , , , , , , , , , , , , , , , , "
"WAYPOINT,1.28.1.41,-16.56800221652907,-71.43887976574183,8166653.53450105,239744.078463293, , , , , , , ,0, , , , , , , , , , , , , , , , , , , "
"WAYPOINT,1.28.1.42,-16.56776251819611,-71.43889270916033,8166680.05349444,239742.374263486, , , , , , , ,0, , , , , , , , , , , , , , , , , , , "
"WAYPOINT,1.28.1.43,-16.56777530564272,-71.43881533048852,8166678.73819732,239750.652847585, , , , , , , ,0, , , , , , , , , , , , , , , , , , , "
"WAYPOINT,1.28.1.44,-16.56788578523508,-71.43871319204563,8166666.64000419,239761.706267484, , , , , , , ,0, , , , , , , , , , , , , , , , , , , "
"WAYPOINT,1.28.1.45,-16.56830833333333,-71.43865620687728,8166619.9357571,239768.358418212, , , , , , , ,0, , , , , , , , , , , , , , , , , , , "
"WAYPOINT,1.28.1.46,-16.56845833333333,-71.43865344854099,8166603.33360208,239768.854582647, , , , , , , ,0, , , , , , , , , , , , , , , , , , , "
"WAYPOINT,1.28.1.47,-16.5685395377793,-71.43867069095512,8166594.32151669,239767.122868265, , , , , , , ,0, , , , , , , , , , , , , , , , , , , "
"WAYPOINT,1.28.1.48,-16.56839723149754,-71.43878866971562,8166609.92253785,239754.335492845, , , , , , , ,0, , , , , , , , , , , , , , , , , , , "
"WAYPOINT,1.28.1.49,-16.56864683032835,-71.43849283678807,8166582.67431363,239786.255763909, , , , , , , ,0, , , , , , , , , , , , , , , , , , , "
"WAYPOINT,1.28.1.50,-16.56897069362966,-71.43867938615072,8166546.57918469,239766.774215116, , , , , , , ,0, , , , , , , , , , , , , , , , , , , "
"WAYPOINT,1.28.1.51,-16.56907644372413,-71.43876268308924,8166534.76412127,239758.023200877, , , , , , , ,0, , , , , , , , , , , , , , , , , , , "
"WAYPOINT,1.28.1.52,-16.56914060050166,-71.43892579349982,8166527.45013489,239740.694985185, , , , , , , ,0, , , , , , , , , , , , , , , , , , , "
"WAYPOINT,1.28.1.53,-16.5689285605091,-71.4390839908553,8166550.71884389,239723.519904698, , , , , , , ,0, , , , , , , , , , , , , , , , , , , "
"WAYPOINT,1.28.1.54,-16.56910318963443,-71.43939421106569,8166530.9841919,239690.634068359, , , , , , , ,0, , , , , , , , , , , , , , , , , , , "
"WAYPOINT,1.28.1.55,-16.56895538984708,-71.43926627262698,8166547.51229632,239704.09465098, , , , , , , ,0, , , , , , , , , , , , , , , , , , , "
"WAYPOINT,1.28.1.56,-16.56883822452064,-71.43921608527882,8166560.54816606,239709.295342989, , , , , , , ,0, , , , , , , , , , , , , , , , , , , "
"WAYPOINT,1.28.1.57,-16.56875515827442,-71.43917777777779,8166569.79369051,239713.273543562, , , , , , , ,0, , , , , , , , , , , , , , , , , , , "
"WAYPOINT,1.28.1.58,-16.56849681588296,-71.43915139446261,8166598.42767958,239715.742955946, , , , , , , ,0, , , , , , , , , , , , , , , , , , , "
"WAYPOINT,1.28.1.59,-16.56848567727064,-71.43936796148937,8166599.37990206,239692.606118692, , , , , , , ,0, , , , , , , , , , , , , , , , , , , "
"WAYPOINT,1.28.1.60,-16.56829444444444,-71.43946612000977,8166620.42300436,239681.868995437, , , , , , , ,0, , , , , , , , , , , , , , , , , , , "
"WAYPOINT,1.28.1.61,-16.56828681056283,-71.43957877999955,8166621.1219841,239669.830528784, , , , , , , ,0, , , , , , , , , , , , , , , , , , , "
"WAYPOINT,1.28.1.62,-16.5683356095496,-71.43977208259364,8166615.46895052,239649.25811761, , , , , , , ,0, , , , , , , , , , , , , , , , , , , "
"WAYPOINT,1.28.1.63,-16.56805567387766,-71.43980379380753,8166646.41808001,239645.495917302, , , , , , , ,0, , , , , , , , , , , , , , , , , , , "
"WAYPOINT,1.28.1.64,-16.56793034352725,-71.43977481888584,8166660.33035667,239648.42086756, , , , , , , ,0, , , , , , , , , , , , , , , , , , , "
"WAYPOINT,1.28.1.65,-16.56778655518799,-71.43972568805677,8166676.31216828,239653.472957973, , , , , , , ,0, , , , , , , , , , , , , , , , , , , "
"WAYPOINT,1.28.1.66,-16.56753770473214,-71.4398935597052,8166703.64338495,239635.215281628, , , , , , , ,0, , , , , , , , , , , , , , , , , , , "
"WAYPOINT,1.28.1.67,-16.567597826265,-71.44003327307115,8166696.80638824,239620.379525864, , , , , , , ,0, , , , , , , , , , , , , , , , , , , "
"WAYPOINT,1.28.1.68,-16.56780632766683,-71.43992721152841,8166673.86183979,239631.983740902, , , , , , , ,0, , , , , , , , , , , , , , , , , , , "
"WAYPOINT,1.28.1.69,-16.56788371976876,-71.44012883462133,8166665.03258094,239610.561401461, , , , , , , ,0, , , , , , , , , , , , , , , , , , , "
"WAYPOINT,1.28.1.70,-16.56789898967013,-71.44066630932176,8166662.64474483,239553.198042891, , , , , , , ,0, , , , , , , , , , , , , , , , , , , "
"WAYPOINT,1.28.2.1,-16.56400604151707,-71.45999046826844,8167068.44307118,237484.74736033, , , , , , , ,0, , , , , , , , , , , , , , , , , , , "
"WAYPOINT,1.28.2.2,-16.56370801156312,-71.45960373206047,8167101.94255493,237525.634851009, , , , , , , ,0, , , , , , , , , , , , , , , , , , , "
"WAYPOINT,1.28.2.3,-16.56343460417931,-71.45883531098988,8167133.21498328,237607.308138338, , , , , , , ,0, , , , , , , , , , , , , , , , , , , "
"WAYPOINT,1.28.2.4,-16.5635477112323,-71.4586454799001,8167120.94143438,237627.729577564, , , , , , , ,0, , , , , , , , , , , , , , , , , , , "
"WAYPOINT,1.28.2.5,-16.56341023453489,-71.45844722222222,8167136.42005948,237648.71114671, , , , , , , ,0, , , , , , , , , , , , , , , , , , , "
"WAYPOINT,1.28.2.6,-16.56356083058894,-71.45830555555556,8167119.93327048,237664.040868398, , , , , , , ,0, , , , , , , , , , , , , , , , , , , "
"WAYPOINT,1.28.2.7,-16.56395437393154,-71.45835054950291,8167076.30678236,237659.770138004, , , , , , , ,0, , , , , , , , , , , , , , , , , , , "
"WAYPOINT,1.28.2.8,-16.56401986330257,-71.45872222222222,8167068.57095731,237620.175702305, , , , , , , ,0, , , , , , , , , , , , , , , , , , , "
"WAYPOINT,1.28.2.9,-16.56419398206414,-71.45897777777778,8167048.96088893,237593.126245247, , , , , , , ,0, , , , , , , , , , , , , , , , , , , "
"WAYPOINT,1.28.2.10,-16.56402575427477,-71.45936388888889,8167067.08001204,237551.673472337, , , , , , , ,0, , , , , , , , , , , , , , , , , , , "
"WAYPOINT,1.28.2.11,-16.5637322463799,-71.45890710414459,8167100.17029521,237600.046208619, , , , , , , ,0, , , , , , , , , , , , , , , , , , , "
"WAYPOINT,1.28.2.12,-16.56371893468132,-71.45870732752354,8167101.90509927,237621.358180903, , , , , , , ,0, , , , , , , , , , , , , , , , , , , "
"WAYPOINT,1.28.2.13,-16.56373611111111,-71.45857265559016,8167100.17957108,237635.760285667, , , , , , , ,0, , , , , , , , , , , , , , , , , , , "
"WAYPOINT,1.28.2.14,-16.56370245530493,-71.45809211623921,8167104.53343985,237687.021526083, , , , , , , ,0, , , , , , , , , , , , , , , , , , , "
"WAYPOINT,1.28.2.15,-16.56365193558329,-71.45780833333333,8167110.49707014,237717.252381483, , , , , , , ,0, , , , , , , , , , , , , , , , , , , "
"WAYPOINT,1.28.2.16,-16.56369708436147,-71.45763776879115,8167105.72165754,237735.524592905, , , , , , , ,0, , , , , , , , , , , , , , , , , , , "
"WAYPOINT,1.28.2.17,-16.56356691212826,-71.45732282921364,8167120.54393753,237768.974146172, , , , , , , ,0, , , , , , , , , , , , , , , , , , , "
"WAYPOINT,1.28.2.18,-16.564375,-71.45555168892682,8167033.39644324,237959.171161892, , , , , , , ,0, , , , , , , , , , , , , , , , , , , "
"WAYPOINT,1.28.2.19,-16.56403888888889,-71.45659626779357,8167069.24215857,237847.187648949, , , , , , , ,0, , , , , , , , , , , , , , , , , , , "
"WAYPOINT,1.28.2.20,-16.56378985625961,-71.45694778068952,8167096.35252498,237809.319721957, , , , , , , ,0, , , , , , , , , , , , , , , , , , , "
"WAYPOINT,1.28.2.21,-16.56376666666667,-71.45703687030617,8167098.80339689,237799.77629404, , , , , , , ,0, , , , , , , , , , , , , , , , , , , "
"WAYPOINT,1.28.2.22,-16.5637698822189,-71.45726466633109,8167098.14987759,237775.459054469, , , , , , , ,0, , , , , , , , , , , , , , , , , , , "
"WAYPOINT,1.28.2.23,-16.56390425073801,-71.45755833333334,8167082.89083884,237744.286474235, , , , , , , ,0, , , , , , , , , , , , , , , , , , , "
"WAYPOINT,1.28.2.24,-16.56400555555556,-71.45718528407505,8167072.16308407,237784.25381744, , , , , , , ,0, , , , , , , , , , , , , , , , , , , "
"WAYPOINT,1.28.2.25,-16.5641787362407,-71.45729523295147,8167052.8473015,237772.749240718, , , , , , , ,0, , , , , , , , , , , , , , , , , , , "
"WAYPOINT,1.28.2.26,-16.56413173413707,-71.4574638888889,8167057.83040643,237754.678354902, , , , , , , ,0, , , , , , , , , , , , , , , , , , , "
"WAYPOINT,1.28.2.27,-16.5641,-71.45772092767257,8167061.0077704,237727.191589963, , , , , , , ,0, , , , , , , , , , , , , , , , , , , "
"WAYPOINT,1.28.2.28,-16.56402222222222,-71.45799132739728,8167069.26495837,237698.215896066, , , , , , , ,0, , , , , , , , , , , , , , , , , , , "
"WAYPOINT,1.28.2.29,-16.56393611111111,-71.45789956127447,8167078.91789213,237707.897022379, , , , , , , ,0, , , , , , , , , , , , , , , , , , , "
"WAYPOINT,1.28.2.30,-16.5655437613176,-71.45401028066078,8166906.01909498,238125.32625467, , , , , , , ,0, , , , , , , , , , , , , , , , , , , "
"WAYPOINT,1.28.3.1,-16.56948509539489,-71.45000833333333,8166474.90781986,238557.929019487, , , , , , , ,0, , , , , , , , , , , , , , , , , , , "
"WAYPOINT,1.28.3.2,-16.5681593711682,-71.45183966672782,8166619.28651276,238360.613514196, , , , , , , ,0, , , , , , , , , , , , , , , , , , , "
"WAYPOINT,1.28.3.3,-16.56835960825504,-71.45156997497723,8166597.47067125,238389.678166663, , , , , , , ,0, , , , , , , , , , , , , , , , , , , "
"WAYPOINT,1.28.3.4,-16.56973461962774,-71.45020548700111,8166447.02721495,238537.216894862, , , , , , , ,0, , , , , , , , , , , , , , , , , , , "
"WAYPOINT,1.28.3.5,-16.56962392499934,-71.44980193412121,8166459.80747197,238580.152860761, , , , , , , ,0, , , , , , , , , , , , , , , , , , , "
"WAYPOINT,1.28.3.6,-16.56971452442673,-71.44972505821917,8166449.87774363,238588.482921996, , , , , , , ,0, , , , , , , , , , , , , , , , , , , "
"WAYPOINT,1.28.3.7,-16.56979498483296,-71.44962777777778,8166441.09703844,238598.977779086, , , , , , , ,0, , , , , , , , , , , , , , , , , , , "
"WAYPOINT,1.28.3.8,-16.57100277777778,-71.44807209025035,8166309.41340337,238766.70152195, , , , , , , ,0, , , , , , , , , , , , , , , , , , , "
"WAYPOINT,1.28.3.9,-16.57068055555556,-71.44766325293145,8166345.61737297,238809.915972551, , , , , , , ,0, , , , , , , , , , , , , , , , , , , "
"WAYPOINT,1.28.3.10,-16.5707157909656,-71.44751010976793,8166341.9159412,238826.313810311, , , , , , , ,0, , , , , , , , , , , , , , , , , , , "
"WAYPOINT,1.28.3.11,-16.57059715381074,-71.44618951787842,8166356.7680082,238967.146315779, , , , , , , ,0, , , , , , , , , , , , , , , , , , , "
"WAYPOINT,1.28.3.12,-16.56991002072831,-71.44604785051362,8166433.02162985,238981.34464814, , , , , , , ,0, , , , , , , , , , , , , , , , , , , "
"WAYPOINT,1.28.3.13,-16.5707143197343,-71.44407060449305,8166346.55219074,239193.529143147, , , , , , , ,0, , , , , , , , , , , , , , , , , , , "
"WAYPOINT,1.28.3.14,-16.57282136065467,-71.44537558941032,8166111.59493597,239057.044310801, , , , , , , ,0, , , , , , , , , , , , , , , , , , , "
"WAYPOINT,1.28.3.15,-16.57211028437057,-71.44887836365007,8166185.75640575,238682.115609636, , , , , , , ,0, , , , , , , , , , , , , , , , , , , "
"WAYPOINT,1.28.3.16,-16.57178030294642,-71.44858095878041,8166222.67449247,238713.42219105, , , , , , , ,0, , , , , , , , , , , , , , , , , , , "
"WAYPOINT,1.28.3.17,-16.57157665607625,-71.44841360142532,8166245.43725488,238731.015011889, , , , , , , ,0, , , , , , , , , , , , , , , , , , , "
"WAYPOINT,1.28.3.18,-16.57147258629979,-71.44829321396962,8166257.11510534,238743.727592191, , , , , , , ,0, , , , , , , , , , , , , , , , , , , "
"WAYPOINT,1.28.3.19,-16.57120989967988,-71.44806616334175,8166286.49157415,238767.613896092, , , , , , , ,0, , , , , , , , , , , , , , , , , , , "
"WAYPOINT,1.28.3.20,-16.57118754945405,-71.44787357431866,8166289.21657728,238788.145388681, , , , , , , ,0, , , , , , , , , , , , , , , , , , , "
"WAYPOINT,1.28.3.21,-16.57102821424594,-71.44760851423574,8166307.20088292,238816.22933751, , , , , , , ,0, , , , , , , , , , , , , , , , , , , "
"WAYPOINT,1.28.3.22,-16.57166388888889,-71.4487267289021,8166235.37236109,238697.701970348, , , , , , , ,0, , , , , , , , , , , , , , , , , , , "
"WAYPOINT,1.28.3.23,-16.57218119259817,-71.44915414065191,8166177.54729189,238652.768314753, , , , , , , ,0, , , , , , , , , , , , , , , , , , , "
"WAYPOINT,1.28.3.24,-16.57239412152078,-71.44956520821259,8166153.4393995,238609.168721897, , , , , , , ,0, , , , , , , , , , , , , , , , , , , "
"WAYPOINT,1.28.3.25,-16.57238569618784,-71.44980833333334,8166154.05539278,238583.200351802, , , , , , , ,0, , , , , , , , , , , , , , , , , , , "
"WAYPOINT,1.28.3.26,-16.57235803150057,-71.45006883903967,8166156.77861456,238555.35036154, , , , , , , ,0, , , , , , , , , , , , , , , , , , , "
"WAYPOINT,1.28.3.27,-16.57228883459082,-71.45019276488641,8166164.27763042,238542.026051957, , , , , , , ,0, , , , , , , , , , , , , , , , , , , "
"WAYPOINT,1.28.3.28,-16.57220413932853,-71.45024524203058,8166173.5854993,238536.308943663, , , , , , , ,0, , , , , , , , , , , , , , , , , , , "
"WAYPOINT,1.28.3.29,-16.57222477084035,-71.45033654739204,8166171.18249371,238526.588691035, , , , , , , ,0, , , , , , , , , , , , , , , , , , , "
"WAYPOINT,1.28.3.30,-16.57215082356271,-71.45045547457161,8166179.21390133,238513.791619624, , , , , , , ,0, , , , , , , , , , , , , , , , , , , "
"WAYPOINT,1.28.3.31,-16.57207342572637,-71.45057351115102,8166187.62845989,238501.084959235, , , , , , , ,0, , , , , , , , , , , , , , , , , , , "
"WAYPOINT,1.28.3.32,-16.5716584750256,-71.4504148783294,8166233.7726066,238517.460557124, , , , , , , ,0, , , , , , , , , , , , , , , , , , , "
"WAYPOINT,1.28.3.33,-16.57321804693183,-71.44918888445994,8166062.71640911,238650.459333751, , , , , , , ,0, , , , , , , , , , , , , , , , , , , "
"WAYPOINT,1.28.3.34,-16.57331341715282,-71.44907008564934,8166052.31312791,238663.271508306, , , , , , , ,0, , , , , , , , , , , , , , , , , , , "
"WAYPOINT,1.28.3.35,-16.57337473144148,-71.44897305211774,8166045.65167584,238673.713942372, , , , , , , ,0, , , , , , , , , , , , , , , , , , , "
"WAYPOINT,1.28.3.36,-16.57344354130142,-71.44890516194349,8166038.12246041,238681.055052171, , , , , , , ,0, , , , , , , , , , , , , , , , , , , "
"WAYPOINT,1.28.3.37,-16.57350831001586,-71.44887588596743,8166030.9903289,238684.268122564, , , , , , , ,0, , , , , , , , , , , , , , , , , , , "
"WAYPOINT,1.28.3.38,-16.57358160826781,-71.44881843288054,8166022.95062746,238690.500988698, , , , , , , ,0, , , , , , , , , , , , , , , , , , , "
"WAYPOINT,1.28.3.39,-16.57366961306909,-71.44873961143776,8166013.3106566,238699.035063884, , , , , , , ,0, , , , , , , , , , , , , , , , , , , "
"WAYPOINT,1.28.3.40,-16.57373720377139,-71.44866086114031,8166005.93054613,238707.533968271, , , , , , , ,0, , , , , , , , , , , , , , , , , , , "
"WAYPOINT,1.28.3.41,-16.574043805662,-71.44838639173422,8165972.34542878,238737.251167871, , , , , , , ,0, , , , , , , , , , , , , , , , , , , "
"WAYPOINT,1.28.3.42,-16.57459522828121,-71.44789281565087,8165911.94254468,238790.691221167, , , , , , , ,0, , , , , , , , , , , , , , , , , , , "
"WAYPOINT,1.28.3.43,-16.57345229561266,-71.44945277777778,8166036.43999282,238622.601607989, , , , , , , ,0, , , , , , , , , , , , , , , , , , , "
"WAYPOINT,1.28.3.44,-16.57342766588505,-71.45026919497495,8166038.10289522,238535.404904226, , , , , , , ,0, , , , , , , , , , , , , , , , , , , "
"WAYPOINT,1.28.3.45,-16.57284902668624,-71.45036111111111,8166102.04178712,238524.809704304, , , , , , , ,0, , , , , , , , , , , , , , , , , , , "
"WAYPOINT,1.28.3.46,-16.57263333333333,-71.45020221783247,8166126.1273332,238541.482294494, , , , , , , ,0, , , , , , , , , , , , , , , , , , , "
"WAYPOINT,1.28.3.47,-16.57286902983198,-71.45011779994275,8166100.14438541,238550.813530589, , , , , , , ,0, , , , , , , , , , , , , , , , , , , "
"WAYPOINT,1.28.3.48,-16.57298094386331,-71.4498949900735,8166088.04518251,238574.752729286, , , , , , , ,0, , , , , , , , , , , , , , , , , , , "
"WAYPOINT,1.28.3.49,-16.57253842866002,-71.45043706161175,8166136.32779118,238516.281230288, , , , , , , ,0, , , , , , , , , , , , , , , , , , , "
"WAYPOINT,1.28.3.50,-16.57228683029249,-71.45089196459291,8166163.58829921,238467.373969357, , , , , , , ,0, , , , , , , , , , , , , , , , , , , "
"WAYPOINT,1.28.3.51,-16.5722898965293,-71.4511756520488,8166162.87906453,238437.09049016, , , , , , , ,0, , , , , , , , , , , , , , , , , , , "
"WAYPOINT,1.28.3.52,-16.57238244509145,-71.45150707612645,8166152.20133817,238401.831419469, , , , , , , ,0, , , , , , , , , , , , , , , , , , , "
"WAYPOINT,1.28.3.53,-16.57237690123769,-71.45169674238611,8166152.56778773,238381.574387584, , , , , , , ,0, , , , , , , , , , , , , , , , , , , "
"WAYPOINT,1.28.3.54,-16.57247815713489,-71.45190054107202,8166141.09243477,238359.952921564, , , , , , , ,0, , , , , , , , , , , , , , , , , , , "
"WAYPOINT,1.28.3.55,-16.57238715086585,-71.45203888888889,8166150.9869542,238345.059295939, , , , , , , ,0, , , , , , , , , , , , , , , , , , , "
"WAYPOINT,1.28.3.56,-16.57236425859747,-71.45213004984493,8166153.40238284,238335.295625388, , , , , , , ,0, , , , , , , , , , , , , , , , , , , "
"WAYPOINT,1.28.3.57,-16.5723013343515,-71.45227270470085,8166160.18242633,238319.980116224, , , , , , , ,0, , , , , , , , , , , , , , , , , , , "
"WAYPOINT,1.28.3.58,-16.57293675021624,-71.45281720118037,8166089.12795549,238262.706894498, , , , , , , ,0, , , , , , , , , , , , , , , , , , , "
"WAYPOINT,1.28.3.59,-16.57221111111111,-71.45238766971636,8166170.02073258,238307.583960976, , , , , , , ,0, , , , , , , , , , , , , , , , , , , "
"WAYPOINT,1.28.3.60,-16.57218174862319,-71.45250577398372,8166173.11729603,238294.934943494, , , , , , , ,0, , , , , , , , , , , , , , , , , , , "
"WAYPOINT,1.28.3.61,-16.57217281367391,-71.45259920400191,8166173.98458711,238284.947876411, , , , , , , ,0, , , , , , , , , , , , , , , , , , , "
"WAYPOINT,1.28.3.62,-16.57212183375681,-71.45268594162548,8166179.51522838,238275.618449583, , , , , , , ,0, , , , , , , , , , , , , , , , , , , "
"WAYPOINT,1.28.3.63,-16.57199827337255,-71.45294783746012,8166192.85246694,238247.490197441, , , , , , , ,0, , , , , , , , , , , , , , , , , , , "
"WAYPOINT,1.28.3.64,-16.57190833333333,-71.45305024396406,8166202.67576934,238236.435171269, , , , , , , ,0, , , , , , , , , , , , , , , , , , , "
"WAYPOINT,1.28.3.65,-16.57192551060643,-71.45314090940784,8166200.65586456,238226.778565694, , , , , , , ,0, , , , , , , , , , , , , , , , , , , "
"WAYPOINT,1.28.3.66,-16.57180277777778,-71.45333941387774,8166213.98413861,238205.41931377, , , , , , , ,0, , , , , , , , , , , , , , , , , , , "
"WAYPOINT,1.28.3.67,-16.57174075884231,-71.4534925383031,8166220.65021713,238188.987155655, , , , , , , ,0, , , , , , , , , , , , , , , , , , , "
"WAYPOINT,1.28.3.68,-16.57202430086231,-71.45367662117599,8166189.02023374,238169.717279712, , , , , , , ,0, , , , , , , , , , , , , , , , , , , "
"WAYPOINT,1.28.3.69,-16.57281065937086,-71.45353636658601,8166102.14868106,238185.755425737, , , , , , , ,0, , , , , , , , , , , , , , , , , , , "
"WAYPOINT,1.28.3.70,-16.57275715310795,-71.45369444444445,8166107.86586658,238168.806009698, , , , , , , ,0, , , , , , , , , , , , , , , , , , , "
"WAYPOINT,1.28.3.71,-16.5725943074653,-71.45392180974243,8166125.59713954,238144.31121457, , , , , , , ,0, , , , , , , , , , , , , , , , , , , "
"WAYPOINT,1.28.3.72,-16.57251467258881,-71.4541852449325,8166134.06938191,238116.078019746, , , , , , , ,0, , , , , , , , , , , , , , , , , , , "
"WAYPOINT,1.28.3.73,-16.57209002649083,-71.45395481542276,8166181.38098228,238140.104981628, , , , , , , ,0, , , , , , , , , , , , , , , , , , , "
"WAYPOINT,1.28.3.74,-16.57206152158162,-71.45385803130132,8166184.66295014,238150.399504581, , , , , , , ,0, , , , , , , , , , , , , , , , , , , "
"WAYPOINT,1.28.3.75,-16.5716834352234,-71.4536226795227,8166226.8264743,238175.015130579, , , , , , , ,0, , , , , , , , , , , , , , , , , , , "
"WAYPOINT,1.28.3.76,-16.57161844701741,-71.45374541117289,8166233.8609076,238161.82380545, , , , , , , ,0, , , , , , , , , , , , , , , , , , , "
"WAYPOINT,1.28.3.77,-16.57168016314245,-71.45392921322623,8166226.78871338,238142.283762174, , , , , , , ,0, , , , , , , , , , , , , , , , , , , "
"WAYPOINT,1.28.3.78,-16.57154706865399,-71.45395993308769,8166241.48297827,238138.823867725, , , , , , , ,0, , , , , , , , , , , , , , , , , , , "
"WAYPOINT,1.28.3.79,-16.57150376193097,-71.45401978201566,8166246.19918728,238132.375513952, , , , , , , ,0, , , , , , , , , , , , , , , , , , , "
"WAYPOINT,1.28.3.80,-16.57145867332584,-71.45410524495252,8166251.07923175,238123.1900734, , , , , , , ,0, , , , , , , , , , , , , , , , , , , "
"WAYPOINT,1.28.3.81,-16.57143795633208,-71.45418611111111,8166253.26718895,238114.528384062, , , , , , , ,0, , , , , , , , , , , , , , , , , , , "
"WAYPOINT,1.28.3.82,-16.57140277777778,-71.45427921832093,8166257.04014775,238104.540208173, , , , , , , ,0, , , , , , , , , , , , , , , , , , , "
"WAYPOINT,1.28.3.83,-16.57137294373274,-71.45437033585368,8166260.22403009,238094.771688835, , , , , , , ,0, , , , , , , , , , , , , , , , , , , "
"WAYPOINT,1.28.3.84,-16.57132300779466,-71.45448055555556,8166265.60837532,238082.936519676, , , , , , , ,0, , , , , , , , , , , , , , , , , , , "
"WAYPOINT,1.28.3.85,-16.57125070037108,-71.45463582985035,8166273.41056165,238066.260816136, , , , , , , ,0, , , , , , , , , , , , , , , , , , , "
"WAYPOINT,1.28.3.86,-16.57118971696671,-71.45479236617351,8166279.95745203,238049.465686893, , , , , , , ,0, , , , , , , , , , , , , , , , , , , "
"WAYPOINT,1.28.3.87,-16.5716829862194,-71.45527416994179,8166224.7205382,237998.693774452, , , , , , , ,0, , , , , , , , , , , , , , , , , , , "
"WAYPOINT,1.28.3.88,-16.57112708574119,-71.4548971700316,8166286.75429039,238038.191529679, , , , , , , ,0, , , , , , , , , , , , , , , , , , , "
"WAYPOINT,1.28.3.89,-16.57109328187348,-71.45499642271821,8166290.3670084,238027.549059564, , , , , , , ,0, , , , , , , , , , , , , , , , , , , "
"WAYPOINT,1.28.3.90,-16.57102642822708,-71.45516944444445,8166297.5422197,238008.985889806, , , , , , , ,0, , , , , , , , , , , , , , , , , , , "
"WAYPOINT,1.28.3.91,-16.57094832810976,-71.45532754116547,8166305.98195658,237992.000948544, , , , , , , ,0, , , , , , , , , , , , , , , , , , , "
"WAYPOINT,1.28.3.92,-16.57092169200383,-71.45554211257165,8166308.65055947,237969.05614691, , , , , , , ,0, , , , , , , , , , , , , , , , , , , "
"WAYPOINT,1.28.3.93,-16.57082616053512,-71.45560833333333,8166319.14000138,237961.856726556, , , , , , , ,0, , , , , , , , , , , , , , , , , , , "
"WAYPOINT,1.28.3.94,-16.57078229607525,-71.45579361549673,8166323.75410802,237942.015644944, , , , , , , ,0, , , , , , , , , , , , , , , , , , , "
"WAYPOINT,1.28.3.95,-16.57045394742103,-71.45657675837961,8166359.08143109,237857.958445622, , , , , , , ,0, , , , , , , , , , , , , , , , , , , "
"WAYPOINT,1.28.3.96,-16.57037360135245,-71.45671926542738,8166367.79006984,237842.63477894, , , , , , , ,0, , , , , , , , , , , , , , , , , , , "
"WAYPOINT,1.28.3.97,-16.57020543944232,-71.45717083578438,8166385.81665105,237794.194803516, , , , , , , ,0, , , , , , , , , , , , , , , , , , , "
"WAYPOINT,1.28.3.98,-16.57008140939424,-71.45756276676639,8166399.03540153,237752.181975701, , , , , , , ,0, , , , , , , , , , , , , , , , , , , "
"WAYPOINT,1.28.3.99,-16.57004020360139,-71.45773753512343,8166403.36874008,237733.466865919, , , , , , , ,0, , , , , , , , , , , , , , , , , , , "
"WAYPOINT,1.28.3.100,-16.56988143898022,-71.45791073650187,8166420.71860619,237714.759726279, , , , , , , ,0, , , , , , , , , , , , , , , , , , , "
"WAYPOINT,1.28.3.101,-16.56898888888889,-71.459934082423,8166516.88399659,237497.52476397, , , , , , , ,0, , , , , , , , , , , , , , , , , , , "
"WAYPOINT,1.28.3.102,-16.56898369124595,-71.45938533845136,8166518.17709008,237556.105168383, , , , , , , ,0, , , , , , , , , , , , , , , , , , , "
"WAYPOINT,1.28.3.103,-16.56920833333333,-71.45898042134179,8166493.8372688,237599.641283885, , , , , , , ,0, , , , , , , , , , , , , , , , , , , "
"WAYPOINT,1.28.3.104,-16.56963037269998,-71.45785108218459,8166448.59117314,237720.788528583, , , , , , , ,0, , , , , , , , , , , , , , , , , , , "
"WAYPOINT,1.28.3.105,-16.56967885419594,-71.45775173772191,8166443.35380499,237731.460836063, , , , , , , ,0, , , , , , , , , , , , , , , , , , , "
"WAYPOINT,1.28.3.106,-16.56972446432257,-71.45769058554538,8166438.38439894,237738.051612216, , , , , , , ,0, , , , , , , , , , , , , , , , , , , "
"WAYPOINT,1.28.3.107,-16.56977997052015,-71.45758607459311,8166432.37609701,237749.285033125, , , , , , , ,0, , , , , , , , , , , , , , , , , , , "
"WAYPOINT,1.28.3.108,-16.56981736434551,-71.45743611111111,8166428.43233689,237765.346683308, , , , , , , ,0, , , , , , , , , , , , , , , , , , , "
"WAYPOINT,1.28.3.109,-16.56997583047095,-71.45711746927617,8166411.30551145,237799.581436002, , , , , , , ,0, , , , , , , , , , , , , , , , , , , "
"WAYPOINT,1.28.3.110,-16.56927005163843,-71.45666412370404,8166490.03183802,237847.027215807, , , , , , , ,0, , , , , , , , , , , , , , , , , , , "
"WAYPOINT,1.28.3.111,-16.56942030713487,-71.45634722222222,8166473.81157226,237881.065043393, , , , , , , ,0, , , , , , , , , , , , , , , , , , , "
"WAYPOINT,1.28.3.112,-16.56956944444444,-71.45602491092431,8166457.72211455,237915.678883007, , , , , , , ,0, , , , , , , , , , , , , , , , , , , "
"WAYPOINT,1.28.3.113,-16.5698548606542,-71.4561385878757,8166425.97633607,237903.928581815, , , , , , , ,0, , , , , , , , , , , , , , , , , , , "
"WAYPOINT,1.28.3.114,-16.57025359252598,-71.45638478128744,8166381.51271958,237878.183598617, , , , , , , ,0, , , , , , , , , , , , , , , , , , , "
"WAYPOINT,1.28.3.115,-16.57020746060815,-71.45650517619339,8166386.4625417,237865.267086034, , , , , , , ,0, , , , , , , , , , , , , , , , , , , "
"WAYPOINT,1.28.3.116,-16.57016210592478,-71.4566374748884,8166391.31076195,237851.080704012, , , , , , , ,0, , , , , , , , , , , , , , , , , , , "
"WAYPOINT,1.28.3.117,-16.57004363798563,-71.45692117088072,8166404.05527014,237820.631237369, , , , , , , ,0, , , , , , , , , , , , , , , , , , , "
"WAYPOINT,1.28.3.118,-16.56942232914462,-71.45657080394204,8166473.29568412,237857.196854537, , , , , , , ,0, , , , , , , , , , , , , , , , , , , "
"WAYPOINT,1.28.3.119,-16.56931803529716,-71.45605956643507,8166485.5093809,237911.638405456, , , , , , , ,0, , , , , , , , , , , , , , , , , , , "
"WAYPOINT,1.28.3.120,-16.56938222732822,-71.45585752952903,8166478.66677498,237933.296003199, , , , , , , ,0, , , , , , , , , , , , , , , , , , , "
"WAYPOINT,1.28.3.121,-16.56944966331141,-71.45567399213168,8166471.44086789,237952.982858927, , , , , , , ,0, , , , , , , , , , , , , , , , , , , "
"WAYPOINT,1.28.3.122,-16.5693507045233,-71.45547716828281,8166482.65320126,237973.862965671, , , , , , , ,0, , , , , , , , , , , , , , , , , , , "
"WAYPOINT,1.28.3.123,-16.5696,-71.455357567473,8166455.21083795,237986.969755293, , , , , , , ,0, , , , , , , , , , , , , , , , , , , "
"WAYPOINT,1.28.3.124,-16.56947354814745,-71.45520000000001,8166469.41553677,238003.6213989, , , , , , , ,0, , , , , , , , , , , , , , , , , , , "
"WAYPOINT,1.28.3.125,-16.56966944444444,-71.45520128626677,8166447.72695451,238003.749255502, , , , , , , ,0, , , , , , , , , , , , , , , , , , , "
"WAYPOINT,1.28.3.126,-16.56978345519708,-71.45467812942837,8166435.78820503,238059.758802309, , , , , , , ,0, , , , , , , , , , , , , , , , , , , "
"WAYPOINT,1.28.3.127,-16.56985833333333,-71.45452160919817,8166427.70303987,238076.571127692, , , , , , , ,0, , , , , , , , , , , , , , , , , , , "
"WAYPOINT,1.28.3.128,-16.56992537199113,-71.45437923761996,8166420.4672749,238091.862240819, , , , , , , ,0, , , , , , , , , , , , , , , , , , , "
"WAYPOINT,1.28.3.129,-16.57002034719394,-71.45419732612844,8166410.19035881,238111.412645917, , , , , , , ,0, , , , , , , , , , , , , , , , , , , "
"WAYPOINT,1.28.3.130,-16.57009523109594,-71.45402777777778,8166402.12152109,238129.615888457, , , , , , , ,0, , , , , , , , , , , , , , , , , , , "
"WAYPOINT,1.28.3.131,-16.56950805067553,-71.45371993652222,8166467.52756782,238161.688302224, , , , , , , ,0, , , , , , , , , , , , , , , , , , , "
"WAYPOINT,1.28.3.132,-16.56921130977314,-71.45365645621028,8166500.46136874,238168.064385226, , , , , , , ,0, , , , , , , , , , , , , , , , , , , "
"WAYPOINT,1.28.3.133,-16.56821440845067,-71.45318139082298,8166611.44396365,238217.43684747, , , , , , , ,0, , , , , , , , , , , , , , , , , , , "
"WAYPOINT,1.28.3.134,-16.56931416264719,-71.45344653899753,8166489.34880974,238190.615521352, , , , , , , ,0, , , , , , , , , , , , , , , , , , , "
"WAYPOINT,1.28.3.135,-16.56957222222222,-71.45327265353609,8166461.00692954,238209.529610769, , , , , , , ,0, , , , , , , , , , , , , , , , , , , "
"WAYPOINT,1.28.3.136,-16.57006755089705,-71.45336738468566,8166406.04753758,238200.085609128, , , , , , , ,0, , , , , , , , , , , , , , , , , , , "
"WAYPOINT,1.28.3.137,-16.57037801262572,-71.45348969664505,8166371.51801479,238187.446914501, , , , , , , ,0, , , , , , , , , , , , , , , , , , , "
"WAYPOINT,1.28.3.138,-16.57029166666667,-71.4536663432682,8166380.84655145,238168.470368604, , , , , , , ,0, , , , , , , , , , , , , , , , , , , "
"WAYPOINT,1.28.3.139,-16.57022913334662,-71.45385707148016,8166387.52049834,238148.022596742, , , , , , , ,0, , , , , , , , , , , , , , , , , , , "
"WAYPOINT,1.28.3.140,-16.56962628672808,-71.45269579373111,8166455.77409506,238271.1915583, , , , , , , ,0, , , , , , , , , , , , , , , , , , , "
"WAYPOINT,1.28.3.141,-16.56971872722875,-71.45249531288049,8166445.80184591,238292.721023036, , , , , , , ,0, , , , , , , , , , , , , , , , , , , "
"WAYPOINT,1.28.3.142,-16.56979360165352,-71.452775,8166437.14804863,238262.961322711, , , , , , , ,0, , , , , , , , , , , , , , , , , , , "
"WAYPOINT,1.28.3.143,-16.57052889205309,-71.45313662762911,8166355.27537674,238225.3465067, , , , , , , ,0, , , , , , , , , , , , , , , , , , , "
"WAYPOINT,1.28.3.144,-16.57062806057397,-71.45290128480885,8166344.60382564,238250.607048109, , , , , , , ,0, , , , , , , , , , , , , , , , , , , "
"WAYPOINT,1.28.3.145,-16.57071995482148,-71.45272002200265,8166334.6670181,238270.083868453, , , , , , , ,0, , , , , , , , , , , , , , , , , , , "
"WAYPOINT,1.28.3.146,-16.5709375026338,-71.45236115272672,8166311.051235,238308.692731623, , , , , , , ,0, , , , , , , , , , , , , , , , , , , "
"WAYPOINT,1.28.3.147,-16.57088114514557,-71.45217954135198,8166317.52716981,238328.006246152, , , , , , , ,0, , , , , , , , , , , , , , , , , , , "
"WAYPOINT,1.28.3.148,-16.57076032714162,-71.4520129049474,8166331.11971426,238345.633815163, , , , , , , ,0, , , , , , , , , , , , , , , , , , , "
"WAYPOINT,1.28.3.149,-16.57069927996272,-71.4517276850019,8166338.24987043,238376.002782268, , , , , , , ,0, , , , , , , , , , , , , , , , , , , "
"WAYPOINT,1.28.3.150,-16.57070234246378,-71.4515729091121,8166338.11261681,238392.531566389, , , , , , , ,0, , , , , , , , , , , , , , , , , , , "
"WAYPOINT,1.28.3.151,-16.57051101558072,-71.45097222222222,8166360.07660451,238456.405303169, , , , , , , ,0, , , , , , , , , , , , , , , , , , , "
"WAYPOINT,1.28.3.152,-16.57097892911682,-71.45183982400688,8166307.14487809,238364.408334197, , , , , , , ,0, , , , , , , , , , , , , , , , , , , "
"WAYPOINT,1.28.3.153,-16.57118042298176,-71.45225383301991,8166284.29848567,238320.479183815, , , , , , , ,0, , , , , , , , , , , , , , , , , , , "
"WAYPOINT,1.28.3.154,-16.57192069475303,-71.4509725874405,8166204.01652746,238458.271490097, , , , , , , ,0, , , , , , , , , , , , , , , , , , , "
"WAYPOINT,1.28.3.155,-16.57204795984364,-71.45100072497188,8166189.89087242,238455.439415815, , , , , , , ,0, , , , , , , , , , , , , , , , , , , "
"WAYPOINT,1.28.3.156,-16.5720437012102,-71.45112180334668,8166190.2045032,238442.506824874, , , , , , , ,0, , , , , , , , , , , , , , , , , , , "
"WAYPOINT,1.28.3.157,-16.5720411762808,-71.45120195034899,8166190.37955233,238433.946581332, , , , , , , ,0, , , , , , , , , , , , , , , , , , , "
"WAYPOINT,1.28.3.158,-16.5720905745613,-71.45138617908411,8166184.67071323,238414.344322175, , , , , , , ,0, , , , , , , , , , , , , , , , , , , "
"WAYPOINT,1.28.3.159,-16.57215883033936,-71.45157764963982,8166176.86477857,238393.994397586, , , , , , , ,0, , , , , , , , , , , , , , , , , , , "
"WAYPOINT,1.28.3.160,-16.57213540328565,-71.45179302495244,8166179.17747676,238370.968356682, , , , , , , ,0, , , , , , , , , , , , , , , , , , , "
"WAYPOINT,1.28.3.161,-16.57214444444444,-71.45199543150464,8166177.91264151,238349.370808165, , , , , , , ,0, , , , , , , , , , , , , , , , , , , "
"WAYPOINT,1.28.3.162,-16.57209282481453,-71.45214543858729,8166183.4316218,238333.285620083, , , , , , , ,0, , , , , , , , , , , , , , , , , , , "
"WAYPOINT,1.28.3.163,-16.57204698872484,-71.45228942847592,8166188.31816668,238317.850664551, , , , , , , ,0, , , , , , , , , , , , , , , , , , , "
"WAYPOINT,1.28.3.164,-16.57189444444444,-71.45252196633216,8166204.90243667,238292.817624015, , , , , , , ,0, , , , , , , , , , , , , , , , , , , "
"WAYPOINT,1.28.3.165,-16.57176039572641,-71.45284026401214,8166219.32725012,238258.65345632, , , , , , , ,0, , , , , , , , , , , , , , , , , , , "
"WAYPOINT,1.28.3.166,-16.57158739908586,-71.45314719768147,8166238.07860589,238225.649823596, , , , , , , ,0, , , , , , , , , , , , , , , , , , , "
"WAYPOINT,1.28.3.167,-16.57134722222222,-71.45275523795242,8166265.17889629,238267.172396485, , , , , , , ,0, , , , , , , , , , , , , , , , , , , "
"WAYPOINT,1.28.3.168,-16.57124196768391,-71.45252777777778,8166277.127864,238291.314767856, , , , , , , ,0, , , , , , , , , , , , , , , , , , , "
"WAYPOINT,1.28.3.169,-16.57182222222222,-71.4522485819208,8166213.25440349,238321.907674278, , , , , , , ,0, , , , , , , , , , , , , , , , , , , "
"WAYPOINT,1.28.3.170,-16.57101342282173,-71.45260560454472,8166302.32761743,238282.696530619, , , , , , , ,0, , , , , , , , , , , , , , , , , , , "
"WAYPOINT,1.28.3.171,-16.57117222222222,-71.45292034760294,8166284.33706049,238249.307813122, , , , , , , ,0, , , , , , , , , , , , , , , , , , , "
"WAYPOINT,1.28.3.172,-16.57148055555556,-71.453548711964,8166249.38297249,238182.637758143, , , , , , , ,0, , , , , , , , , , , , , , , , , , , "
"WAYPOINT,1.28.3.173,-16.57136773145566,-71.45380053754755,8166261.54467912,238155.599020182, , , , , , , ,0, , , , , , , , , , , , , , , , , , , "
"WAYPOINT,1.28.3.174,-16.57131748774948,-71.45396388888889,8166266.89379228,238138.090865977, , , , , , , ,0, , , , , , , , , , , , , , , , , , , "
"WAYPOINT,1.28.3.175,-16.57075028188091,-71.45409452068824,8166329.51639296,238123.376439811, , , , , , , ,0, , , , , , , , , , , , , , , , , , , "
"WAYPOINT,1.28.3.176,-16.57048888888889,-71.45394458252436,8166358.64982103,238139.030914599, , , , , , , ,0, , , , , , , , , , , , , , , , , , , "
"WAYPOINT,1.28.3.177,-16.57058991585074,-71.45376666666667,8166347.69769301,238158.16283254, , , , , , , ,0, , , , , , , , , , , , , , , , , , , "
"WAYPOINT,1.28.3.178,-16.57060097391984,-71.45353443260534,8166346.77651117,238182.972302051, , , , , , , ,0, , , , , , , , , , , , , , , , , , , "
"WAYPOINT,1.28.3.179,-16.57064328025747,-71.45342338907733,8166342.23782516,238194.885113716, , , , , , , ,0, , , , , , , , , , , , , , , , , , , "
"WAYPOINT,1.28.3.180,-16.57070121840878,-71.45329002869393,8166335.99771332,238209.201726447, , , , , , , ,0, , , , , , , , , , , , , , , , , , , "
"WAYPOINT,1.28.3.181,-16.57035833333334,-71.45409863179569,8166372.90207208,238122.407142139, , , , , , , ,0, , , , , , , , , , , , , , , , , , , "
"WAYPOINT,1.28.3.182,-16.57068727133797,-71.45424886587723,8166336.29060743,238106.812487159, , , , , , , ,0, , , , , , , , , , , , , , , , , , , "
"WAYPOINT,1.28.3.183,-16.57110177138238,-71.45444387834749,8166290.14844662,238086.552929927, , , , , , , ,0, , , , , , , , , , , , , , , , , , , "
"WAYPOINT,1.28.3.184,-16.57105343175292,-71.45449335085533,8166295.43536016,238081.205575893, , , , , , , ,0, , , , , , , , , , , , , , , , , , , "
"WAYPOINT,1.28.3.185,-16.57099958022301,-71.45461944444445,8166301.2324601,238067.67030878, , , , , , , ,0, , , , , , , , , , , , , , , , , , , "
"WAYPOINT,1.28.3.186,-16.57093275503773,-71.45467777777778,8166308.55426572,238061.351899997, , , , , , , ,0, , , , , , , , , , , , , , , , , , , "
"WAYPOINT,1.28.3.187,-16.57040931731157,-71.45432888202987,8166366.95735157,238097.893394172, , , , , , , ,0, , , , , , , , , , , , , , , , , , , "
"WAYPOINT,1.28.3.188,-16.57012212198127,-71.45469166666668,8166398.2780882,238058.771859909, , , , , , , ,0, , , , , , , , , , , , , , , , , , , "
"WAYPOINT,1.28.3.189,-16.569994171424,-71.4550377031854,8166411.99127586,238021.653892961, , , , , , , ,0, , , , , , , , , , , , , , , , , , , "
"WAYPOINT,1.28.3.190,-16.56993933726847,-71.45515582063771,8166417.90754574,238008.9687828, , , , , , , ,0, , , , , , , , , , , , , , , , , , , "
"WAYPOINT,1.28.3.191,-16.5698373311232,-71.45547222222223,8166428.78714667,237975.049859867, , , , , , , ,0, , , , , , , , , , , , , , , , , , , "
"WAYPOINT,1.28.3.192,-16.56977928059009,-71.45566582577339,8166434.96089727,237954.301038555, , , , , , , ,0, , , , , , , , , , , , , , , , , , , "
"WAYPOINT,1.28.3.193,-16.56999444444444,-71.45592173761909,8166410.80676386,237927.269774523, , , , , , , ,0, , , , , , , , , , , , , , , , , , , "
"WAYPOINT,1.28.3.194,-16.57034483957452,-71.45612815083204,8166371.74630808,237905.706459729, , , , , , , ,0, , , , , , , , , , , , , , , , , , , "
"WAYPOINT,1.28.3.195,-16.57038850043632,-71.45603350940267,8166367.03639051,237915.870023323, , , , , , , ,0, , , , , , , , , , , , , , , , , , , "
"WAYPOINT,1.28.3.196,-16.57048333325197,-71.45577963061545,8166356.86937586,237943.10391507, , , , , , , ,0, , , , , , , , , , , , , , , , , , , "
"WAYPOINT,1.28.3.197,-16.57056088015623,-71.45554960752988,8166348.58483527,237967.767410555, , , , , , , ,0, , , , , , , , , , , , , , , , , , , "
"WAYPOINT,1.28.3.198,-16.57061700556538,-71.45541259857389,8166342.55031086,237982.471202756, , , , , , , ,0, , , , , , , , , , , , , , , , , , , "
"WAYPOINT,1.28.5.1,-16.54920094072191,-71.47161221022188,8168692.2388585,236223.737528382, , , , , , , ,0, , , , , , , , , , , , , , , , , , , "
"WAYPOINT,1.28.5.2,-16.5522589000845,-71.47146274592645,8168353.89752247,236243.859518163, , , , , , , ,0, , , , , , , , , , , , , , , , , , , "
"WAYPOINT,1.28.5.3,-16.55229410802643,-71.47164558889944,8168349.75967734,236224.384115878, , , , , , , ,0, , , , , , , , , , , , , , , , , , , "
"WAYPOINT,1.28.5.4,-16.55083569740004,-71.47198844115859,8168510.76580538,236185.789854312, , , , , , , ,0, , , , , , , , , , , , , , , , , , , "
"WAYPOINT,1.28.5.5,-16.54985723366864,-71.47205252267543,8168619.00449148,236177.61523807, , , , , , , ,0, , , , , , , , , , , , , , , , , , , "
"WAYPOINT,1.28.5.6,-16.54962701525031,-71.47187788117141,8168644.7206082,236195.949679811, , , , , , , ,0, , , , , , , , , , , , , , , , , , , "
"WAYPOINT,1.28.5.7,-16.54916728259551,-71.47188578468214,8168695.60586911,236194.479917332, , , , , , , ,0, , , , , , , , , , , , , , , , , , , "
"WAYPOINT,1.28.5.8,-16.54956968564323,-71.47226439468389,8168650.55986235,236154.60048312, , , , , , , ,0, , , , , , , , , , , , , , , , , , , "
"WAYPOINT,1.28.5.9,-16.54942476337481,-71.47218553024767,8168666.70734447,236162.824163073, , , , , , , ,0, , , , , , , , , , , , , , , , , , , "
"WAYPOINT,1.28.5.10,-16.549268069188,-71.47210641053246,8168684.15839102,236171.059088518, , , , , , , ,0, , , , , , , , , , , , , , , , , , , "
"WAYPOINT,1.28.5.11,-16.54907251987547,-71.47206632967971,8168705.85970764,236175.072629432, , , , , , , ,0, , , , , , , , , , , , , , , , , , , "
"WAYPOINT,1.28.5.12,-16.54891186009817,-71.47239033733666,8168723.22040504,236140.256888657, , , , , , , ,0, , , , , , , , , , , , , , , , , , , "
"WAYPOINT,1.28.5.13,-16.5488274273331,-71.47252055920501,8168732.39669246,236126.237037373, , , , , , , ,0, , , , , , , , , , , , , , , , , , , "
"WAYPOINT,1.28.5.14,-16.54879772521599,-71.47263055555555,8168735.54046548,236114.451349854, , , , , , , ,0, , , , , , , , , , , , , , , , , , , "
"WAYPOINT,1.28.5.15,-16.54869171725962,-71.47276111111111,8168747.10482699,236100.366467285, , , , , , , ,0, , , , , , , , , , , , , , , , , , , "
"WAYPOINT,1.28.5.16,-16.54865305718122,-71.47281942550569,8168751.30817964,236094.087093578, , , , , , , ,0, , , , , , , , , , , , , , , , , , , "
"WAYPOINT,1.28.5.17,-16.54882980053655,-71.47309686311762,8168731.37701239,236064.703406689, , , , , , , ,0, , , , , , , , , , , , , , , , , , , "
"WAYPOINT,1.28.5.18,-16.54877105243017,-71.47303166816187,8168737.96648496,236071.58481769, , , , , , , ,0, , , , , , , , , , , , , , , , , , , "
"WAYPOINT,1.28.5.19,-16.54873020510046,-71.4729913133219,8168742.54158309,236075.83821951, , , , , , , ,0, , , , , , , , , , , , , , , , , , , "
"WAYPOINT,1.28.5.20,-16.54861860414482,-71.47291493247889,8168754.99692939,236083.842074451, , , , , , , ,0, , , , , , , , , , , , , , , , , , , "
"WAYPOINT,1.28.5.21,-16.54857252983697,-71.47297984749045,8168760.01241574,236076.847792715, , , , , , , ,0, , , , , , , , , , , , , , , , , , , "
"WAYPOINT,1.28.5.22,-16.54849268146198,-71.47308870635271,8168768.70920621,236065.115244145, , , , , , , ,0, , , , , , , , , , , , , , , , , , , "
"WAYPOINT,1.28.5.23,-16.54844350145759,-71.47319761238452,8168774.01072268,236053.419418164, , , , , , , ,0, , , , , , , , , , , , , , , , , , , "
"WAYPOINT,1.28.5.24,-16.54839862294824,-71.4732921163076,8168778.85494727,236043.267283726, , , , , , , ,0, , , , , , , , , , , , , , , , , , , "
"WAYPOINT,1.28.5.25,-16.54834674066136,-71.47339953270217,8168784.45757226,236031.726826408, , , , , , , ,0, , , , , , , , , , , , , , , , , , , "
"WAYPOINT,1.28.5.26,-16.548307597854,-71.47346121194634,8168788.70992903,236025.0874743, , , , , , , ,0, , , , , , , , , , , , , , , , , , , "
"WAYPOINT,1.28.5.27,-16.54873511748575,-71.47372558896353,8168741.03309848,235997.439998849, , , , , , , ,0, , , , , , , , , , , , , , , , , , , "
"WAYPOINT,1.28.5.28,-16.54860571206029,-71.47420277777778,8168754.73215264,235946.310115256, , , , , , , ,0, , , , , , , , , , , , , , , , , , , "
"WAYPOINT,1.28.5.29,-16.54813985803772,-71.47371632873524,8168806.94474515,235997.617900759, , , , , , , ,0, , , , , , , , , , , , , , , , , , , "
"WAYPOINT,1.28.5.30,-16.54803407503348,-71.47389722222222,8168818.41799854,235978.158175504, , , , , , , ,0, , , , , , , , , , , , , , , , , , , "
"WAYPOINT,1.28.5.31,-16.54794301786333,-71.47401166141196,8168828.348306,235965.814418103, , , , , , , ,0, , , , , , , , , , , , , , , , , , , "
"WAYPOINT,1.28.5.32,-16.54823055555556,-71.47429582957841,8168796.14238743,235935.862987261, , , , , , , ,0, , , , , , , , , , , , , , , , , , , "
"WAYPOINT,1.28.5.33,-16.54871336828492,-71.47460773265135,8168742.28160316,235903.216260607, , , , , , , ,0, , , , , , , , , , , , , , , , , , , "
"WAYPOINT,1.28.5.34,-16.54948176720867,-71.47505277777778,8168656.62924594,235856.742283364, , , , , , , ,0, , , , , , , , , , , , , , , , , , , "
"WAYPOINT,1.28.5.35,-16.55075618602131,-71.47551714863076,8168514.93122187,235808.895070227, , , , , , , ,0, , , , , , , , , , , , , , , , , , , "
"WAYPOINT,1.28.5.36,-16.55108205893013,-71.47556712263597,8168478.78899197,235804.003283644, , , , , , , ,0, , , , , , , , , , , , , , , , , , , "
"WAYPOINT,1.28.5.37,-16.55044715204692,-71.47606471301171,8168548.42340481,235750.006007615, , , , , , , ,0, , , , , , , , , , , , , , , , , , , "
"WAYPOINT,1.28.5.38,-16.54882929320082,-71.47486178014434,8168729.11393729,235876.247398318, , , , , , , ,0, , , , , , , , , , , , , , , , , , , "
"WAYPOINT,1.28.5.39,-16.54870659033481,-71.47480316304052,8168742.77508626,235882.339223365, , , , , , , ,0, , , , , , , , , , , , , , , , , , , "
"WAYPOINT,1.28.5.40,-16.54857118521175,-71.47472500000001,8168757.86815633,235890.500837289, , , , , , , ,0, , , , , , , , , , , , , , , , , , , "
"WAYPOINT,1.28.5.41,-16.54808934178114,-71.47436087096919,8168811.69028967,235928.725521845, , , , , , , ,0, , , , , , , , , , , , , , , , , , , "
"WAYPOINT,1.28.5.42,-16.54780642649937,-71.47419932301156,8168843.22334802,235945.58998538, , , , , , , ,0, , , , , , , , , , , , , , , , , , , "
"WAYPOINT,1.28.5.43,-16.54773448218018,-71.47429829140938,8168851.05804198,235934.924198162, , , , , , , ,0, , , , , , , , , , , , , , , , , , , "
"WAYPOINT,1.28.5.44,-16.54764137017754,-71.47440424769816,8168861.22696291,235923.483398726, , , , , , , ,0, , , , , , , , , , , , , , , , , , , "
"WAYPOINT,1.28.5.45,-16.54753033308204,-71.47445474272723,8168873.45320633,235917.940279013, , , , , , , ,0, , , , , , , , , , , , , , , , , , , "
"WAYPOINT,1.28.5.46,-16.54744457984901,-71.4745739756581,8168882.79000258,235905.091815767, , , , , , , ,0, , , , , , , , , , , , , , , , , , , "
"WAYPOINT,1.28.5.47,-16.5473997497335,-71.47465779012475,8168887.64286056,235896.081069607, , , , , , , ,0, , , , , , , , , , , , , , , , , , , "
"WAYPOINT,1.28.5.48,-16.54732718245055,-71.47474334606932,8168895.56413095,235886.846566692, , , , , , , ,0, , , , , , , , , , , , , , , , , , , "
"WAYPOINT,1.28.5.49,-16.54728055555556,-71.47480663386281,8168900.64287961,235880.025189307, , , , , , , ,0, , , , , , , , , , , , , , , , , , , "
"WAYPOINT,1.28.5.50,-16.54720747165424,-71.47484262689667,8168908.68648539,235876.082274717, , , , , , , ,0, , , , , , , , , , , , , , , , , , , "
"WAYPOINT,1.28.5.51,-16.54712735812742,-71.47486666666667,8168917.52403292,235873.406142065, , , , , , , ,0, , , , , , , , , , , , , , , , , , , "
"WAYPOINT,1.28.5.52,-16.54707291738027,-71.47492074257717,8168923.47993719,235867.557747157, , , , , , , ,0, , , , , , , , , , , , , , , , , , , "
"WAYPOINT,1.28.5.53,-16.54724466835812,-71.47525227470086,8168904.03004458,235832.390970272, , , , , , , ,0, , , , , , , , , , , , , , , , , , , "
"WAYPOINT,1.28.5.54,-16.54712465955069,-71.47537615920848,8168917.15302251,235818.999060001, , , , , , , ,0, , , , , , , , , , , , , , , , , , , "
"WAYPOINT,1.28.5.55,-16.54699960966616,-71.47545,8168930.89987293,235810.943913951, , , , , , , ,0, , , , , , , , , , , , , , , , , , , "
"WAYPOINT,1.28.5.56,-16.54719199309809,-71.47588004695305,8168909.03617714,235765.285914803, , , , , , , ,0, , , , , , , , , , , , , , , , , , , "
"WAYPOINT,1.28.5.57,-16.54732238813718,-71.47596957065608,8168894.48277044,235755.904389575, , , , , , , ,0, , , , , , , , , , , , , , , , , , , "
"WAYPOINT,1.28.5.58,-16.54731767118092,-71.47653533745809,8168894.26088476,235695.485628374, , , , , , , ,0, , , , , , , , , , , , , , , , , , , "
"WAYPOINT,1.28.5.59,-16.54704156054859,-71.47622572717303,8168925.2355683,235728.169194452, , , , , , , ,0, , , , , , , , , , , , , , , , , , , "
"WAYPOINT,1.28.5.60,-16.54663941400541,-71.47568747307895,8168970.46392546,235785.095590428, , , , , , , ,0, , , , , , , , , , , , , , , , , , , "
"WAYPOINT,1.28.5.61,-16.54655264157186,-71.47543164439279,8168980.40661876,235812.294673539, , , , , , , ,0, , , , , , , , , , , , , , , , , , , "
"WAYPOINT,1.28.5.62,-16.54640099292672,-71.47558468178704,8168996.9940227,235795.746634993, , , , , , , ,0, , , , , , , , , , , , , , , , , , , "
"WAYPOINT,1.28.5.63,-16.54654558183951,-71.47642843580707,8168979.87744411,235705.847699203, , , , , , , ,0, , , , , , , , , , , , , , , , , , , "
"WAYPOINT,1.28.5.64,-16.54511904028808,-71.47654852634007,8169137.64810206,235691.079192061, , , , , , , ,0, , , , , , , , , , , , , , , , , , , "
"WAYPOINT,1.28.5.65,-16.5449374381697,-71.47664489764587,8169157.62603915,235680.540955614, , , , , , , ,0, , , , , , , , , , , , , , , , , , , "
"WAYPOINT,1.28.5.66,-16.54480188838799,-71.47675210652335,8169172.49138767,235668.908253526, , , , , , , ,0, , , , , , , , , , , , , , , , , , , "
"WAYPOINT,1.28.5.67,-16.54463151193802,-71.47684997829238,8169191.2245811,235658.225070144, , , , , , , ,0, , , , , , , , , , , , , , , , , , , "
"WAYPOINT,1.28.5.68,-16.54435340286689,-71.47704329132604,8169221.75902356,235637.203616539, , , , , , , ,0, , , , , , , , , , , , , , , , , , , "
"WAYPOINT,1.28.5.69,-16.54427996962794,-71.47704722222223,8169229.88345238,235636.683725277, , , , , , , ,0, , , , , , , , , , , , , , , , , , , "
"WAYPOINT,1.28.5.70,-16.54418132240024,-71.4770708316739,8169240.77337008,235634.028145857, , , , , , , ,0, , , , , , , , , , , , , , , , , , , "
"WAYPOINT,1.28.5.71,-16.54408051344603,-71.47715218216425,8169251.82665308,235625.2039472, , , , , , , ,0, , , , , , , , , , , , , , , , , , , "
"WAYPOINT,1.28.5.72,-16.54400472777406,-71.47720771419927,8169260.14363532,235619.170799728, , , , , , , ,0, , , , , , , , , , , , , , , , , , , "
"WAYPOINT,1.28.5.73,-16.54393557212632,-71.47724673528654,8169267.74834375,235614.909753896, , , , , , , ,0, , , , , , , , , , , , , , , , , , , "
"WAYPOINT,1.28.5.74,-16.54387156863661,-71.47727844251533,8169274.79229117,235611.436717179, , , , , , , ,0, , , , , , , , , , , , , , , , , , , "
"WAYPOINT,1.28.5.75,-16.54379513753634,-71.477359405209,8169283.14727021,235602.687152637, , , , , , , ,0, , , , , , , , , , , , , , , , , , , "
"WAYPOINT,1.28.5.76,-16.54367573670774,-71.47739838370111,8169296.31454467,235598.362116052, , , , , , , ,0, , , , , , , , , , , , , , , , , , , "
"WAYPOINT,1.28.5.77,-16.54360379363677,-71.47750063219426,8169304.14465902,235587.345725901, , , , , , , ,0, , , , , , , , , , , , , , , , , , , "
"WAYPOINT,1.28.5.78,-16.54348557540931,-71.47760472997472,8169317.0953374,235576.068737801, , , , , , , ,0, , , , , , , , , , , , , , , , , , , "
"WAYPOINT,1.28.5.79,-16.54381709447111,-71.47792949322671,8169279.96642333,235541.842196036, , , , , , , ,0, , , , , , , , , , , , , , , , , , , "
"WAYPOINT,1.28.5.80,-16.54403275410383,-71.47806117485061,8169255.91802631,235528.075241823, , , , , , , ,0, , , , , , , , , , , , , , , , , , , "
"WAYPOINT,1.28.5.81,-16.54561717708114,-71.47896881659052,8169079.31593182,235433.318387463, , , , , , , ,0, , , , , , , , , , , , , , , , , , , "
"WAYPOINT,1.28.5.82,-16.54922665797026,-71.48017069590458,8168678.13629391,235309.910431446, , , , , , , ,0, , , , , , , , , , , , , , , , , , , "
"WAYPOINT,1.28.5.83,-16.54866285793753,-71.48152601880955,8168738.76730502,235164.420162014, , , , , , , ,0, , , , , , , , , , , , , , , , , , , "
"WAYPOINT,1.28.5.84,-16.54830918744852,-71.48201562815433,8168777.27595361,235111.656661498, , , , , , , ,0, , , , , , , , , , , , , , , , , , , "
"WAYPOINT,1.28.5.85,-16.54784682406876,-71.4820093687587,8168828.47140825,235111.693077167, , , , , , , ,0, , , , , , , , , , , , , , , , , , , "
"WAYPOINT,1.28.5.86,-16.54014199698819,-71.49297515762635,8169666.97299081,233930.190689109, , , , , , , ,0, , , , , , , , , , , , , , , , , , , "
"WAYPOINT,1.28.5.87,-16.53977617146969,-71.49244552282416,8169708.1738905,233986.245673403, , , , , , , ,0, , , , , , , , , , , , , , , , , , , "
"WAYPOINT,1.28.5.88,-16.53938241172385,-71.49277288210897,8169751.333197,233950.748403137, , , , , , , ,0, , , , , , , , , , , , , , , , , , , "
"WAYPOINT,1.28.5.89,-16.53915892671453,-71.49251790632843,8169776.41228838,233977.669409157, , , , , , , ,0, , , , , , , , , , , , , , , , , , , "
"WAYPOINT,1.28.5.90,-16.53899429803929,-71.49189962228141,8169795.45611277,234043.467170966, , , , , , , ,0, , , , , , , , , , , , , , , , , , , "
"WAYPOINT,1.28.5.91,-16.53973271915539,-71.49168212316087,8169713.99445608,234067.705561395, , , , , , , ,0, , , , , , , , , , , , , , , , , , , "
"WAYPOINT,1.28.5.92,-16.53935893101415,-71.49017656633095,8169757.36692716,234227.963745278, , , , , , , ,0, , , , , , , , , , , , , , , , , , , "
"WAYPOINT,1.28.5.93,-16.54609233215805,-71.48541597926979,8169018.21365835,234745.534786055, , , , , , , ,0, , , , , , , , , , , , , , , , , , , "
"WAYPOINT,1.28.5.94,-16.54633625096337,-71.48364719909679,8168993.54385272,234934.740120613, , , , , , , ,0, , , , , , , , , , , , , , , , , , , "
"WAYPOINT,1.28.5.95,-16.54637440920254,-71.48330104419627,8168989.77600227,234971.754922912, , , , , , , ,0, , , , , , , , , , , , , , , , , , , "
"WAYPOINT,1.28.5.96,-16.54646273290403,-71.48318155298961,8168980.15546895,234984.635026771, , , , , , , ,0, , , , , , , , , , , , , , , , , , , "
"WAYPOINT,1.28.5.97,-16.54532065299283,-71.47947124758041,8169111.48185951,235379.26364261, , , , , , , ,0, , , , , , , , , , , , , , , , , , , "
"WAYPOINT,1.28.5.98,-16.54405047006708,-71.47837448968593,8169253.54441537,235494.643184356, , , , , , , ,0, , , , , , , , , , , , , , , , , , , "
"WAYPOINT,1.28.5.99,-16.54372580066573,-71.47799442640313,8169289.98788239,235534.783980473, , , , , , , ,0, , , , , , , , , , , , , , , , , , , "
"WAYPOINT,1.28.5.100,-16.54352728483651,-71.47787649944993,8169312.12022624,235547.105608324, , , , , , , ,0, , , , , , , , , , , , , , , , , , , "
"WAYPOINT,1.28.5.101,-16.54339531311145,-71.47780389999713,8169326.82599626,235554.677881993, , , , , , , ,0, , , , , , , , , , , , , , , , , , , "
"WAYPOINT,1.28.5.102,-16.54329092505019,-71.47764721258207,8169338.58867807,235571.266863641, , , , , , , ,0, , , , , , , , , , , , , , , , , , , "
"WAYPOINT,1.28.5.103,-16.5431354762155,-71.47755956598262,8169355.91332077,235580.413906891, , , , , , , ,0, , , , , , , , , , , , , , , , , , , "
"WAYPOINT,1.28.5.104,-16.54306659595517,-71.47742401382678,8169363.71719866,235594.794487166, , , , , , , ,0, , , , , , , , , , , , , , , , , , , "
"WAYPOINT,1.28.5.105,-16.54292518915655,-71.47753820349108,8169379.22175344,235582.408219346, , , , , , , ,0, , , , , , , , , , , , , , , , , , , "
"WAYPOINT,1.28.5.106,-16.54276111915499,-71.47723771145728,8169397.78080001,235614.2716286, , , , , , , ,0, , , , , , , , , , , , , , , , , , , "
"WAYPOINT,1.28.5.107,-16.54272241546775,-71.47692682080256,8169402.47449776,235647.416420519, , , , , , , ,0, , , , , , , , , , , , , , , , , , , "
"WAYPOINT,1.28.5.108,-16.54308233835712,-71.47716506784747,8169362.31502667,235622.466719306, , , , , , , ,0, , , , , , , , , , , , , , , , , , , "
"WAYPOINT,1.28.5.109,-16.54337484661817,-71.47740118901243,8169329.62160499,235597.652178972, , , , , , , ,0, , , , , , , , , , , , , , , , , , , "
"WAYPOINT,1.28.5.110,-16.54344612067438,-71.47733458895587,8169321.81865436,235604.861060511, , , , , , , ,0, , , , , , , , , , , , , , , , , , , "
"WAYPOINT,1.28.5.111,-16.54351598577695,-71.4773,8169314.12957405,235608.649814677, , , , , , , ,0, , , , , , , , , , , , , , , , , , , "
"WAYPOINT,1.28.5.112,-16.54370372271741,-71.47715672181184,8169293.5341872,235624.205335482, , , , , , , ,0, , , , , , , , , , , , , , , , , , , "
"WAYPOINT,1.28.5.113,-16.54386595878977,-71.47708862256678,8169275.66303856,235631.698330529, , , , , , , ,0, , , , , , , , , , , , , , , , , , , "
"WAYPOINT,1.28.5.114,-16.54398439301597,-71.47694116922961,8169262.74545236,235647.605126748, , , , , , , ,0, , , , , , , , , , , , , , , , , , , "
"WAYPOINT,1.28.5.115,-16.5455941291794,-71.47587863123873,8169085.93322069,235763.258747542, , , , , , , ,0, , , , , , , , , , , , , , , , , , , "
"WAYPOINT,1.28.5.116,-16.54638350056779,-71.47534858768796,8168999.24094669,235820.932924002, , , , , , , ,0, , , , , , , , , , , , , , , , , , , "
"WAYPOINT,1.28.5.117,-16.54648065075649,-71.47523009962836,8168988.64148209,235833.717488686, , , , , , , ,0, , , , , , , , , , , , , , , , , , , "
"WAYPOINT,1.28.5.118,-16.54656895735117,-71.47513615415161,8168978.98879945,235843.869333322, , , , , , , ,0, , , , , , , , , , , , , , , , , , , "
"WAYPOINT,1.28.5.119,-16.54669000796597,-71.47506339611174,8168965.68326248,235851.803402917, , , , , , , ,0, , , , , , , , , , , , , , , , , , , "
"WAYPOINT,1.28.5.120,-16.54675602962925,-71.47500019594666,8168958.45726298,235858.641881154, , , , , , , ,0, , , , , , , , , , , , , , , , , , , "
"WAYPOINT,1.28.5.121,-16.54682228232415,-71.47495822061224,8168951.17778598,235863.214287712, , , , , , , ,0, , , , , , , , , , , , , , , , , , , "
"WAYPOINT,1.28.5.122,-16.54692139554411,-71.47484391754391,8168940.35548021,235875.554606101, , , , , , , ,0, , , , , , , , , , , , , , , , , , , "
"WAYPOINT,1.28.5.123,-16.54702921131656,-71.47472437514779,8168928.57661997,235888.466224222, , , , , , , ,0, , , , , , , , , , , , , , , , , , , "
"WAYPOINT,1.28.5.124,-16.54710922865859,-71.47465078850571,8168919.81484056,235896.432813536, , , , , , , ,0, , , , , , , , , , , , , , , , , , , "
"WAYPOINT,1.28.5.125,-16.54718454709547,-71.47456667539061,8168911.58709642,235905.517005372, , , , , , , ,0, , , , , , , , , , , , , , , , , , , "
"WAYPOINT,1.28.5.126,-16.54727437314144,-71.4744956019573,8168901.73611531,235913.228587724, , , , , , , ,0, , , , , , , , , , , , , , , , , , , "
"WAYPOINT,1.28.5.127,-16.54737017461668,-71.47438055555556,8168891.28139869,235925.643712598, , , , , , , ,0, , , , , , , , , , , , , , , , , , , "
"WAYPOINT,1.28.5.128,-16.54746073607846,-71.47430049025826,8168881.3608134,235934.316426255, , , , , , , ,0, , , , , , , , , , , , , , , , , , , "
"WAYPOINT,1.28.5.129,-16.54752378184639,-71.47424072528227,8168874.45973348,235940.783988913, , , , , , , ,0, , , , , , , , , , , , , , , , , , , "
"WAYPOINT,1.28.5.130,-16.54758165394406,-71.47416869264922,8168868.14753547,235948.554430181, , , , , , , ,0, , , , , , , , , , , , , , , , , , , "
"WAYPOINT,1.28.5.131,-16.54765277777778,-71.47411645233703,8168860.34226462,235954.229512121, , , , , , , ,0, , , , , , , , , , , , , , , , , , , "
"WAYPOINT,1.28.5.132,-16.54774444444445,-71.47400991763936,8168850.33409851,235965.730087063, , , , , , , ,0, , , , , , , , , , , , , , , , , , , "
"WAYPOINT,1.28.5.133,-16.54777407086106,-71.47391141138897,8168847.18367852,235976.288862746, , , , , , , ,0, , , , , , , , , , , , , , , , , , , "
"WAYPOINT,1.28.5.134,-16.54785277777778,-71.47377721313291,8168838.64658739,235990.725654914, , , , , , , ,0, , , , , , , , , , , , , , , , , , , "
"WAYPOINT,1.28.5.135,-16.54791561892465,-71.47368954624528,8168831.80480701,236000.172247334, , , , , , , ,0, , , , , , , , , , , , , , , , , , , "
"WAYPOINT,1.28.5.136,-16.54798746864417,-71.47359134756741,8168823.97954679,236010.755678629, , , , , , , ,0, , , , , , , , , , , , , , , , , , , "
"WAYPOINT,1.28.5.137,-16.54807222222222,-71.47346117442154,8168814.7677399,236024.770878468, , , , , , , ,0, , , , , , , , , , , , , , , , , , , "
"WAYPOINT,1.28.5.138,-16.54814516481619,-71.47332777777778,8168806.86772021,236039.114180389, , , , , , , ,0, , , , , , , , , , , , , , , , , , , "
"WAYPOINT,1.28.5.139,-16.5481989432674,-71.47323074805289,8168801.04152679,236049.548151916, , , , , , , ,0, , , , , , , , , , , , , , , , , , , "
"WAYPOINT,1.28.5.140,-16.54828617015004,-71.47311625211219,8168791.53529321,236061.892692979, , , , , , , ,0, , , , , , , , , , , , , , , , , , , "
"WAYPOINT,1.28.5.141,-16.54902382911864,-71.47166071165668,8168711.78267998,236218.317553326, , , , , , , ,0, , , , , , , , , , , , , , , , , , , "
"WAYPOINT,1.28.5.142,-16.54905789342003,-71.47158314527894,8168708.11335508,236226.646325149, , , , , , , ,0, , , , , , , , , , , , , , , , , , , "
"WAYPOINT,1.28.5.143,-16.54956061593503,-71.47017342397717,8168654.30867724,236377.857761509, , , , , , , ,0, , , , , , , , , , , , , , , , , , , "
"WAYPOINT,1.28.4.1,-16.56082932946362,-71.46947265734359,8167407.70352751,236468.01463022, , , , , , , ,0, , , , , , , , , , , , , , , , , , , "
"WAYPOINT,1.28.4.2,-16.56091238046953,-71.46955562357525,8167398.40030559,236459.269217759, , , , , , , ,0, , , , , , , , , , , , , , , , , , , "
"WAYPOINT,1.28.4.3,-16.56088456498124,-71.46965072783749,8167401.35484059,236449.076926731, , , , , , , ,0, , , , , , , , , , , , , , , , , , , "
"WAYPOINT,1.28.4.4,-16.56092507959927,-71.46972777777778,8167396.76845063,236440.905322026, , , , , , , ,0, , , , , , , , , , , , , , , , , , , "
"WAYPOINT,1.28.4.5,-16.56092005164976,-71.46981258458793,8167397.21375498,236431.843519475, , , , , , , ,0, , , , , , , , , , , , , , , , , , , "
"WAYPOINT,1.28.4.6,-16.56093871655538,-71.46990869388188,8167395.02125336,236421.607180941, , , , , , , ,0, , , , , , , , , , , , , , , , , , , "
"WAYPOINT,1.28.4.7,-16.5610032407651,-71.47075265007854,8167386.76986496,236331.584456714, , , , , , , ,0, , , , , , , , , , , , , , , , , , , "
"WAYPOINT,1.28.4.8,-16.56095078545011,-71.47083333333333,8167392.47108234,236322.898347787, , , , , , , ,0, , , , , , , , , , , , , , , , , , , "
"WAYPOINT,1.28.4.9,-16.56088951871024,-71.47088420065501,8167399.18694065,236317.38373328, , , , , , , ,0, , , , , , , , , , , , , , , , , , , "
"WAYPOINT,1.28.4.10,-16.56082777777778,-71.47095608254415,8167405.92769589,236309.62470789, , , , , , , ,0, , , , , , , , , , , , , , , , , , , "
"WAYPOINT,1.28.4.11,-16.56077235208606,-71.47104667792625,8167411.94472977,236299.876204522, , , , , , , ,0, , , , , , , , , , , , , , , , , , , "
"WAYPOINT,1.28.4.12,-16.56071406235959,-71.47111069156097,8167418.31374117,236292.961976338, , , , , , , ,0, , , , , , , , , , , , , , , , , , , "
"WAYPOINT,1.28.4.13,-16.56065860680109,-71.47116021616375,8167424.3880185,236287.59862433, , , , , , , ,0, , , , , , , , , , , , , , , , , , , "
"WAYPOINT,1.28.4.14,-16.56059248858503,-71.47124444444445,8167431.59714539,236278.515371422, , , , , , , ,0, , , , , , , , , , , , , , , , , , , "
"WAYPOINT,1.28.4.15,-16.56052232450135,-71.47140555555556,8167439.15318912,236261.217673704, , , , , , , ,0, , , , , , , , , , , , , , , , , , , "
"WAYPOINT,1.28.4.16,-16.56040729960937,-71.47144750207087,8167451.83216262,236256.582303679, , , , , , , ,0, , , , , , , , , , , , , , , , , , , "
"WAYPOINT,1.28.4.17,-16.56038824189181,-71.47156108460891,8167453.7927882,236244.428911254, , , , , , , ,0, , , , , , , , , , , , , , , , , , , "
"WAYPOINT,1.28.4.18,-16.55989484776558,-71.4719602980331,8167507.89058577,236201.131971663, , , , , , , ,0, , , , , , , , , , , , , , , , , , , "
"WAYPOINT,1.28.4.19,-16.55980034463065,-71.47201299285351,8167518.28352661,236195.376888953, , , , , , , ,0, , , , , , , , , , , , , , , , , , , "
"WAYPOINT,1.28.4.20,-16.55972086245451,-71.47207923531516,8167526.99573998,236188.195748941, , , , , , , ,0, , , , , , , , , , , , , , , , , , , "
"WAYPOINT,1.28.4.21,-16.55965798033176,-71.47211796860248,8167533.90635038,236183.974439549, , , , , , , ,0, , , , , , , , , , , , , , , , , , , "
"WAYPOINT,1.28.4.22,-16.55958802056323,-71.47216060100672,8167541.5953833,236179.327167454, , , , , , , ,0, , , , , , , , , , , , , , , , , , , "
"WAYPOINT,1.28.4.23,-16.55822676196057,-71.47191388888889,8167692.62052994,236203.815074916, , , , , , , ,0, , , , , , , , , , , , , , , , , , , "
"WAYPOINT,1.28.4.24,-16.55917449779122,-71.46636202486843,8167594.98473603,236797.89251673, , , , , , , ,0, , , , , , , , , , , , , , , , , , , "
"WAYPOINT,1.28.4.25,-16.55788611111111,-71.46638571051378,8167737.58676099,236793.612616857, , , , , , , ,0, , , , , , , , , , , , , , , , , , , "
"WAYPOINT,1.28.4.26,-16.55736242662377,-71.46773163220499,8167793.79765965,236649.192344525, , , , , , , ,0, , , , , , , , , , , , , , , , , , , "
"WAYPOINT,1.28.4.27,-16.5569023014554,-71.46971678050657,8167842.1324376,236436.605001811, , , , , , , ,0, , , , , , , , , , , , , , , , , , , "
"WAYPOINT,1.28.4.28,-16.55711757686286,-71.46973971177633,8167818.26985962,236434.449476319, , , , , , , ,0, , , , , , , , , , , , , , , , , , , "
"WAYPOINT,1.28.4.29,-16.55344047288354,-71.47038214525719,8168224.50768874,236360.850081413, , , , , , , ,0, , , , , , , , , , , , , , , , , , , "
"WAYPOINT,1.28.4.30,-16.55681553306694,-71.47249881364381,8167848.08518227,236139.438227903, , , , , , , ,0, , , , , , , , , , , , , , , , , , , "
"WAYPOINT,1.28.4.31,-16.55699261324388,-71.47275273152778,8167828.14751115,236112.567636054, , , , , , , ,0, , , , , , , , , , , , , , , , , , , "
"WAYPOINT,1.28.4.32,-16.55713151157054,-71.47268162675371,8167812.86390284,236120.34900632, , , , , , , ,0, , , , , , , , , , , , , , , , , , , "
"WAYPOINT,1.28.4.33,-16.55726219040531,-71.47258785160588,8167798.52003705,236130.539771454, , , , , , , ,0, , , , , , , , , , , , , , , , , , , "
"WAYPOINT,1.28.4.34,-16.55731666666667,-71.47252623750961,8167792.57008128,236137.192756732, , , , , , , ,0, , , , , , , , , , , , , , , , , , , "
"WAYPOINT,1.28.4.35,-16.5574232815081,-71.47243932154339,8167780.88125405,236146.618340216, , , , , , , ,0, , , , , , , , , , , , , , , , , , , "
"WAYPOINT,1.28.4.36,-16.55729037810506,-71.47213765977679,8167795.99092511,236178.646859017, , , , , , , ,0, , , , , , , , , , , , , , , , , , , "
"WAYPOINT,1.28.4.37,-16.55785403151272,-71.47208611111111,8167733.65819923,236184.918646208, , , , , , , ,0, , , , , , , , , , , , , , , , , , , "
"WAYPOINT,1.28.4.38,-16.55799674243262,-71.47225555555556,8167717.63647471,236167.020877448, , , , , , , ,0, , , , , , , , , , , , , , , , , , , "
"WAYPOINT,1.28.4.39,-16.55779285234937,-71.47244738708523,8167739.95652478,236146.26061272, , , , , , , ,0, , , , , , , , , , , , , , , , , , , "
"WAYPOINT,1.28.4.40,-16.55770277777778,-71.47256169429201,8167749.77823316,236133.93291617, , , , , , , ,0, , , , , , , , , , , , , , , , , , , "
"WAYPOINT,1.28.4.41,-16.55757025296595,-71.47263523507164,8167764.35304811,236125.900153739, , , , , , , ,0, , , , , , , , , , , , , , , , , , , "
"WAYPOINT,1.28.4.42,-16.55740833333334,-71.47270949585294,8167782.18113245,236117.750456399, , , , , , , ,0, , , , , , , , , , , , , , , , , , , "
"WAYPOINT,1.28.4.43,-16.55730862781216,-71.47282140116205,8167793.0722007,236105.666061158, , , , , , , ,0, , , , , , , , , , , , , , , , , , , "
"WAYPOINT,1.28.4.44,-16.55725504413067,-71.47288711371158,8167798.91794722,236098.576674057, , , , , , , ,0, , , , , , , , , , , , , , , , , , , "
"WAYPOINT,1.28.4.45,-16.55714444444445,-71.47298903046283,8167811.02819583,236087.543932946, , , , , , , ,0, , , , , , , , , , , , , , , , , , , "
"WAYPOINT,1.28.4.46,-16.5581439023593,-71.47408036804603,8167698.94646554,235972.379961611, , , , , , , ,0, , , , , , , , , , , , , , , , , , , "
"WAYPOINT,1.28.4.47,-16.55714444444445,-71.47414599113495,8167809.50743466,235964.010672692, , , , , , , ,0, , , , , , , , , , , , , , , , , , , "
"WAYPOINT,1.28.4.48,-16.55687748663138,-71.47423182649649,8167838.94874949,235954.481765752, , , , , , , ,0, , , , , , , , , , , , , , , , , , , "
"WAYPOINT,1.28.4.49,-16.55683888888889,-71.47460126003895,8167842.73604064,235914.983186905, , , , , , , ,0, , , , , , , , , , , , , , , , , , , "
"WAYPOINT,1.28.4.50,-16.55698002780298,-71.47316210898397,8167829.00284326,236068.839621582, , , , , , , ,0, , , , , , , , , , , , , , , , , , , "
"WAYPOINT,1.28.4.51,-16.55690555555556,-71.47328825295131,8167837.08167219,236055.269240493, , , , , , , ,0, , , , , , , , , , , , , , , , , , , "
"WAYPOINT,1.28.4.52,-16.55683693235516,-71.47336795201082,8167844.57400619,236046.665932788, , , , , , , ,0, , , , , , , , , , , , , , , , , , , "
"WAYPOINT,1.28.4.53,-16.55677354585952,-71.47345332733497,8167851.47913593,236037.463677094, , , , , , , ,0, , , , , , , , , , , , , , , , , , , "
"WAYPOINT,1.28.4.54,-16.55658639187658,-71.47376088022219,8167871.7941748,236004.369898056, , , , , , , ,0, , , , , , , , , , , , , , , , , , , "
"WAYPOINT,1.28.4.55,-16.55645725189615,-71.47397556254596,8167885.80869177,235981.271324787, , , , , , , ,0, , , , , , , , , , , , , , , , , , , "
"WAYPOINT,1.28.4.56,-16.55648304991626,-71.47423055555555,8167882.61742894,235954.079775292, , , , , , , ,0, , , , , , , , , , , , , , , , , , , "
"WAYPOINT,1.28.4.57,-16.55626619582356,-71.47438795144301,8167906.41781032,235936.978301405, , , , , , , ,0, , , , , , , , , , , , , , , , , , , "
"WAYPOINT,1.28.4.58,-16.55615555555556,-71.47460067723539,8167918.38678553,235914.113769104, , , , , , , ,0, , , , , , , , , , , , , , , , , , , "
"WAYPOINT,1.28.4.59,-16.55608611111111,-71.47480074329005,8167925.81170952,235892.657116536, , , , , , , ,0, , , , , , , , , , , , , , , , , , , "
"WAYPOINT,1.28.4.60,-16.55561417397863,-71.47761728354323,8167974.35274405,235591.277643979, , , , , , , ,0, , , , , , , , , , , , , , , , , , , "
"WAYPOINT,1.28.4.61,-16.5538316179398,-71.47875472221689,8168170.19740169,235467.393359126, , , , , , , ,0, , , , , , , , , , , , , , , , , , , "
"WAYPOINT,1.28.4.62,-16.55465053187363,-71.47723746673051,8168081.53510206,235630.517492589, , , , , , , ,0, , , , , , , , , , , , , , , , , , , "
"WAYPOINT,1.28.4.63,-16.55471666666667,-71.47675464537551,8168074.84892907,235682.161249454, , , , , , , ,0, , , , , , , , , , , , , , , , , , , "
"WAYPOINT,1.28.4.64,-16.55529735869101,-71.47620062263519,8168011.29103015,235742.10944863, , , , , , , ,0, , , , , , , , , , , , , , , , , , , "
"WAYPOINT,1.28.4.65,-16.55579444444444,-71.47476553593882,8167958.14763479,235896.018700564, , , , , , , ,0, , , , , , , , , , , , , , , , , , , "
"WAYPOINT,1.28.4.66,-16.55563435720408,-71.47463055555556,8167976.04795067,235910.212947128, , , , , , , ,0, , , , , , , , , , , , , , , , , , , "
"WAYPOINT,1.28.4.67,-16.55554600606773,-71.47449932312495,8167986.00161746,235924.104825198, , , , , , , ,0, , , , , , , , , , , , , , , , , , , "
"WAYPOINT,1.28.4.68,-16.55570833333334,-71.47425284543978,8167968.35487152,235950.643724273, , , , , , , ,0, , , , , , , , , , , , , , , , , , , "
"WAYPOINT,1.28.4.69,-16.55588735481048,-71.47421534305479,8167948.58520001,235954.892060469, , , , , , , ,0, , , , , , , , , , , , , , , , , , , "
"WAYPOINT,1.28.4.70,-16.55600083900755,-71.47414650110216,8167936.11218213,235962.397327423, , , , , , , ,0, , , , , , , , , , , , , , , , , , , "
"WAYPOINT,1.28.4.71,-16.55607777777778,-71.474018371068,8167927.7629479,235976.183232205, , , , , , , ,0, , , , , , , , , , , , , , , , , , , "
"WAYPOINT,1.28.4.72,-16.55625277777778,-71.47394002930039,8167908.4921688,235984.786664276, , , , , , , ,0, , , , , , , , , , , , , , , , , , , "
"WAYPOINT,1.28.4.73,-16.55628671107022,-71.47343028470601,8167905.40554017,236039.26060457, , , , , , , ,0, , , , , , , , , , , , , , , , , , , "
"WAYPOINT,1.28.4.74,-16.556525,-71.47311959975222,8167879.43355568,236072.758487902, , , , , , , ,0, , , , , , , , , , , , , , , , , , , "
"WAYPOINT,1.28.4.75,-16.55679649988089,-71.4729592665756,8167849.58726883,236090.247859621, , , , , , , ,0, , , , , , , , , , , , , , , , , , , "
"WAYPOINT,1.28.4.76,-16.55550953573914,-71.47216579490146,8167993.10588188,236173.217202109, , , , , , , ,0, , , , , , , , , , , , , , , , , , , "
