"type,ident,lat,long,y_proj,x_proj,new_seg,display,color,altitude,depth,temp,time,model,filename,ltime"
"TRACK,1.28.4-1, , ,10000000,11015404.4991538, , , , , , , , , , "
"TRACK,1.28.4-1,-16.5580601990565,-71.4719674329132,8167710.98989012,236197.871136977,False, , ,0, , , , , , "
"TRACK,1.28.4-1,-16.55863192759964,-71.47222507601856,8167647.35698915,236171.140541303,False, , ,0, , , , , , "
"TRACK,1.28.4-1,-16.55938686248014,-71.47233297411073,8167563.63853849,236160.648406593,False, , ,0, , , , , , "
"TRACK,1.28.4-1,-16.55968645593685,-71.47217852807859,8167530.67433051,236177.547147388,False, , ,0, , , , , , "
"TRACK,1.28.4-1,-16.56050080547613,-71.47165979565084,8167441.20152898,236234.04265363,False, , ,0, , , , , , "
"TRACK,1.28.4-1,-16.56116306468827,-71.47069888431885,8167369.14683508,236337.542729796,False, , ,0, , , , , , "
"TRACK,1.28.4-1,-16.56093341779393,-71.46885629805185,8167396.98911279,236533.965925556,False, , ,0, , , , , , "
"TRACK,1.28.4-1,-16.56044204534973,-71.46892744022664,8167451.29408994,236525.701412008,False, , ,0, , , , , , "
"TRACK,1.28.4-1,-16.55884251201769,-71.47066564491001,8167626.09199998,236337.932340826,False, , ,0, , , , , , "
"TRACK,1.28.4-2, , ,10000000,11015404.4991538, , , , , , , , , , "
"TRACK,1.28.4-2,-16.55782616536947,-71.46782684985469,8167742.33375218,236639.656188204,False, , ,0, , , , , , "
"TRACK,1.28.4-2,-16.55849199263267,-71.46744604493536,8167669.12151022,236681.221171942,False, , ,0, , , , , , "
"TRACK,1.28.4-2,-16.55882944684105,-71.46734940034899,8167631.88976186,236691.998969996,False, , ,0, , , , , , "
"TRACK,1.28.4-2,-16.55922251032989,-71.4668020607314,8167589.09259583,236750.974114716,False, , ,0, , , , , , "
"TRACK,1.28.4-2,-16.55929340950504,-71.46649205145732,8167581.64997137,236784.170888748,False, , ,0, , , , , , "
"TRACK,1.28.4-2,-16.55947394575167,-71.46625828132463,8167561.96981212,236809.37640738,False, , ,0, , , , , , "
"TRACK,1.28.4-2,-16.55900811970486,-71.46612929784743,8167613.708939,236822.515230302,False, , ,0, , , , , , "
"TRACK,1.28.4-2,-16.55836154477112,-71.4656635005131,8167685.89952278,236871.371078922,False, , ,0, , , , , , "
"TRACK,1.28.4-2,-16.55802461508262,-71.46568984794294,8167723.16536431,236868.100139996,False, , ,0, , , , , , "
"TRACK,1.28.4-2,-16.55686448911307,-71.4657599116222,8167851.50724383,236859.043116586,False, , ,0, , , , , , "
"TRACK,1.28.4-2,-16.55640807829153,-71.4660092857127,8167901.70820937,236831.796449231,False, , ,0, , , , , , "
"TRACK,1.28.4-2,-16.55595172857013,-71.4664028997164,8167951.71336465,236789.148662049,False, , ,0, , , , , , "
"TRACK,1.28.4-2,-16.5556991486731,-71.46713820170908,8167978.71187635,236710.294109865,False, , ,0, , , , , , "
"TRACK,1.28.4-2,-16.55657612819109,-71.46779712067355,8167880.7603725,236641.130814582,False, , ,0, , , , , , "
"TRACK,1.28.4-2,-16.55709645400755,-71.46785038517128,8167823.08691101,236636.151035536,False, , ,0, , , , , , "
"TRACK,1.28.4-2,-16.55768435694782,-71.4681508727891,8167757.6079523,236604.866376048,False, , ,0, , , , , , "
"TRACK,1.28.4-2,-16.55785711904322,-71.46816757174291,8167738.46010354,236603.318318622,False, , ,0, , , , , , "
"TRACK,1.28.4-3, , ,10000000,11015404.4991538, , , , , , , , , , "
"TRACK,1.28.4-3,-16.55768500533457,-71.46816612033318,8167757.51617277,236603.239227444,False, , ,0, , , , , , "
"TRACK,1.28.4-3,-16.55742421678907,-71.46805668242784,8167786.53078323,236614.569637415,False, , ,0, , , , , , "
"TRACK,1.28.4-3,-16.55709753126036,-71.46787371570235,8167822.93705609,236633.661415755,False, , ,0, , , , , , "
"TRACK,1.28.4-3,-16.55658377401216,-71.46782117695389,8167879.88238216,236638.572627965,False, , ,0, , , , , , "
"TRACK,1.28.4-3,-16.55566340364124,-71.46714354121001,8167982.66209316,236709.675403701,False, , ,0, , , , , , "
"TRACK,1.28.4-3,-16.55467356742225,-71.46721730810258,8168092.14694537,236700.453608324,False, , ,0, , , , , , "
"TRACK,1.28.4-3,-16.55475428625974,-71.46761947413607,8168082.68358528,236657.622099202,False, , ,0, , , , , , "
"TRACK,1.28.4-3,-16.55466869989435,-71.46808766809981,8168091.54466795,236607.514376754,False, , ,0, , , , , , "
"TRACK,1.28.4-3,-16.55427369748288,-71.46881289500944,8168134.32297796,236529.541081935,False, , ,0, , , , , , "
"TRACK,1.28.4-3,-16.55414220937071,-71.468921375934,8168148.73731623,236517.779175492,False, , ,0, , , , , , "
"TRACK,1.28.4-3,-16.55363396559891,-71.46940254131272,8168204.37217311,236465.711227325,False, , ,0, , , , , , "
"TRACK,1.28.4-3,-16.55352314796483,-71.46974287843455,8168216.19390596,236429.220757076,False, , ,0, , , , , , "
"TRACK,1.28.4-3,-16.55330947520947,-71.47043001151704,8168238.94721925,236355.560858491,False, , ,0, , , , , , "
"TRACK,1.28.4-3,-16.55323053727674,-71.47069702170873,8168247.33572883,236326.943182358,False, , ,0, , , , , , "
"TRACK,1.28.4-3,-16.55322070779978,-71.47103417316767,8168247.98133196,236290.930142895,False, , ,0, , , , , , "
"TRACK,1.28.4-3,-16.55329717286582,-71.47156694737504,8168238.8165987,236234.14676696,False, , ,0, , , , , , "
"TRACK,1.28.4-3,-16.5550785751977,-71.47168291497496,8168041.45050146,236224.189752571,False, , ,0, , , , , , "
"TRACK,1.28.4-3,-16.55538895594021,-71.47174169486607,8168007.01196147,236218.336178421,False, , ,0, , , , , , "
"TRACK,1.28.4-3,-16.55601532375995,-71.47209265966302,8167937.20762322,236181.715052274,False, , ,0, , , , , , "
"TRACK,1.28.4-3,-16.55653444643543,-71.47245649186357,8167879.25908239,236143.574195887,False, , ,0, , , , , , "
"TRACK,1.28.4-3,-16.55698482957185,-71.47288793183883,8167828.83156136,236098.121155317,False, , ,0, , , , , , "
"TRACK,1.28.4-3,-16.55797738756973,-71.47208651400111,8167720.00127603,236185.04365266,False, , ,0, , , , , , "
"TRACK,1.28.4-3,-16.55806228707246,-71.471914651722,8167710.82806753,236203.509604615,False, , ,0, , , , , , "
"TRACK,1.28.4-3,-16.55815629063588,-71.47141566530611,8167701.07662448,236256.916047198,False, , ,0, , , , , , "
"TRACK,1.28.4-3,-16.55837594660575,-71.47086302368325,8167677.4849039,236316.222428931,False, , ,0, , , , , , "
"TRACK,1.28.4-3,-16.55875717196361,-71.47031052531581,8167636.00598646,236375.733290281,False, , ,0, , , , , , "
"TRACK,1.28.4-3,-16.55883277419994,-71.47010989653747,8167627.89966975,236397.257894083,False, , ,0, , , , , , "
"TRACK,1.28.4-3,-16.55864028027176,-71.46989401210632,8167649.49347366,236420.046496638,False, , ,0, , , , , , "
"TRACK,1.28.4-3,-16.55821263098698,-71.46945675174619,8167697.41111132,236466.152134343,False, , ,0, , , , , , "
"TRACK,1.28.4-3,-16.55787523948765,-71.46822643440052,8167736.37684001,236597.058008108,False, , ,0, , , , , , "
"TRACK,1.28.4-4, , ,10000000,11015404.4991538, , , , , , , , , , "
"TRACK,1.28.4-4,-16.55774922102329,-71.47377940172292,8167743.03623003,236003.977196542,False, , ,0, , , , , , "
"TRACK,1.28.4-4,-16.55839061025754,-71.47308610152639,8167672.94111322,236078.877362925,False, , ,0, , , , , , "
"TRACK,1.28.4-4,-16.5588132399714,-71.47232728987723,8167627.15011929,236160.473859969,False, , ,0, , , , , , "
"TRACK,1.28.4-4,-16.55802490274681,-71.47206449716309,8167714.76993132,236187.45918565,False, , ,0, , , , , , "
"TRACK,1.28.4-4,-16.55695281246655,-71.47296003232779,8167832.28133802,236090.379074331,False, , ,0, , , , , , "
"TRACK,1.28.4-5, , ,10000000,11015404.4991538, , , , , , , , , , "
"TRACK,1.28.4-5,-16.55764688459413,-71.47397339233773,8167754.11058468,235983.124614917,False, , ,0, , , , , , "
"TRACK,1.28.4-5,-16.5576984925599,-71.47424609361482,8167748.03866837,235954.077644489,False, , ,0, , , , , , "
"TRACK,1.28.4-5,-16.55843217932527,-71.47491124115885,8167665.93948789,235884.057887651,False, , ,0, , , , , , "
"TRACK,1.28.4-5,-16.55895190749793,-71.47433537639392,8167609.15911126,235946.253479078,False, , ,0, , , , , , "
"TRACK,1.28.4-5,-16.55802381602832,-71.47353978988419,8167712.95155812,236029.935668535,False, , ,0, , , , , , "
"TRACK,1.28.4-6, , ,10000000,11015404.4991538, , , , , , , , , , "
"TRACK,1.28.4-6,-16.55656226605541,-71.47352423093136,8167874.77613981,236029.605073057,False, , ,0, , , , , , "
"TRACK,1.28.4-6,-16.55617855888485,-71.47429902133743,8167916.23678087,235946.354301514,False, , ,0, , , , , , "
"TRACK,1.28.4-6,-16.55578483256425,-71.47508508615748,8167958.79150819,235861.885687166,False, , ,0, , , , , , "
"TRACK,1.28.4-6,-16.55563690310726,-71.47604572082278,8167973.90475866,235759.112284562,False, , ,0, , , , , , "
"TRACK,1.28.4-6,-16.55544348725567,-71.47658566795028,8167994.60686381,235701.195549313,False, , ,0, , , , , , "
"TRACK,1.28.4-6,-16.55499062897023,-71.47723614581209,8168043.88555605,235631.122667056,False, , ,0, , , , , , "
"TRACK,1.28.4-6,-16.55492440653065,-71.47793455111818,8168050.29747254,235556.459752102,False, , ,0, , , , , , "
"TRACK,1.28.4-6,-16.55487232244254,-71.47856528081208,8168055.23303976,235489.042159374,False, , ,0, , , , , , "
"TRACK,1.28.4-6,-16.55591624200572,-71.47836176410065,8167939.93128174,235512.198106425,False, , ,0, , , , , , "
"TRACK,1.28.4-6,-16.55687614919058,-71.47523110192373,8167837.78272037,235847.783131555,False, , ,0, , , , , , "
"TRACK,1.28.4-6,-16.55733539893842,-71.47421430727832,8167788.27756481,235956.976600444,False, , ,0, , , , , , "
"TRACK,1.28.4-6,-16.55771924808599,-71.47376543727924,8167746.37280873,236005.427377091,False, , ,0, , , , , , "
"TRACK,1.28.4-6,-16.55694166579089,-71.47298719124487,8167833.47966506,236087.464020041,False, , ,0, , , , , , "
"TRACK,1.28.4-7, , ,10000000,11015404.4991538, , , , , , , , , , "
"TRACK,1.28.4-7,-16.55342554534972,-71.47880816720122,8168215.08231974,235461.132226702,False, , ,0, , , , , , "
"TRACK,1.28.4-7,-16.55355802506941,-71.47916982409953,8168199.93948221,235422.696738361,False, , ,0, , , , , , "
"TRACK,1.28.4-7,-16.55438782281813,-71.47936163270769,8168107.8219097,235403.349469532,False, , ,0, , , , , , "
"TRACK,1.28.4-7,-16.55452572574823,-71.47872501052622,8168093.39355179,235471.51364695,False, , ,0, , , , , , "
"TRACK,1.28.4-7,-16.55411035302667,-71.4786381209573,8168139.49288099,235480.224178563,False, , ,0, , , , , , "
"TRACK,1.28.4-7,-16.55379538096196,-71.47857238456047,8168174.44923385,235486.81319103,False, , ,0, , , , , , "
"TRACK,1.28.4-8, , ,10000000,11015404.4991538, , , , , , , , , , "
"TRACK,1.28.4-8,-16.55378308323745,-71.47852387491444,8168175.87456522,235491.976073179,False, , ,0, , , , , , "
"TRACK,1.28.4-8,-16.55396966135403,-71.47855028515504,8168155.18418218,235489.410835165,False, , ,0, , , , , , "
"TRACK,1.28.4-8,-16.55461954767251,-71.47768774240703,8168084.37256699,235582.396749142,False, , ,0, , , , , , "
"TRACK,1.28.4-8,-16.55492554169024,-71.47726841671228,8168051.04872672,235627.588102216,False, , ,0, , , , , , "
"TRACK,1.28.4-8,-16.55429135049682,-71.47668965598825,8168122.02010615,235688.520231661,False, , ,0, , , , , , "
"TRACK,1.28.4-8,-16.55399091878966,-71.47758364550555,8168154.10352129,235592.653771943,False, , ,0, , , , , , "
"TRACK,1.28.4-9, , ,10000000,11015404.4991538, , , , , , , , , , "
"TRACK,1.28.4-9,-16.55495791747155,-71.47723080811758,8168047.51398863,235631.647959566,False, , ,0, , , , , , "
"TRACK,1.28.4-9,-16.55530368412241,-71.47672601930404,8168009.89941048,235686.018762618,False, , ,0, , , , , , "
"TRACK,1.28.4-9,-16.55546442466816,-71.4764325585484,8167992.49041274,235717.572384503,False, , ,0, , , , , , "
"TRACK,1.28.4-9,-16.55564605768964,-71.47586601332098,8167973.12770422,235778.31303008,False, , ,0, , , , , , "
"TRACK,1.28.4-9,-16.55573728108224,-71.47525365874733,8167963.83409842,235843.821535714,False, , ,0, , , , , , "
"TRACK,1.28.4-9,-16.55575730575183,-71.47498778264247,8167961.96689443,235872.237716632,False, , ,0, , , , , , "
"TRACK,1.28.4-9,-16.55615010003015,-71.47420497020475,8167919.5110355,235956.357773571,False, , ,0, , , , , , "
"TRACK,1.28.4-9,-16.55646323681894,-71.47360194010533,8167885.63724976,236021.172772256,False, , ,0, , , , , , "
"TRACK,1.28.4-9,-16.55680345891435,-71.47310806555718,8167848.62131173,236074.369463744,False, , ,0, , , , , , "
"TRACK,1.28.4-9,-16.5569570897286,-71.47290282456599,8167831.88299074,236096.49320428,False, , ,0, , , , , , "
"TRACK,1.28.4-9,-16.5565008333674,-71.47248661731096,8167882.94070956,236140.311786644,False, , ,0, , , , , , "
"TRACK,1.28.4-9,-16.55603723238057,-71.47215323062365,8167934.70261741,236175.277459163,False, , ,0, , , , , , "
"TRACK,1.28.4-9,-16.55537962975934,-71.47179500294519,8168007.97442286,236212.631519198,False, , ,0, , , , , , "
"TRACK,1.28.4-9,-16.55502256473108,-71.47170985249761,8168047.61587898,236221.237231701,False, , ,0, , , , , , "
"TRACK,1.28.4-9,-16.55448261879189,-71.47166262295249,8168107.45373481,236225.544964008,False, , ,0, , , , , , "
"TRACK,1.28.4-9,-16.55483747686978,-71.47444115757691,8168064.51742268,235929.349584159,False, , ,0, , , , , , "
"TRACK,1.28.4-9,-16.55488849735268,-71.47517464563283,8168057.90458674,235851.100740973,False, , ,0, , , , , , "
"TRACK,1.28.4-9,-16.55435667306196,-71.47666583343627,8168114.81976212,235691.153025134,False, , ,0, , , , , , "
"TRACK,1.28.3-1, , ,10000000,11015404.4991538, , , , , , , , , , "
"TRACK,1.28.3-1,-16.56851654030995,-71.45054613894138,8166581.43169343,238499.20130266,False, , ,0, , , , , , "
"TRACK,1.28.3-1,-16.56863143300457,-71.45114074976407,8166567.93755762,238435.872270617,False, , ,0, , , , , , "
"TRACK,1.28.3-1,-16.56897808185526,-71.45088290897445,8166529.8975682,238463.869332145,False, , ,0, , , , , , "
"TRACK,1.28.3-1,-16.56944695891116,-71.45034428474509,8166478.69205493,238522.009459736,False, , ,0, , , , , , "
"TRACK,1.28.3-1,-16.56961661183876,-71.450057252053,8166460.28447303,238552.883846354,False, , ,0, , , , , , "
"TRACK,1.28.3-1,-16.56941678273963,-71.44961100447675,8166482.98799494,238600.257779711,False, , ,0, , , , , , "
"TRACK,1.28.3-1,-16.56924799893336,-71.44920378377913,8166502.20368517,238643.506994583,False, , ,0, , , , , , "
"TRACK,1.28.3-1,-16.56864452081562,-71.44966725242657,8166568.40848589,238593.209416731,False, , ,0, , , , , , "
"TRACK,1.28.3-2, , ,10000000,11015404.4991538, , , , , , , , , , "
"TRACK,1.28.3-2,-16.56902429042206,-71.4509017939384,8166524.75740427,238461.915503283,False, , ,0, , , , , , "
"TRACK,1.28.3-2,-16.56818943002771,-71.45149148808802,8166616.41268909,238397.827913728,False, , ,0, , , , , , "
"TRACK,1.28.3-2,-16.5676402383209,-71.45198434432743,8166676.56891741,238344.465046874,False, , ,0, , , , , , "
"TRACK,1.28.3-2,-16.56764934207256,-71.45204233228972,8166675.4854809,238338.286170452,False, , ,0, , , , , , "
"TRACK,1.28.3-2,-16.5684601868953,-71.4523673625377,8166585.29646125,238304.680040858,False, , ,0, , , , , , "
"TRACK,1.28.3-2,-16.56921174522843,-71.45240764459537,8166502.04204104,238301.395460419,False, , ,0, , , , , , "
"TRACK,1.28.3-2,-16.56967836395991,-71.45260404400098,8166450.12849758,238281.057699518,False, , ,0, , , , , , "
"TRACK,1.28.3-2,-16.57065401191636,-71.4530230969968,8166341.57196655,238237.636858603,False, , ,0, , , , , , "
"TRACK,1.28.3-2,-16.57079053982159,-71.45271412566594,8166326.86053437,238270.808851981,False, , ,0, , , , , , "
"TRACK,1.28.3-2,-16.57100917059292,-71.4523694513383,8166303.10635015,238307.903644371,False, , ,0, , , , , , "
"TRACK,1.28.3-2,-16.57081728572306,-71.45183426260836,8166325.04699287,238364.783562227,False, , ,0, , , , , , "
"TRACK,1.28.3-2,-16.57074183935469,-71.45138220241795,8166333.98869147,238412.945746995,False, , ,0, , , , , , "
"TRACK,1.28.3-2,-16.57063984683066,-71.45104020847937,8166345.72563329,238449.320861403,False, , ,0, , , , , , "
"TRACK,1.28.3-2,-16.57045895681863,-71.45076824469328,8166366.10564833,238478.11262138,False, , ,0, , , , , , "
"TRACK,1.28.3-2,-16.57009826054281,-71.45043590388286,8166406.46987144,238513.107654339,False, , ,0, , , , , , "
"TRACK,1.28.3-2,-16.56968216869321,-71.45008810149319,8166452.98676624,238549.678751184,False, , ,0, , , , , , "
"TRACK,1.28.3-2,-16.56939068095097,-71.4504989251727,8166484.72085485,238505.423146966,False, , ,0, , , , , , "
"TRACK,1.28.3-3, , ,10000000,11015404.4991538, , , , , , , , , , "
"TRACK,1.28.3-3,-16.57087968084763,-71.44774352323412,8166323.46862193,238801.614691157,False, , ,0, , , , , , "
"TRACK,1.28.3-3,-16.57077687029557,-71.44757010518264,8166335.07603717,238819.990849817,False, , ,0, , , , , , "
"TRACK,1.28.3-3,-16.57071263703546,-71.44725959915201,8166342.5911225,238853.055240375,False, , ,0, , , , , , "
"TRACK,1.28.3-3,-16.57074039677088,-71.44678006194717,8166340.1419624,238904.29031798,False, , ,0, , , , , , "
"TRACK,1.28.3-3,-16.57068248012097,-71.44645872652018,8166346.9717179,238938.519444052,False, , ,0, , , , , , "
"TRACK,1.28.3-3,-16.57067305160293,-71.44633809678439,8166348.17243437,238951.385715485,False, , ,0, , , , , , "
"TRACK,1.28.3-3,-16.57072269772669,-71.44623059815621,8166342.81617856,238962.929731288,False, , ,0, , , , , , "
"TRACK,1.28.3-3,-16.57082351007498,-71.44599632802685,8166331.96043567,238988.077452855,False, , ,0, , , , , , "
"TRACK,1.28.3-3,-16.57095872257052,-71.44567703004871,8166317.40696925,239022.349487552,False, , ,0, , , , , , "
"TRACK,1.28.3-3,-16.56988774382129,-71.44553246501933,8166436.15807786,239036.339752622,False, , ,0, , , , , , "
"TRACK,1.28.3-3,-16.56982541815559,-71.44598668809286,8166442.46714245,238987.760558134,False, , ,0, , , , , , "
"TRACK,1.28.3-3,-16.56920105603241,-71.4471053432961,8166510.132157,238867.484799288,False, , ,0, , , , , , "
"TRACK,1.28.3-3,-16.56884289745335,-71.44874355444041,8166547.64998354,238692.096730644,False, , ,0, , , , , , "
"TRACK,1.28.3-3,-16.56913608937139,-71.44899522945912,8166514.86429042,238665.622317995,False, , ,0, , , , , , "
"TRACK,1.28.3-3,-16.56925658010497,-71.44916836403507,8166501.29982827,238647.30019283,False, , ,0, , , , , , "
"TRACK,1.28.3-3,-16.56960416876533,-71.45000326793283,8166461.73232086,238558.630677579,False, , ,0, , , , , , "
"TRACK,1.28.3-3,-16.57025939823434,-71.44916878769143,8166390.28167428,238648.609152053,False, , ,0, , , , , , "
"TRACK,1.28.3-3,-16.57066129008813,-71.44855078324086,8166346.59476303,238715.133011253,False, , ,0, , , , , , "
"TRACK,1.28.3-3,-16.57085110867138,-71.44829696413991,8166325.9112584,238742.488203755,False, , ,0, , , , , , "
"TRACK,1.28.3-3,-16.57110938740155,-71.44806947404508,8166297.61453172,238767.124750249,False, , ,0, , , , , , "
"TRACK,1.28.3-4, , ,10000000,11015404.4991538, , , , , , , , , , "
"TRACK,1.28.3-4,-16.57107589142454,-71.44418944103032,8166306.36984242,239181.328922322,False, , ,0, , , , , , "
"TRACK,1.28.3-4,-16.57087196311785,-71.44386893473411,8166329.36233232,239215.272734931,False, , ,0, , , , , , "
"TRACK,1.28.3-4,-16.57032211315453,-71.44380540158122,8166390.3161769,239221.314895663,False, , ,0, , , , , , "
"TRACK,1.28.3-4,-16.57021967226632,-71.44413831426387,8166401.22427345,239185.633529105,False, , ,0, , , , , , "
"TRACK,1.28.3-4,-16.57047821576935,-71.44432613727419,8166372.3580229,239165.929106794,False, , ,0, , , , , , "
"TRACK,1.28.3-5, , ,10000000,11015404.4991538, , , , , , , , , , "
"TRACK,1.28.3-5,-16.5719907020922,-71.44466085646653,8166204.48264811,239132.231786753,False, , ,0, , , , , , "
"TRACK,1.28.3-5,-16.57163373499997,-71.4448988025502,8166243.69144899,239106.346499825,False, , ,0, , , , , , "
"TRACK,1.28.3-5,-16.57122315744667,-71.44536273402866,8166288.54133881,239056.261680824,False, , ,0, , , , , , "
"TRACK,1.28.3-5,-16.57100556859582,-71.44566039904396,8166312.24249122,239024.188261188,False, , ,0, , , , , , "
"TRACK,1.28.3-5,-16.57086534601528,-71.44593510858535,8166327.40859841,238994.669940976,False, , ,0, , , , , , "
"TRACK,1.28.3-5,-16.57080326117479,-71.44613175317221,8166334.02594563,238973.591538966,False, , ,0, , , , , , "
"TRACK,1.28.3-5,-16.57070500384716,-71.44633107282739,8166344.64428471,238952.178725759,False, , ,0, , , , , , "
"TRACK,1.28.3-5,-16.57070376397113,-71.44642866503588,8166344.65458795,238941.757658225,False, , ,0, , , , , , "
"TRACK,1.28.3-5,-16.57080113148234,-71.44680910724095,8166333.38050644,238901.271248915,False, , ,0, , , , , , "
"TRACK,1.28.3-5,-16.57074101682595,-71.4472292618091,8166339.48880368,238856.332492285,False, , ,0, , , , , , "
"TRACK,1.28.3-5,-16.57079055544245,-71.44753495321976,8166333.60676732,238823.762306105,False, , ,0, , , , , , "
"TRACK,1.28.3-5,-16.5708798035606,-71.44770337138304,8166323.50729976,238805.901653623,False, , ,0, , , , , , "
"TRACK,1.28.3-5,-16.57113323474342,-71.44806523165144,8166294.98002139,238767.609878459,False, , ,0, , , , , , "
"TRACK,1.28.3-5,-16.57142803642996,-71.44835717837532,8166261.96374329,238736.838330061,False, , ,0, , , , , , "
"TRACK,1.28.3-5,-16.57174581095345,-71.44866982593941,8166226.3772289,238703.887788617,False, , ,0, , , , , , "
"TRACK,1.28.3-5,-16.57213053354491,-71.44895861274699,8166183.41019564,238673.575239652,False, , ,0, , , , , , "
"TRACK,1.28.3-5,-16.57234066215899,-71.44914627984356,8166159.90335071,238653.822941082,False, , ,0, , , , , , "
"TRACK,1.28.3-5,-16.57246372549513,-71.44945422243359,8166145.87842519,238621.112013959,False, , ,0, , , , , , "
"TRACK,1.28.3-5,-16.57254172393133,-71.44899803620483,8166137.83776033,238669.921544207,False, , ,0, , , , , , "
"TRACK,1.28.3-5,-16.57260353129681,-71.4480586406337,8166132.21859771,238770.29837596,False, , ,0, , , , , , "
"TRACK,1.28.3-5,-16.57265427600862,-71.44736871624124,8166127.49898311,238844.025714662,False, , ,0, , , , , , "
"TRACK,1.28.3-5,-16.57279397911379,-71.44673320585434,8166112.86013397,238912.063580713,False, , ,0, , , , , , "
"TRACK,1.28.3-5,-16.57296199233798,-71.44598968262794,8166095.22750923,238991.671324155,False, , ,0, , , , , , "
"TRACK,1.28.3-5,-16.57314732357582,-71.44538143998427,8166075.50147689,239056.859260088,False, , ,0, , , , , , "
"TRACK,1.28.3-5,-16.57342402653156,-71.44482128785198,8166045.59739558,239117.035952699,False, , ,0, , , , , , "
"TRACK,1.28.3-5,-16.57254562770984,-71.44454683296233,8166143.19766568,239145.153423903,False, , ,0, , , , , , "
"TRACK,1.28.3-6, , ,10000000,11015404.4991538, , , , , , , , , , "
"TRACK,1.28.3-6,-16.5716294193425,-71.44885307748366,8166239.0237956,238684.165912336,False, , ,0, , , , , , "
"TRACK,1.28.3-6,-16.57177025798214,-71.44902288629862,8166223.21101882,238666.226593255,False, , ,0, , , , , , "
"TRACK,1.28.3-6,-16.57204701967532,-71.44959219399176,8166191.83038696,238605.818744465,False, , ,0, , , , , , "
"TRACK,1.28.3-6,-16.5717053890665,-71.45078222669575,8166228.10021801,238478.304239229,False, , ,0, , , , , , "
"TRACK,1.28.3-6,-16.57210512740431,-71.45081192862061,8166183.8081732,238475.673364319,False, , ,0, , , , , , "
"TRACK,1.28.3-6,-16.57229412811324,-71.45030059359182,8166163.55109852,238530.520980363,False, , ,0, , , , , , "
"TRACK,1.28.3-6,-16.57242940276101,-71.45007754968242,8166148.86605896,238554.516808392,False, , ,0, , , , , , "
"TRACK,1.28.3-6,-16.57246151737932,-71.44983212651076,8166145.63055656,238580.762530572,False, , ,0, , , , , , "
"TRACK,1.28.3-6,-16.5724529730268,-71.44953688542326,8166146.96110057,238612.272069947,False, , ,0, , , , , , "
"TRACK,1.28.3-6,-16.5722990408941,-71.44913616521568,8166164.52423363,238654.846605743,False, , ,0, , , , , , "
"TRACK,1.28.3-6,-16.57179488645624,-71.44875744745521,8166220.83019322,238694.599215044,False, , ,0, , , , , , "
"TRACK,1.28.3-6,-16.57154547589122,-71.44853218246259,8166248.73467398,238718.3126943,False, , ,0, , , , , , "
"TRACK,1.28.3-6,-16.57151189794893,-71.44863431371255,8166252.31895155,238707.363384654,False, , ,0, , , , , , "
"TRACK,1.28.3-7, , ,10000000,11015404.4991538, , , , , , , , , , "
"TRACK,1.28.3-7,-16.57201390941578,-71.44962467537745,8166195.45356644,238602.306172811,False, , ,0, , , , , , "
"TRACK,1.28.3-7,-16.57190876821711,-71.44941168610926,8166207.37074552,238624.903768055,False, , ,0, , , , , , "
"TRACK,1.28.3-7,-16.57114813927512,-71.45007764070593,8166290.70911199,238552.77604032,False, , ,0, , , , , , "
"TRACK,1.28.3-7,-16.57166545227933,-71.45070493319815,8166232.62218614,238486.502459894,False, , ,0, , , , , , "
"TRACK,1.28.3-8, , ,10000000,11015404.4991538, , , , , , , , , , "
"TRACK,1.28.3-8,-16.5745596592294,-71.44708661086143,8165916.92972276,238876.715689891,False, , ,0, , , , , , "
"TRACK,1.28.3-8,-16.5726289797802,-71.44869773389587,8166128.56914538,238702.100776597,False, , ,0, , , , , , "
"TRACK,1.28.3-8,-16.57259011288457,-71.44903544691185,8166132.43210555,238665.992786634,False, , ,0, , , , , , "
"TRACK,1.28.3-8,-16.57306013063742,-71.44950179305292,8166079.791026,238616.838820094,False, , ,0, , , , , , "
"TRACK,1.28.3-8,-16.57501679211523,-71.44774494021421,8165865.46560739,238807.04789261,False, , ,0, , , , , , "
"TRACK,1.28.3-9, , ,10000000,11015404.4991538, , , , , , , , , , "
"TRACK,1.28.3-9,-16.57240926322504,-71.45020979514803,8166150.92330116,238540.370552268,False, , ,0, , , , , , "
"TRACK,1.28.3-9,-16.57339188597701,-71.45073779069543,8166041.45322131,238485.327678089,False, , ,0, , , , , , "
"TRACK,1.28.3-9,-16.57382683522078,-71.44980185914747,8165994.52153283,238585.838541912,False, , ,0, , , , , , "
"TRACK,1.28.3-9,-16.57445330323876,-71.44946959618481,8165925.60085614,238622.158265085,False, , ,0, , , , , , "
"TRACK,1.28.3-9,-16.57456792723315,-71.44909114334988,8165913.40434546,238662.717752135,False, , ,0, , , , , , "
"TRACK,1.28.3-9,-16.57412516108633,-71.44858664747416,8165963.07814201,238715.981144325,False, , ,0, , , , , , "
"TRACK,1.28.3-9,-16.57283607250398,-71.44975577492764,8166104.26464892,238589.420122941,False, , ,0, , , , , , "
"TRACK,1.28.3-10, , ,10000000,11015404.4991538, , , , , , , , , , "
"TRACK,1.28.3-10,-16.5721498540208,-71.45078875658398,8166178.88688085,238478.207753583,False, , ,0, , , , , , "
"TRACK,1.28.3-10,-16.57214832783559,-71.45109154573895,8166178.66117292,238445.878670992,False, , ,0, , , , , , "
"TRACK,1.28.3-10,-16.57229417698149,-71.45166057741996,8166161.7729974,238385.323665327,False, , ,0, , , , , , "
"TRACK,1.28.3-10,-16.57229624198995,-71.45194097360918,8166161.17877969,238355.390209314,False, , ,0, , , , , , "
"TRACK,1.28.3-10,-16.57082582641534,-71.4553414646814,8166319.52545665,237990.34854955,False, , ,0, , , , , , "
"TRACK,1.28.3-10,-16.57153579482586,-71.45572909538878,8166240.42146553,237949.924478574,False, , ,0, , , , , , "
"TRACK,1.28.3-10,-16.57174460757653,-71.45568084734587,8166217.36763101,237955.358431423,False, , ,0, , , , , , "
"TRACK,1.28.3-10,-16.57241227336435,-71.4543992092019,8166145.12631516,238093.095709691,False, , ,0, , , , , , "
"TRACK,1.28.3-10,-16.57296207109715,-71.45459825343872,8166084.0005722,238072.589124221,False, , ,0, , , , , , "
"TRACK,1.28.3-10,-16.57376438879625,-71.45328376261374,8165996.89476824,238214.014757744,False, , ,0, , , , , , "
"TRACK,1.28.3-10,-16.57363861095363,-71.45251083823914,8166011.8274649,238296.364644911,False, , ,0, , , , , , "
"TRACK,1.28.3-10,-16.57307093156147,-71.4522981922227,8166074.95026322,238318.299726588,False, , ,0, , , , , , "
"TRACK,1.28.3-10,-16.5732256115449,-71.45149819385206,8166058.86949474,238403.919616605,False, , ,0, , , , , , "
"TRACK,1.28.3-10,-16.5733673053493,-71.45077739697521,8166044.12281474,238481.065953648,False, , ,0, , , , , , "
"TRACK,1.28.3-10,-16.57237675631092,-71.45024754896019,8166154.47280648,238536.295883645,False, , ,0, , , , , , "
"TRACK,1.28.3-10,-16.57224836984934,-71.45048672827156,8166168.37423892,238510.586661724,False, , ,0, , , , , , "
"TRACK,1.28.3-11, , ,10000000,11015404.4991538, , , , , , , , , , "
"TRACK,1.28.3-11,-16.57163209825572,-71.45579616386303,8166229.67249975,237942.894340583,False, , ,0, , , , , , "
"TRACK,1.28.3-11,-16.57080720851061,-71.45536623095424,8166321.55423435,237987.679167856,False, , ,0, , , , , , "
"TRACK,1.28.3-11,-16.57043497167906,-71.45624306074882,8166361.61804828,237893.560117721,False, , ,0, , , , , , "
"TRACK,1.28.3-11,-16.57120831859415,-71.45669589047215,8166275.41227143,237846.261150297,False, , ,0, , , , , , "
"TRACK,1.28.3-12, , ,10000000,11015404.4991538, , , , , , , , , , "
"TRACK,1.28.3-12,-16.5700463750365,-71.45719238794464,8166403.39790357,237791.678265124,False, , ,0, , , , , , "
"TRACK,1.28.3-12,-16.57068546238187,-71.45747776711933,8166332.27406524,237762.075533252,False, , ,0, , , , , , "
"TRACK,1.28.3-12,-16.57119471528994,-71.45670688104711,8166276.90388245,237845.06931321,False, , ,0, , , , , , "
"TRACK,1.28.3-12,-16.57043172303095,-71.45626643919522,8166361.94715781,237891.059707926,False, , ,0, , , , , , "
"TRACK,1.28.3-13, , ,10000000,11015404.4991538, , , , , , , , , , "
"TRACK,1.28.3-13,-16.56964028163779,-71.45927834305837,8166445.62829974,237568.41898285,False, , ,0, , , , , , "
"TRACK,1.28.3-13,-16.57072748493789,-71.45762473880912,8166327.42983609,237746.440991013,False, , ,0, , , , , , "
"TRACK,1.28.3-13,-16.57070557214394,-71.45752018935849,8166329.99235109,237757.573557142,False, , ,0, , , , , , "
"TRACK,1.28.3-13,-16.57003299092731,-71.45722943904009,8166404.83119514,237787.70434488,False, , ,0, , , , , , "
"TRACK,1.28.3-13,-16.56906052045073,-71.45951787913508,8166509.49828016,237542.058454191,False, , ,0, , , , , , "
"TRACK,1.28.3-14, , ,10000000,11015404.4991538, , , , , , , , , , "
"TRACK,1.28.3-14,-16.56950791234272,-71.45941781096022,8166460.10003105,237553.349043845,False, , ,0, , , , , , "
"TRACK,1.28.3-14,-16.56902516343029,-71.45956817371238,8166513.34675095,237536.640735617,False, , ,0, , , , , , "
"TRACK,1.28.3-14,-16.56877676999588,-71.46008314005599,8166540.17193547,237481.32269682,False, , ,0, , , , , , "
"TRACK,1.28.3-14,-16.56907743893713,-71.46029800495508,8166506.60489131,237458.790148138,False, , ,0, , , , , , "
"TRACK,1.28.3-15, , ,10000000,11015404.4991538, , , , , , , , , , "
"TRACK,1.28.3-15,-16.56939742604427,-71.45860275329025,8166473.39728812,237640.219825087,False, , ,0, , , , , , "
"TRACK,1.28.3-15,-16.56998407158461,-71.45721109047868,8166410.27084369,237789.597063773,False, , ,0, , , , , , "
"TRACK,1.28.3-15,-16.5703685691147,-71.45628142783326,8166368.91910539,237889.373905728,False, , ,0, , , , , , "
"TRACK,1.28.3-15,-16.56950780478059,-71.45586460727459,8166464.75534444,237932.710380463,False, , ,0, , , , , , "
"TRACK,1.28.3-15,-16.56889670330676,-71.45736731672008,8166530.44510568,237771.444183649,False, , ,0, , , , , , "
"TRACK,1.28.3-15,-16.56805522466445,-71.45918747118834,8166621.22294109,237575.97191208,False, , ,0, , , , , , "
"TRACK,1.28.3-15,-16.56889146030876,-71.45969665676105,8166527.98049859,237522.741737395,False, , ,0, , , , , , "
"TRACK,1.28.3-16, , ,10000000,11015404.4991538, , , , , , , , , , "
"TRACK,1.28.3-16,-16.5689743415589,-71.45705823066066,8166522.25390942,237804.54934852,False, , ,0, , , , , , "
"TRACK,1.28.3-16,-16.56946906220058,-71.45583097605669,8166469.08830154,237936.248589011,False, , ,0, , , , , , "
"TRACK,1.28.3-16,-16.56855200966934,-71.45539537123999,8166571.18034822,237981.514862409,False, , ,0, , , , , , "
"TRACK,1.28.3-16,-16.56815775630009,-71.45692375634651,8166612.8306021,237817.800543281,False, , ,0, , , , , , "
"TRACK,1.28.3-17, , ,10000000,11015404.4991538, , , , , , , , , , "
"TRACK,1.28.3-17,-16.56947262652551,-71.45580681591321,8166468.72525857,237938.832895592,False, , ,0, , , , , , "
"TRACK,1.28.3-17,-16.56986016620898,-71.45488287160599,8166427.02858107,238038.003193889,False, , ,0, , , , , , "
"TRACK,1.28.3-17,-16.5689580053685,-71.45449689699622,8166527.40699051,238077.991124424,False, , ,0, , , , , , "
"TRACK,1.28.3-17,-16.56856149592197,-71.45537052702396,8166570.16259814,237984.180232011,False, , ,0, , , , , , "
"TRACK,1.28.3-18, , ,10000000,11015404.4991538, , , , , , , , , , "
"TRACK,1.28.3-18,-16.56986023180616,-71.45485816481688,8166427.05357055,238040.641119255,False, , ,0, , , , , , "
"TRACK,1.28.3-18,-16.57023730299079,-71.45398157058475,8166386.45361266,238134.741455596,False, , ,0, , , , , , "
"TRACK,1.28.3-18,-16.5693570652498,-71.45358628436715,8166484.41692438,238175.753524064,False, , ,0, , , , , , "
"TRACK,1.28.3-18,-16.56896594145399,-71.45447603225527,8166526.55564898,238080.229511635,False, , ,0, , , , , , "
"TRACK,1.28.3-19, , ,10000000,11015404.4991538, , , , , , , , , , "
"TRACK,1.28.3-19,-16.56931978525573,-71.4535918204097,8166488.53681797,238175.112031488,False, , ,0, , , , , , "
"TRACK,1.28.3-19,-16.56837919835437,-71.45321593993549,8166593.15568628,238213.971040741,False, , ,0, , , , , , "
"TRACK,1.28.3-19,-16.56839349141345,-71.45317983806743,8166591.62045084,238217.844837193,False, , ,0, , , , , , "
"TRACK,1.28.3-19,-16.56829722111305,-71.45304911507098,8166602.44864497,238231.671456621,False, , ,0, , , , , , "
"TRACK,1.28.3-19,-16.56807971496266,-71.45273005493247,8166626.94396867,238265.442236866,False, , ,0, , , , , , "
"TRACK,1.28.3-19,-16.56751603698383,-71.45292122507352,8166689.09711092,238244.2694049,False, , ,0, , , , , , "
"TRACK,1.28.3-19,-16.56760450527991,-71.45345789308965,8166678.6031674,238187.090717265,False, , ,0, , , , , , "
"TRACK,1.28.3-19,-16.5680223011164,-71.45399174580898,8166631.6542222,238130.658191208,False, , ,0, , , , , , "
"TRACK,1.28.3-19,-16.56900355295629,-71.45431067540102,8166522.60763047,238097.934915958,False, , ,0, , , , , , "
"TRACK,1.28.3-20, , ,10000000,11015404.4991538, , , , , , , , , , "
"TRACK,1.28.3-20,-16.56932837151794,-71.45355166621725,8166487.63865464,238179.410744,False, , ,0, , , , , , "
"TRACK,1.28.3-20,-16.56970797465097,-71.45265981797913,8166446.77768213,238275.142999729,False, , ,0, , , , , , "
"TRACK,1.28.3-20,-16.56917127127347,-71.45241761598854,8166506.50974143,238300.27612982,False, , ,0, , , , , , "
"TRACK,1.28.3-20,-16.56873452348868,-71.45242188629241,8166554.85470295,238299.229671557,False, , ,0, , , , , , "
"TRACK,1.28.3-20,-16.56842860696956,-71.45318831568372,8166587.72189409,238216.987206829,False, , ,0, , , , , , "
"TRACK,1.28.3-21, , ,10000000,11015404.4991538, , , , , , , , , , "
"TRACK,1.28.3-21,-16.57063219589162,-71.45306048741448,8166343.93835525,238233.615358576,False, , ,0, , , , , , "
"TRACK,1.28.3-21,-16.56976414815306,-71.45267689784718,8166440.53667076,238273.39542223,False, , ,0, , , , , , "
"TRACK,1.28.3-21,-16.56936541050922,-71.45356189119588,8166483.52487912,238178.36917101,False, , ,0, , , , , , "
"TRACK,1.28.3-21,-16.57025730043668,-71.45394591220254,8166384.28630734,238138.575594458,False, , ,0, , , , , , "
"TRACK,1.28.3-22, , ,10000000,11015404.4991538, , , , , , , , , , "
"TRACK,1.28.3-22,-16.57048113683275,-71.4507282190353,8166363.70235554,238482.415934662,False, , ,0, , , , , , "
"TRACK,1.28.3-22,-16.57065971821594,-71.45098675039139,8166343.59543211,238455.0551678,False, , ,0, , , , , , "
"TRACK,1.28.3-22,-16.5707976790884,-71.45146028721626,8166327.70511906,238404.684508768,False, , ,0, , , , , , "
"TRACK,1.28.3-22,-16.57086803172329,-71.45183772634876,8166319.42459948,238364.482362168,False, , ,0, , , , , , "
"TRACK,1.28.3-22,-16.5711158071418,-71.45246395998812,8166291.17780663,238297.957647691,False, , ,0, , , , , , "
"TRACK,1.28.3-22,-16.5718706202992,-71.45209013076718,8166208.10308441,238338.890057406,False, , ,0, , , , , , "
"TRACK,1.28.3-22,-16.57174021214888,-71.4517784966858,8166222.94637888,238371.985156284,False, , ,0, , , , , , "
"TRACK,1.28.3-22,-16.57171935192924,-71.45150564642547,8166225.61146261,238401.087651204,False, , ,0, , , , , , "
"TRACK,1.28.3-22,-16.57165287434627,-71.45133250647041,8166233.19663115,238419.482974042,False, , ,0, , , , , , "
"TRACK,1.28.3-22,-16.57162904478424,-71.45103027050821,8166236.22867386,238451.718813415,False, , ,0, , , , , , "
"TRACK,1.28.3-22,-16.57167534637162,-71.45077205450515,8166231.43937459,238479.349666204,False, , ,0, , , , , , "
"TRACK,1.28.3-22,-16.57114916434086,-71.45010297231289,8166290.56262656,238550.072905713,False, , ,0, , , , , , "
"TRACK,1.28.3-22,-16.57014838473382,-71.44938781608174,8166402.28622882,238625.074644313,False, , ,0, , , , , , "
"TRACK,1.28.3-22,-16.56967047151728,-71.45001829941577,8166454.37264736,238557.115398996,False, , ,0, , , , , , "
"TRACK,1.28.3-23, , ,10000000,11015404.4991538, , , , , , , , , , "
"TRACK,1.28.3-23,-16.57221907617682,-71.45200850556282,8166169.63342444,238348.075879946,False, , ,0, , , , , , "
"TRACK,1.28.3-23,-16.57222779729776,-71.45177505338833,8166168.9723545,238373.011994658,False, , ,0, , , , , , "
"TRACK,1.28.3-23,-16.57218681267305,-71.45147490362449,8166173.90092665,238405.001817719,False, , ,0, , , , , , "
"TRACK,1.28.3-23,-16.57210050869752,-71.45107975470722,8166183.9703973,238447.07289654,False, , ,0, , , , , , "
"TRACK,1.28.3-23,-16.57210586017991,-71.45083438783441,8166183.69777811,238473.276515932,False, , ,0, , , , , , "
"TRACK,1.28.3-23,-16.57168603191005,-71.45080132116534,8166230.21828027,238476.239470279,False, , ,0, , , , , , "
"TRACK,1.28.3-23,-16.57165010555298,-71.4510997513969,8166233.80655943,238444.329192201,False, , ,0, , , , , , "
"TRACK,1.28.3-23,-16.57167924477417,-71.4513365136806,8166230.27204834,238419.090792383,False, , ,0, , , , , , "
"TRACK,1.28.3-23,-16.57174288201151,-71.45149279143122,8166223.02330514,238402.491915589,False, , ,0, , , , , , "
"TRACK,1.28.3-23,-16.57176688211852,-71.45176244163257,8166220.01479143,238373.735321772,False, , ,0, , , , , , "
"TRACK,1.28.3-23,-16.57190209803474,-71.45205695103022,8166204.66158226,238342.475033368,False, , ,0, , , , , , "
"TRACK,1.28.3-23,-16.57194030812422,-71.45225163512708,8166200.17762129,238321.741383243,False, , ,0, , , , , , "
"TRACK,1.28.3-23,-16.57198640665495,-71.45235068812897,8166194.94506436,238311.228395413,False, , ,0, , , , , , "
"TRACK,1.28.3-23,-16.57204543665739,-71.45238081424901,8166188.37080706,238308.091829585,False, , ,0, , , , , , "
"TRACK,1.28.3-24, , ,10000000,11015404.4991538, , , , , , , , , , "
"TRACK,1.28.3-24,-16.57159448188655,-71.45341180955219,8166236.9492742,238197.408226506,False, , ,0, , , , , , "
"TRACK,1.28.3-24,-16.5720281217573,-71.45243232259004,8166190.22049049,238302.56916231,False, , ,0, , , , , , "
"TRACK,1.28.3-24,-16.57191924770614,-71.45230095889373,8166202.44480825,238316.44688443,False, , ,0, , , , , , "
"TRACK,1.28.3-24,-16.57188892869453,-71.4521050242215,8166206.05681655,238337.324723502,False, , ,0, , , , , , "
"TRACK,1.28.3-24,-16.57112685382389,-71.45250245137642,8166289.9046743,238293.863061063,False, , ,0, , , , , , "
"TRACK,1.28.3-24,-16.57135099034628,-71.45303072778951,8166264.40238863,238237.764903077,False, , ,0, , , , , , "
"TRACK,1.28.3-25, , ,10000000,11015404.4991538, , , , , , , , , , "
"TRACK,1.28.3-25,-16.57157967648064,-71.45348992392199,8166238.4864021,238189.048346311,False, , ,0, , , , , , "
"TRACK,1.28.3-25,-16.57135186948889,-71.45311173351605,8166264.19938924,238229.117539232,False, , ,0, , , , , , "
"TRACK,1.28.3-25,-16.57101520778283,-71.45241158090185,8166302.38305556,238303.413851583,False, , ,0, , , , , , "
"TRACK,1.28.3-25,-16.57084601395418,-71.45272315957176,8166320.70743909,238269.919372204,False, , ,0, , , , , , "
"TRACK,1.28.3-25,-16.57031298393376,-71.45397145279826,8166378.0884842,238135.924087531,False, , ,0, , , , , , "
"TRACK,1.28.3-25,-16.57117560807317,-71.45438013338841,8166282.05748298,238093.45858551,False, , ,0, , , , , , "
"TRACK,1.28.3-26, , ,10000000,11015404.4991538, , , , , , , , , , "
"TRACK,1.28.3-26,-16.57116187420335,-71.45441503083063,8166283.53235628,238089.714176251,False, , ,0, , , , , , "
"TRACK,1.28.3-26,-16.57029359975899,-71.45400619328619,8166380.18909397,238132.188778467,False, , ,0, , , , , , "
"TRACK,1.28.3-26,-16.57014638278736,-71.45435124266747,8166396.03659373,238095.150226319,False, , ,0, , , , , , "
"TRACK,1.28.3-26,-16.57100647305949,-71.45478941330558,8166300.24751097,238049.532910677,False, , ,0, , , , , , "
"TRACK,1.28.3-27, , ,10000000,11015404.4991538, , , , , , , , , , "
"TRACK,1.28.3-27,-16.57012087591295,-71.45493532978271,8166398.09796804,238032.755356713,False, , ,0, , , , , , "
"TRACK,1.28.3-27,-16.57030066679254,-71.45451688131016,8166378.74024482,238077.674543662,False, , ,0, , , , , , "
"TRACK,1.28.3-27,-16.57009512687179,-71.45441397702643,8166401.62905408,238088.382997864,False, , ,0, , , , , , "
"TRACK,1.28.3-27,-16.56990920537988,-71.45485004595798,8166421.64249932,238041.57422209,False, , ,0, , , , , , "
"TRACK,1.28.3-28, , ,10000000,11015404.4991538, , , , , , , , , , "
"TRACK,1.28.3-28,-16.57038413601559,-71.45621523270086,8166367.28221433,237896.462342816,False, , ,0, , , , , , "
"TRACK,1.28.3-28,-16.57076031049028,-71.45533359405803,8166326.78874303,237991.100157404,False, , ,0, , , , , , "
"TRACK,1.28.3-28,-16.56990287592194,-71.45492157703441,8166422.24983312,238033.928594148,False, , ,0, , , , , , "
"TRACK,1.28.3-28,-16.5695263018536,-71.45581387042924,8166462.77386127,237938.152392087,False, , ,0, , , , , , "
"TRACK,1.28.3-parque1, , ,10000000,11015404.4991538, , , , , , , , , , "
"TRACK,1.28.3-parque1,-16.5725770271703,-71.44907214828676,8166133.83296589,238662.056736981,False, , ,0, , , , , , "
"TRACK,1.28.3-parque1,-16.57249126322179,-71.44974814910674,8166142.446932,238589.768468123,False, , ,0, , , , , , "
"TRACK,1.28.3-parque1,-16.5725479980669,-71.44995329196939,8166135.89878564,238567.943274222,False, , ,0, , , , , , "
"TRACK,1.28.3-parque1,-16.57301834876542,-71.44951000338341,8166084.40582034,238615.905815856,False, , ,0, , , , , , "
"TRACK,1.28.3-parque2, , ,10000000,11015404.4991538, , , , , , , , , , "
"TRACK,1.28.3-parque2,-16.57078379835579,-71.45525552369753,8166324.29042738,237999.467152744,False, , ,0, , , , , , "
"TRACK,1.28.3-parque2,-16.57098180035521,-71.45483011855038,8166302.92579067,238045.153617109,False, , ,0, , , , , , "
"TRACK,1.28.3-parque2,-16.57032680627711,-71.45452872364804,8166375.8309903,238076.445568838,False, , ,0, , , , , , "
"TRACK,1.28.3-parque2,-16.57014197292111,-71.45494613851926,8166395.74829212,238031.629913471,False, , ,0, , , , , , "
"TRACK,1.28.2-1, , ,10000000,11015404.4991538, , , , , , , , , , "
"TRACK,1.28.2-1,-16.56394704656927,-71.46031682292121,8167074.54738728,237449.822716536,False, , ,0, , , , , , "
"TRACK,1.28.2-1,-16.5642548978424,-71.46013907639147,8167040.69875982,237469.218033298,False, , ,0, , , , , , "
"TRACK,1.28.2-1,-16.56421476217041,-71.45980945971593,8167045.57307147,237504.356491997,False, , ,0, , , , , , "
"TRACK,1.28.2-1,-16.56384893505386,-71.45995423019336,8167085.88313769,237488.403453764,False, , ,0, , , , , , "
"TRACK,1.28.2-2, , ,10000000,11015404.4991538, , , , , , , , , , "
"TRACK,1.28.2-2,-16.5632283986867,-71.45935086206937,8167155.36931139,237551.9834982,False, , ,0, , , , , , "
"TRACK,1.28.2-2,-16.56329792477425,-71.4597633885235,8167147.1329963,237508.032455838,False, , ,0, , , , , , "
"TRACK,1.28.2-2,-16.56364308070322,-71.45999820522314,8167108.61501112,237483.429152799,False, , ,0, , , , , , "
"TRACK,1.28.2-2,-16.56387651218403,-71.45943082523704,8167083.51453862,237544.324420679,False, , ,0, , , , , , "
"TRACK,1.28.2-2,-16.56373627592684,-71.45927315356717,8167099.2457026,237560.968819313,False, , ,0, , , , , , "
"TRACK,1.28.2-2,-16.56366363183889,-71.45908708586475,8167107.53109283,237580.736682959,False, , ,0, , , , , , "
"TRACK,1.28.2-2,-16.56359861594352,-71.45879381624317,8167115.11209261,237611.960781105,False, , ,0, , , , , , "
"TRACK,1.28.2-2,-16.56359160310317,-71.4585520745831,8167116.20440414,237637.761884079,False, , ,0, , , , , , "
"TRACK,1.28.2-2,-16.56362536316648,-71.45836801257707,8167112.7074961,237657.45981178,False, , ,0, , , , , , "
"TRACK,1.28.2-2,-16.56372350139267,-71.45818348028182,8167102.08412386,237677.295168003,False, , ,0, , , , , , "
"TRACK,1.28.2-2,-16.56332507198922,-71.45810740449328,8167146.29213203,237684.877919714,False, , ,0, , , , , , "
"TRACK,1.28.2-2,-16.56311574576898,-71.45872735461737,8167168.65569551,237618.402480966,False, , ,0, , , , , , "
"TRACK,1.28.2-3, , ,10000000,11015404.4991538, , , , , , , , , , "
"TRACK,1.28.2-3,-16.56386664588426,-71.45806680265942,8167086.38960259,237689.946689006,False, , ,0, , , , , , "
"TRACK,1.28.2-3,-16.56376862315712,-71.45815287592036,8167097.12885572,237680.623907715,False, , ,0, , , , , , "
"TRACK,1.28.2-3,-16.56365132283416,-71.45838932540022,8167109.80574799,237655.219430969,False, , ,0, , , , , , "
"TRACK,1.28.2-3,-16.56361532520925,-71.45863964607625,8167113.46377055,237628.44407719,False, , ,0, , , , , , "
"TRACK,1.28.2-3,-16.56365231538715,-71.45893690745375,8167108.98019963,237596.755798882,False, , ,0, , , , , , "
"TRACK,1.28.2-3,-16.56374772574176,-71.45923926616133,8167098.02243662,237564.602475141,False, , ,0, , , , , , "
"TRACK,1.28.2-3,-16.56390138410745,-71.45940386577928,8167080.79630656,237547.236578158,False, , ,0, , , , , , "
"TRACK,1.28.2-3,-16.56390839943721,-71.45950456403367,8167079.88801285,237536.49461024,False, , ,0, , , , , , "
"TRACK,1.28.2-3,-16.56418861415865,-71.45957746992691,8167048.77115844,237529.090384928,False, , ,0, , , , , , "
"TRACK,1.28.2-3,-16.56442160320059,-71.45910431944927,8167023.59638801,237579.924036494,False, , ,0, , , , , , "
"TRACK,1.28.2-3,-16.56427515444306,-71.45850334803998,8167040.5946986,237643.890655122,False, , ,0, , , , , , "
"TRACK,1.28.2-3,-16.56407602073876,-71.45840030963393,8167062.77469708,237654.622126079,False, , ,0, , , , , , "
"TRACK,1.28.2-4, , ,10000000,11015404.4991538, , , , , , , , , , "
"TRACK,1.28.2-4,-16.56362860375914,-71.4572138137831,8167113.85669284,237780.6971988,False, , ,0, , , , , , "
"TRACK,1.28.2-4,-16.56363212172661,-71.45691160804515,8167113.86194415,237812.9682427,False, , ,0, , , , , , "
"TRACK,1.28.2-4,-16.56374748407563,-71.45654894089066,8167101.56424697,237851.846132598,False, , ,0, , , , , , "
"TRACK,1.28.2-4,-16.56329669910024,-71.45711499698984,8167150.72963988,237790.798303144,False, , ,0, , , , , , "
"TRACK,1.28.2-4,-16.56334067165691,-71.45808860531027,8167144.58971596,237686.906233369,False, , ,0, , , , , , "
"TRACK,1.28.2-4,-16.56375413010821,-71.45815881238652,8167098.72556886,237679.970439374,False, , ,0, , , , , , "
"TRACK,1.28.2-4,-16.56383890367054,-71.45794339358571,8167089.62208611,237703.085390596,False, , ,0, , , , , , "
"TRACK,1.28.2-4,-16.56374212786889,-71.45759001119851,8167100.79745463,237740.684649396,False, , ,0, , , , , , "
"TRACK,1.28.2-5, , ,10000000,11015404.4991538, , , , , , , , , , "
"TRACK,1.28.2-5,-16.56402183299049,-71.45604409514927,8167071.85134128,237906.119466018,False, , ,0, , , , , , "
"TRACK,1.28.2-5,-16.56427145105291,-71.45617180555716,8167044.05036779,237892.821893279,False, , ,0, , , , , , "
"TRACK,1.28.2-5,-16.56458763463814,-71.45570264710572,8167009.65944745,237943.341364932,False, , ,0, , , , , , "
"TRACK,1.28.2-5,-16.56471449505412,-71.45528157535551,8166996.16487676,237988.470299796,False, , ,0, , , , , , "
"TRACK,1.28.2-5,-16.56450821515803,-71.45517480593937,8167019.14065318,237999.590754998,False, , ,0, , , , , , "
"TRACK,1.28.2-5,-16.56424179015504,-71.45547224437533,8167048.24727516,237967.473064794,False, , ,0, , , , , , "
"TRACK,1.28.2-6, , ,10000000,11015404.4991538, , , , , , , , , , "
"TRACK,1.28.2-6,-16.56380963433211,-71.45650464287019,8167094.74168122,237856.659943832,False, , ,0, , , , , , "
"TRACK,1.28.2-6,-16.5637324336254,-71.45671429043699,8167103.01449662,237834.171521746,False, , ,0, , , , , , "
"TRACK,1.28.2-6,-16.56367368663953,-71.45691999011899,8167109.24950725,237812.129581665,False, , ,0, , , , , , "
"TRACK,1.28.2-6,-16.56366544655305,-71.45720258620435,8167109.79263506,237781.945856786,False, , ,0, , , , , , "
"TRACK,1.28.2-6,-16.56377270469925,-71.45757540982638,8167097.4314864,237742.285044572,False, , ,0, , , , , , "
"TRACK,1.28.2-6,-16.56386634841599,-71.45795594051307,8167086.56738945,237701.782946709,False, , ,0, , , , , , "
"TRACK,1.28.2-6,-16.56391518172105,-71.45810745949909,8167080.96326001,237685.671550575,False, , ,0, , , , , , "
"TRACK,1.28.2-6,-16.56405522698843,-71.45830217075047,8167065.20494428,237665.07215014,False, , ,0, , , , , , "
"TRACK,1.28.2-6,-16.56420847270219,-71.45842554425936,8167048.07846332,237652.107327903,False, , ,0, , , , , , "
"TRACK,1.28.2-6,-16.56493974192175,-71.45740380456009,8166968.45746668,237762.187963669,False, , ,0, , , , , , "
"TRACK,1.28.2-6,-16.5656705944863,-71.45632385951957,8166888.95814802,237878.481653595,False, , ,0, , , , , , "
"TRACK,1.28.2-6,-16.56514601144088,-71.45601457521038,8166947.43652372,237910.793146094,False, , ,0, , , , , , "
"TRACK,1.28.2-6,-16.56483217224013,-71.45651074131418,8166981.53254964,237857.393347423,False, , ,0, , , , , , "
"TRACK,1.28.2-6,-16.56400505010168,-71.45606882976526,8167073.67701526,237903.455856946,False, , ,0, , , , , , "
"TRACK,1.28.2-7, , ,10000000,11015404.4991538, , , , , , , , , , "
"TRACK,1.28.2-7,-16.56503086188868,-71.45428621855287,8166962.44009566,238095.171038242,False, , ,0, , , , , , "
"TRACK,1.28.2-7,-16.56571513100818,-71.45464645256956,8166886.21738411,238057.635325739,False, , ,0, , , , , , "
"TRACK,1.28.2-7,-16.56614681285389,-71.45383765759469,8166839.48292295,238144.57259204,False, , ,0, , , , , , "
"TRACK,1.28.2-7,-16.56550164000155,-71.45353415288723,8166911.30327302,238176.104482837,False, , ,0, , , , , , "
"TRACK,1.28.1-1, , ,10000000,11015404.4991538, , , , , , , , , , "
"TRACK,1.28.1-1,-16.56685056013975,-71.44020177933926,8166779.31385438,239601.383556497,False, , ,0, , , , , , "
"TRACK,1.28.1-1,-16.56791047764026,-71.44074509080889,8166661.27073571,239544.802333132,False, , ,0, , , , , , "
"TRACK,1.28.1-1,-16.56858640544542,-71.44031699054094,8166586.9976519,239591.418163479,False, , ,0, , , , , , "
"TRACK,1.28.1-1,-16.56916832107834,-71.43971854751601,8166523.35310479,239656.09388073,False, , ,0, , , , , , "
"TRACK,1.28.1-1,-16.56969473110081,-71.43907181344754,8166465.91578723,239725.850348571,False, , ,0, , , , , , "
"TRACK,1.28.1-1,-16.56968971893621,-71.43820652177197,8166467.59268461,239818.226181806,False, , ,0, , , , , , "
"TRACK,1.28.1-1,-16.56768710338151,-71.43757864899695,8166690.10576329,239882.569474033,False, , ,0, , , , , , "
"TRACK,1.28.1-1,-16.5673047348578,-71.43672472756606,8166733.54225602,239973.225321825,False, , ,0, , , , , , "
"TRACK,1.28.1-1,-16.56594397254466,-71.42887349610638,8166894.33930868,240809.644737592,False, , ,0, , , , , , "
"TRACK,1.28.1-1,-16.56326573635327,-71.42894080920293,8167190.74430939,240798.87236839,False, , ,0, , , , , , "
"TRACK,1.28.1-1,-16.56303519874444,-71.43057424941041,8167214.15618149,240624.165019782,False, , ,0, , , , , , "
"TRACK,1.28.1-1,-16.56675047611514,-71.43967376932568,8166791.07858333,239657.622638715,False, , ,0, , , , , , "
"TRACK,1.28.5-1, , ,10000000,11015404.4991538, , , , , , , , , , "
"TRACK,1.28.5-1,-16.5497622183462,-71.47178167222326,8168629.87899661,236206.406726967,False, , ,0, , , , , , "
"TRACK,1.28.5-1,-16.55062670971657,-71.47173162060925,8168534.23944084,236212.92796111,False, , ,0, , , , , , "
"TRACK,1.28.5-1,-16.55162056991484,-71.47165401921446,8168424.31401775,236222.567006184,False, , ,0, , , , , , "
"TRACK,1.28.5-1,-16.55233307598165,-71.47148443270935,8168345.65725475,236241.644856871,False, , ,0, , , , , , "
"TRACK,1.28.5-1,-16.55194103699623,-71.47050482184802,8168390.34466914,236345.710734327,False, , ,0, , , , , , "
"TRACK,1.28.5-1,-16.55192394215616,-71.47042211870171,8168392.34572848,236354.518235082,False, , ,0, , , , , , "
"TRACK,1.28.5-1,-16.55194087825375,-71.47035210057148,8168390.56267544,236362.017578682,False, , ,0, , , , , , "
"TRACK,1.28.5-1,-16.55209207542728,-71.47007464687691,8168374.18820097,236391.848847511,False, , ,0, , , , , , "
"TRACK,1.28.5-1,-16.5515378765725,-71.46982683577161,8168435.86701191,236417.555331948,False, , ,0, , , , , , "
"TRACK,1.28.5-1,-16.55139620237493,-71.46947174763622,8168452.01718304,236455.277802053,False, , ,0, , , , , , "
"TRACK,1.28.5-1,-16.55034040210582,-71.46962654454566,8168568.69846638,236437.312990402,False, , ,0, , , , , , "
"TRACK,1.28.5-1,-16.55011415586799,-71.46972032788624,8168593.62244977,236426.99130789,False, , ,0, , , , , , "
"TRACK,1.28.5-1,-16.54994322711658,-71.46988744738542,8168612.32619003,236408.914184495,False, , ,0, , , , , , "
"TRACK,1.28.5-1,-16.54966472423326,-71.47028538272515,8168642.63626313,236366.04467422,False, , ,0, , , , , , "
"TRACK,1.28.5-1,-16.54954998731478,-71.47053417835024,8168655.01195758,236339.322698526,False, , ,0, , , , , , "
"TRACK,1.28.5-1,-16.54946471173717,-71.47087632747613,8168664.00352614,236302.672675866,False, , ,0, , , , , , "
"TRACK,1.28.5-1,-16.5491361654614,-71.47138544502738,8168699.70762676,236247.862946482,False, , ,0, , , , , , "
"TRACK,1.28.5-1,-16.54905135907118,-71.47169471688022,8168708.69027672,236214.7240064,False, , ,0, , , , , , "
"TRACK,1.28.5-2, , ,10000000,11015404.4991538, , , , , , , , , , "
"TRACK,1.28.5-2,-16.55020641803343,-71.47181970660229,8168580.65302827,236202.950196457,False, , ,0, , , , , , "
"TRACK,1.28.5-2,-16.54955136142775,-71.47181071096073,8168653.18421254,236203.018992773,False, , ,0, , , , , , "
"TRACK,1.28.5-2,-16.54903948134187,-71.47174406789216,8168709.94043224,236209.438221425,False, , ,0, , , , , , "
"TRACK,1.28.5-2,-16.5488561273412,-71.47217874770138,8168729.66826988,236162.774216857,False, , ,0, , , , , , "
"TRACK,1.28.5-2,-16.54856956452455,-71.47271311562574,8168760.69103786,236105.325019398,False, , ,0, , , , , , "
"TRACK,1.28.5-2,-16.54815445194689,-71.47352475098691,8168805.58079766,236018.094245841,False, , ,0, , , , , , "
"TRACK,1.28.5-2,-16.54776902335781,-71.47406396960241,8168847.54201041,235959.991949124,False, , ,0, , , , , , "
"TRACK,1.28.5-2,-16.54824402136553,-71.47440162823712,8168794.51258113,235924.584268756,False, , ,0, , , , , , "
"TRACK,1.28.5-2,-16.54870116715901,-71.47474485629705,8168743.45211488,235888.557750269,False, , ,0, , , , , , "
"TRACK,1.28.5-2,-16.54904126886122,-71.47490279557991,8168705.59277936,235872.156737473,False, , ,0, , , , , , "
"TRACK,1.28.5-2,-16.54960771255984,-71.47523918112877,8168642.44110668,235837.010138576,False, , ,0, , , , , , "
"TRACK,1.28.5-2,-16.5501366998283,-71.47560184540171,8168583.4014871,235799.006711043,False, , ,0, , , , , , "
"TRACK,1.28.5-2,-16.55055362565184,-71.4757278604733,8168537.07903135,235786.119562638,False, , ,0, , , , , , "
"TRACK,1.28.5-2,-16.55068204511793,-71.47494124354664,8168523.89640459,235870.287765741,False, , ,0, , , , , , "
"TRACK,1.28.5-2,-16.55074321339966,-71.47465653123075,8168517.49892893,235900.772033804,False, , ,0, , , , , , "
"TRACK,1.28.5-2,-16.5510324711572,-71.47414031291582,8168486.15454766,235956.286722616,False, , ,0, , , , , , "
"TRACK,1.28.5-2,-16.55143356977834,-71.47391203741304,8168442.05005887,235981.207907377,False, , ,0, , , , , , "
"TRACK,1.28.5-2,-16.55205604362047,-71.47380847074469,8168373.27383687,235993.114620182,False, , ,0, , , , , , "
"TRACK,1.28.5-2,-16.55279201487756,-71.47347606774513,8168292.23336046,236029.610251791,False, , ,0, , , , , , "
"TRACK,1.28.5-2,-16.55292560263582,-71.47311458408287,8168277.91922777,236068.390135462,False, , ,0, , , , , , "
"TRACK,1.28.5-2,-16.55271493035987,-71.47286748486638,8168301.56680031,236094.487497399,False, , ,0, , , , , , "
"TRACK,1.28.5-2,-16.55242483250723,-71.47271467892699,8168333.88344198,236110.408435504,False, , ,0, , , , , , "
"TRACK,1.28.5-2,-16.55236803460808,-71.47249748706696,8168340.45667618,236133.522067578,False, , ,0, , , , , , "
"TRACK,1.28.5-2,-16.55236568714821,-71.47241781036814,8168340.8212134,236142.026470749,False, , ,0, , , , , , "
"TRACK,1.28.5-2,-16.55245595625271,-71.47211299127061,8168331.22813882,236174.696905353,False, , ,0, , , , , , "
"TRACK,1.28.5-2,-16.5524927798854,-71.4719540825073,8168327.36019706,236191.714755739,False, , ,0, , , , , , "
"TRACK,1.28.5-2,-16.55248352389742,-71.47188909804056,8168328.47024053,236198.640961011,False, , ,0, , , , , , "
"TRACK,1.28.5-2,-16.55231947308065,-71.47152946354456,8168347.10406569,236236.818104989,False, , ,0, , , , , , "
"TRACK,1.28.5-2,-16.55155667295877,-71.47171966670811,8168431.30166193,236215.470382755,False, , ,0, , , , , , "
"TRACK,1.28.5-3, , ,10000000,11015404.4991538, , , , , , , , , , "
"TRACK,1.28.5-3,-16.55091752275473,-71.47551792076209,8168497.06905211,235809.032596457,False, , ,0, , , , , , "
"TRACK,1.28.5-3,-16.55163246897714,-71.47544846194023,8168418.0106262,235817.424019406,False, , ,0, , , , , , "
"TRACK,1.28.5-3,-16.55126182801804,-71.47480908864144,8168459.88397488,235885.189227522,False, , ,0, , , , , , "
"TRACK,1.28.5-3,-16.5507167793367,-71.47487162438195,8168520.14260314,235877.768878937,False, , ,0, , , , , , "
"TRACK,1.28.5-3,-16.55058652272543,-71.47563428386843,8168533.56014817,235796.156314966,False, , ,0, , , , , , "
"TRACK,1.28.5-4, , ,10000000,11015404.4991538, , , , , , , , , , "
"TRACK,1.28.5-4,-16.54957361368142,-71.47527432372422,8168646.16989455,235833.211190827,False, , ,0, , , , , , "
"TRACK,1.28.5-4,-16.54890522457619,-71.47488922397962,8168720.67170781,235873.420472481,False, , ,0, , , , , , "
"TRACK,1.28.5-4,-16.54865518297848,-71.47472742543006,8168748.56580841,235890.356326933,False, , ,0, , , , , , "
"TRACK,1.28.5-4,-16.54825082287754,-71.47445034376702,8168793.69557911,235919.391744898,False, , ,0, , , , , , "
"TRACK,1.28.5-4,-16.54776918431617,-71.47409314357792,8168847.48585489,235956.876995732,False, , ,0, , , , , , "
"TRACK,1.28.5-4,-16.54737296973529,-71.47454889860261,8168890.75071659,235907.671950158,False, , ,0, , , , , , "
"TRACK,1.28.5-4,-16.54693875585805,-71.47495777080646,8168938.28391517,235863.421049278,False, , ,0, , , , , , "
"TRACK,1.28.5-4,-16.54713736099019,-71.47510824331502,8168916.09909196,235847.624322312,False, , ,0, , , , , , "
"TRACK,1.28.5-4,-16.54669578611411,-71.47553448498825,8168964.42427123,235801.508483565,False, , ,0, , , , , , "
"TRACK,1.28.5-4,-16.54701095968625,-71.47606933363498,8168928.8289818,235744.827127999,False, , ,0, , , , , , "
"TRACK,1.28.5-4,-16.54738151830441,-71.47648945673205,8168887.25288749,235700.471820886,False, , ,0, , , , , , "
"TRACK,1.28.5-4,-16.54783172554818,-71.47691978000971,8168836.84556684,235655.136154073,False, , ,0, , , , , , "
"TRACK,1.28.5-4,-16.54836443022222,-71.47722882543046,8168777.46462035,235622.863186471,False, , ,0, , , , , , "
"TRACK,1.28.5-4,-16.54852708131871,-71.47741970227364,8168759.2067768,235602.703441876,False, , ,0, , , , , , "
"TRACK,1.28.5-4,-16.54960518055117,-71.47835096222829,8168638.6274542,235504.735887237,False, , ,0, , , , , , "
"TRACK,1.28.5-4,-16.54991435018831,-71.47745952665275,8168605.57340848,235600.34379795,False, , ,0, , , , , , "
"TRACK,1.28.5-4,-16.55015657769477,-71.47680880230823,8168579.61328118,235670.15738207,False, , ,0, , , , , , "
"TRACK,1.28.5-4,-16.55038460579794,-71.47632065583126,8168555.0110745,235722.591685869,False, , ,0, , , , , , "
"TRACK,1.28.5-4,-16.5504521640574,-71.47614829086702,8168547.7586063,235741.088581446,False, , ,0, , , , , , "
"TRACK,1.28.5-4,-16.55052274130134,-71.47577769679138,8168540.43261293,235780.756040709,False, , ,0, , , , , , "
"TRACK,1.28.5-4,-16.55013757565772,-71.47562810178627,8168583.26999812,235796.204302015,False, , ,0, , , , , , "
"TRACK,1.28.5-5, , ,10000000,11015404.4991538, , , , , , , , , , "
"TRACK,1.28.5-5,-16.5438062669345,-71.47802762897506,8169281.03597942,235531.348331249,False, , ,0, , , , , , "
"TRACK,1.28.5-5,-16.54446979078156,-71.47866413307341,8169206.74126421,235464.286848672,False, , ,0, , , , , , "
"TRACK,1.28.5-5,-16.54525324847272,-71.47935643918174,8169119.09521832,235391.430969444,False, , ,0, , , , , , "
"TRACK,1.28.5-5,-16.5460571998464,-71.4797339156049,8169029.59467038,235352.221363376,False, , ,0, , , , , , "
"TRACK,1.28.5-5,-16.54721697596844,-71.48024828354511,8168900.52117404,235298.880813627,False, , ,0, , , , , , "
"TRACK,1.28.5-5,-16.54810009194096,-71.48055493573816,8168802.34951899,235267.342828807,False, , ,0, , , , , , "
"TRACK,1.28.5-5,-16.54813856511344,-71.48070244421237,8168797.89589203,235251.644516232,False, , ,0, , , , , , "
"TRACK,1.28.5-5,-16.5483406237336,-71.48081335674497,8168775.38031362,235240.07738426,False, , ,0, , , , , , "
"TRACK,1.28.5-5,-16.54917593417698,-71.48052805963013,8168683.28097853,235271.682274884,False, , ,0, , , , , , "
"TRACK,1.28.5-5,-16.54973087021174,-71.48037030702636,8168622.05317137,235289.284957904,False, , ,0, , , , , , "
"TRACK,1.28.5-5,-16.55038807977574,-71.47874051701788,8168551.44174689,235464.208604623,False, , ,0, , , , , , "
"TRACK,1.28.5-5,-16.55009815294068,-71.47856930925306,8168583.76425106,235482.094060066,False, , ,0, , , , , , "
"TRACK,1.28.5-5,-16.54984211091828,-71.47858694762277,8168612.08680288,235479.861153478,False, , ,0, , , , , , "
"TRACK,1.28.5-5,-16.54954129721793,-71.47836469687077,8168645.68173656,235503.182128636,False, , ,0, , , , , , "
"TRACK,1.28.5-5,-16.54874692147783,-71.47768648093265,8168734.51776615,235574.517051538,False, , ,0, , , , , , "
"TRACK,1.28.5-5,-16.54843306991171,-71.4773732035985,8168769.67572294,235607.540265253,False, , ,0, , , , , , "
"TRACK,1.28.5-5,-16.54834511487577,-71.47728457660466,8168779.52961526,235616.883778783,False, , ,0, , , , , , "
"TRACK,1.28.5-5,-16.54778840725899,-71.47695812914164,8168841.59076945,235650.982174019,False, , ,0, , , , , , "
"TRACK,1.28.5-5,-16.54724152216814,-71.47639672411947,8168902.8734566,235710.182862007,False, , ,0, , , , , , "
"TRACK,1.28.5-5,-16.5468741638052,-71.47593073578483,8168944.155544,235759.44006541,False, , ,0, , , , , , "
"TRACK,1.28.5-5,-16.54654633651962,-71.47538370770478,8168981.16765518,235817.404755573,False, , ,0, , , , , , "
"TRACK,1.28.5-5,-16.54561085549029,-71.47605280632344,8169083.85247162,235744.683049493,False, , ,0, , , , , , "
"TRACK,1.28.5-5,-16.54330137228996,-71.47756671870236,8169337.53799096,235579.876400726,False, , ,0, , , , , , "
"TRACK,1.28.5-6, , ,10000000,11015404.4991538, , , , , , , , , , "
"TRACK,1.28.5-6,-16.54777262398151,-71.48276187051003,8168835.69377139,235031.239731259,False, , ,0, , , , , , "
"TRACK,1.28.5-6,-16.54848491420687,-71.48216275466079,8168757.62767369,235096.186782989,False, , ,0, , , , , , "
"TRACK,1.28.5-6,-16.54889111627579,-71.48169400881412,8168713.27591198,235146.794283705,False, , ,0, , , , , , "
"TRACK,1.28.5-6,-16.54881460310672,-71.48145009763211,8168722.06801531,235172.734329247,False, , ,0, , , , , , "
"TRACK,1.28.5-6,-16.54812585874147,-71.48151479400598,8168798.23204792,235164.884899101,False, , ,0, , , , , , "
"TRACK,1.28.5-6,-16.54787958052253,-71.48173917474786,8168825.20118999,235140.589065205,False, , ,0, , , , , , "
"TRACK,1.28.5-6,-16.54747315600859,-71.48221412085181,8168869.56942384,235089.318957317,False, , ,0, , , , , , "
"TRACK,1.28.5-6,-16.54738574067304,-71.48250037719714,8168878.86956665,235058.633037905,False, , ,0, , , , , , "
"TRACK,1.28.5-7, , ,10000000,11015404.4991538, , , , , , , , , , "
"TRACK,1.28.5-7,-16.54625791391065,-71.48592553508316,8168999.20976289,234691.350619147,False, , ,0, , , , , , "
"TRACK,1.28.5-7,-16.54635981577168,-71.48521880382364,8168988.86135364,234766.955379682,False, , ,0, , , , , , "
"TRACK,1.28.5-7,-16.5458137335507,-71.48503498158038,8169049.55960355,234785.836835367,False, , ,0, , , , , , "
"TRACK,1.28.5-7,-16.54553346229998,-71.48577946141766,8169079.60518926,234705.956919347,False, , ,0, , , , , , "
"TRACK,1.28.5-8, , ,10000000,11015404.4991538, , , , , , , , , , "
"TRACK,1.28.5-8,-16.54634267805391,-71.48399761880461,8168992.37006845,234897.330878721,False, , ,0, , , , , , "
"TRACK,1.28.5-8,-16.54640706255285,-71.48375379479479,8168985.56384593,234923.454610967,False, , ,0, , , , , , "
"TRACK,1.28.5-8,-16.54696964799007,-71.48315464880002,8168924.07149405,234988.200986949,False, , ,0, , , , , , "
"TRACK,1.28.5-8,-16.5470024695271,-71.48293158030117,8168920.73207154,235012.06516337,False, , ,0, , , , , , "
"TRACK,1.28.5-8,-16.54689944511554,-71.48279966540616,8168932.31162961,235026.01021059,False, , ,0, , , , , , "
"TRACK,1.28.5-8,-16.5465477776804,-71.48324568938382,8168970.65576301,234977.902796784,False, , ,0, , , , , , "
"TRACK,1.28.5-8,-16.54690002555631,-71.48263341139648,8168932.46659235,235043.76364558,False, , ,0, , , , , , "
"TRACK,1.28.5-8,-16.54625592483574,-71.48244082979511,8169004.02745498,235063.447117483,False, , ,0, , , , , , "
"TRACK,1.28.5-8,-16.54569150504049,-71.48367199715473,8169064.88956797,234931.210444453,False, , ,0, , , , , , "
"TRACK,1.28.5-9, , ,10000000,11015404.4991538, , , , , , , , , , "
"TRACK,1.28.5-9,-16.54586269423344,-71.47971224791112,8169051.15644636,235354.269479689,False, , ,0, , , , , , "
"TRACK,1.28.5-9,-16.54522057465931,-71.47936001832636,8169122.70774267,235391.004181771,False, , ,0, , , , , , "
"TRACK,1.28.5-9,-16.54453231841748,-71.47877221516215,8169199.67671943,235452.831035843,False, , ,0, , , , , , "
"TRACK,1.28.5-9,-16.54392178784621,-71.47818771523252,8169268.03629487,235514.411671812,False, , ,0, , , , , , "
"TRACK,1.28.5-9,-16.5432003511244,-71.47752211810285,8169348.78045529,235584.501149545,False, , ,0, , , , , , "
"TRACK,1.28.5-9,-16.54277945732772,-71.47715196845005,8169395.86341285,235623.452458018,False, , ,0, , , , , , "
"TRACK,1.28.5-9,-16.54247136342796,-71.47705287236801,8169430.10201131,235633.614023041,False, , ,0, , , , , , "
"TRACK,1.28.5-9,-16.54195564947596,-71.47835919647473,8169485.4767552,235493.418089192,False, , ,0, , , , , , "
"TRACK,1.28.5-9,-16.54319052265659,-71.47842100673994,8169348.68577415,235488.502657728,False, , ,0, , , , , , "
"TRACK,1.28.5-9,-16.54538556254045,-71.48118457128491,8169102.03906297,235196.402002022,False, , ,0, , , , , , "
"TRACK,1.28.5-10, , ,10000000,11015404.4991538, , , , , , , , , , "
"TRACK,1.28.5-10,-16.5423597076175,-71.47692252721241,8169442.63456205,235647.380329763,False, , ,0, , , , , , "
"TRACK,1.28.5-10,-16.54292491575879,-71.47716858656641,8169379.73823697,235621.876303125,False, , ,0, , , , , , "
"TRACK,1.28.5-10,-16.54327725791286,-71.4775172136725,8169340.27275859,235585.129749674,False, , ,0, , , , , , "
"TRACK,1.28.5-10,-16.54413305565551,-71.47698550144385,8169246.22909466,235643.074000582,False, , ,0, , , , , , "
"TRACK,1.28.5-10,-16.54503780428299,-71.47637909671519,8169146.86434574,235709.060259611,False, , ,0, , , , , , "
"TRACK,1.28.5-10,-16.54650667247203,-71.4753395301499,8168985.61683111,235822.067969741,False, , ,0, , , , , , "
"TRACK,1.28.5-10,-16.54706045987876,-71.47480243879188,8168925.01457405,235880.173201748,False, , ,0, , , , , , "
"TRACK,1.28.5-10,-16.54742809395474,-71.47444437460173,8168884.78543972,235918.908071869,False, , ,0, , , , , , "
"TRACK,1.28.5-10,-16.54775699878971,-71.47405305195824,8168848.88756263,235961.141343957,False, , ,0, , , , , , "
"TRACK,1.28.5-10,-16.54826910168282,-71.47323556349318,8168793.26816505,236049.129518203,False, , ,0, , , , , , "
"TRACK,1.28.5-10,-16.54849644196288,-71.47279342555018,8168768.68074417,236096.650061101,False, , ,0, , , , , , "
"TRACK,1.28.5-10,-16.54901513193753,-71.47167583755785,8168712.72566072,236216.690596874,False, , ,0, , , , , , "
"TRACK,1.28.5-10,-16.54915595829585,-71.47130439403051,8168697.62281707,236256.544365406,False, , ,0, , , , , , "
"TRACK,1.28.5-10,-16.54938790720037,-71.47082132664896,8168672.57850902,236308.441044305,False, , ,0, , , , , , "
"TRACK,1.28.5-10,-16.54959475579758,-71.47032138196039,8168650.33501604,236362.10556291,False, , ,0, , , , , , "
"TRACK,1.28.5-10,-16.55004333312239,-71.46968003210934,8168601.5158789,236431.197663323,False, , ,0, , , , , , "
"TRACK,1.28.5-10,-16.54930822644415,-71.46971578878316,8168682.8503395,236426.379803133,False, , ,0, , , , , , "
"TRACK,1.28.5-10,-16.54901330740887,-71.47082787715982,8168714.04071501,236307.231869535,False, , ,0, , , , , , "
"TRACK,1.28.5-10,-16.54818394872143,-71.47206814817035,8168804.22840175,236173.668792991,False, , ,0, , , , , , "
"TRACK,1.28.5-10,-16.54732344685064,-71.47288900960719,8168898.41407614,236084.846394505,False, , ,0, , , , , , "
"TRACK,1.28.5-10,-16.54654499376773,-71.4740545591126,8168983.06322409,235959.329255648,False, , ,0, , , , , , "
"TRACK,1.28.5-10,-16.54570654720651,-71.47523510583389,8169074.33376901,235832.127899706,False, , ,0, , , , , , "
"TRACK,1.28.5-10,-16.54416332845863,-71.47591466112263,8169244.2858992,235757.461021592,False, , ,0, , , , , , "
"TRACK,1.28.5-10,-16.54232639511782,-71.47636549681636,8169447.0550173,235706.815917536,False, , ,0, , , , , , "
