"UNICODE","P","D","L","V","LATITUDE","LONGITUDE","block","I_TRIAT","P_TRIAT","FECHA","CICLO"
"1.28.1.1",1,28,"1","1",-16.5653811949291,-71.430421194151,"1",NA,NA,NA,NA
"1.28.1.10",1,28,"1","10",-16.5677600349611,-71.4386430141402,"1",NA,NA,NA,NA
"1.28.1.11",1,28,"1","11",-16.5670210940474,-71.438632705266,"1",NA,NA,NA,NA
"1.28.1.12",1,28,"1","12",-16.5669916666666,-71.4388821743463,"1",NA,NA,NA,NA
"1.28.1.13",1,28,"1","13",-16.5670131629384,-71.4391114807616,"1",NA,NA,NA,NA
"1.28.1.14",1,28,"1","14",-16.5670111111111,-71.4397769168008,"1",NA,NA,NA,NA
"1.28.1.15",1,28,"1","15",-16.5673472222222,-71.4389676343866,"1",NA,NA,NA,NA
"1.28.1.16",1,28,"1","16",-16.5675807451359,-71.4388268766774,"1",NA,NA,NA,NA
"1.28.1.17",1,28,"1","17",-16.5671671968436,-71.4394029982456,"1",NA,NA,NA,NA
"1.28.1.18",1,28,"1","18",-16.5673170672489,-71.4393587449737,"1",NA,NA,NA,NA
"1.28.1.19",1,28,"1","19",-16.5673433593234,-71.439435487108,"1",NA,NA,NA,NA
"1.28.1.20",1,28,"1","20",-16.5673657166473,-71.4395791606323,"1",NA,NA,NA,NA
"1.28.1.21",1,28,"1","21",-16.5676460328905,-71.43925,"1",NA,NA,NA,NA
"1.28.1.22",1,28,"1","22",-16.5681056570937,-71.4394,"1",NA,NA,NA,NA
"1.28.1.23",1,28,"1","23",-16.5683447729909,-71.4392443095523,"1",NA,NA,NA,NA
"1.28.1.24",1,28,"1","24",-16.5674333333333,-71.4392250662916,"1",NA,NA,NA,NA
"1.28.1.25",1,28,"1","25",-16.5676165221372,-71.4390472222222,"1",NA,NA,NA,NA
"1.28.1.26",1,28,"1","26",-16.567763827305,-71.438991312603,"1",NA,NA,NA,NA
"1.28.1.27",1,28,"1","27",-16.5679805555555,-71.4390274086711,"1",NA,NA,NA,NA
"1.28.1.28",1,28,"1","28",-16.5680787765359,-71.4390436520289,"1",NA,NA,NA,NA
"1.28.1.29",1,28,"1","29",-16.5681611911752,-71.4390824233993,"1",NA,NA,NA,NA
"1.28.1.3",1,28,"1","3",-16.5652989440814,-71.4325465604817,"1",NA,NA,NA,NA
"1.28.1.30",1,28,"1","30",-16.5682733862751,-71.4391174664692,"1",NA,NA,NA,NA
"1.28.1.31",1,28,"1","31",-16.5686105375227,-71.4389978496081,"1",NA,NA,NA,NA
"1.28.1.32",1,28,"1","32",-16.5681649162644,-71.4388827149999,"1",NA,NA,NA,NA
"1.28.1.33",1,28,"1","33",-16.5684389601542,-71.4388515963558,"1",NA,NA,NA,NA
"1.28.1.34",1,28,"1","34",-16.5686453287459,-71.4387118406389,"1",NA,NA,NA,NA
"1.28.1.35",1,28,"1","35",-16.5687280595671,-71.4387345931818,"1",NA,NA,NA,NA
"1.28.1.36",1,28,"1","36",-16.5687766899176,-71.43875,"1",NA,NA,NA,NA
"1.28.1.37",1,28,"1","37",-16.5688466314002,-71.4387638888888,"1",NA,NA,NA,NA
"1.28.1.38",1,28,"1","38",-16.5689976251578,-71.4388363084307,"1",NA,NA,NA,NA
"1.28.1.39",1,28,"1","39",-16.5688799872748,-71.4389481104558,"1",NA,NA,NA,NA
"1.28.1.4",1,28,"1","4",-16.5670209181711,-71.4375733089601,"1",NA,NA,NA,NA
"1.28.1.40",1,28,"1","40",-16.5687139054024,-71.4390318047633,"1",NA,NA,NA,NA
"1.28.1.41",1,28,"1","41",-16.568002216529,-71.4388797657418,"1",NA,NA,NA,NA
"1.28.1.42",1,28,"1","42",-16.5677625181961,-71.4388927091603,"1",NA,NA,NA,NA
"1.28.1.43",1,28,"1","43",-16.5677753056427,-71.4388153304885,"1",NA,NA,NA,NA
"1.28.1.44",1,28,"1","44",-16.567885785235,-71.4387131920456,"1",NA,NA,NA,NA
"1.28.1.45",1,28,"1","45",-16.5683083333333,-71.4386562068772,"1",NA,NA,NA,NA
"1.28.1.46",1,28,"1","46",-16.5684583333333,-71.4386534485409,"1",NA,NA,NA,NA
"1.28.1.47",1,28,"1","47",-16.5685395377793,-71.4386706909551,"1",NA,NA,NA,NA
"1.28.1.48",1,28,"1","48",-16.5683972314975,-71.4387886697156,"1",NA,NA,NA,NA
"1.28.1.49",1,28,"1","49",-16.5686468303283,-71.438492836788,"1",NA,NA,NA,NA
"1.28.1.5",1,28,"1","5",-16.5671189786696,-71.4377415862021,"1",NA,NA,NA,NA
"1.28.1.50",1,28,"1","50",-16.5689706936296,-71.4386793861507,"1",NA,NA,NA,NA
"1.28.1.51",1,28,"1","51",-16.5690764437241,-71.4387626830892,"1",NA,NA,NA,NA
"1.28.1.52",1,28,"1","52",-16.5691406005016,-71.4389257934998,"1",NA,NA,NA,NA
"1.28.1.53",1,28,"1","53",-16.5689285605091,-71.4390839908553,"1",NA,NA,NA,NA
"1.28.1.54",1,28,"1","54",-16.5691031896344,-71.4393942110656,"1",NA,NA,NA,NA
"1.28.1.55",1,28,"1","55",-16.568955389847,-71.4392662726269,"1",NA,NA,NA,NA
"1.28.1.56",1,28,"1","56",-16.5688382245206,-71.4392160852788,"1",NA,NA,NA,NA
"1.28.1.57",1,28,"1","57",-16.5687551582744,-71.4391777777777,"1",NA,NA,NA,NA
"1.28.1.58",1,28,"1","58",-16.5684968158829,-71.4391513944626,"1",NA,NA,NA,NA
"1.28.1.59",1,28,"1","59",-16.5684856772706,-71.4393679614893,"1",NA,NA,NA,NA
"1.28.1.6",1,28,"1","6",-16.5673527777777,-71.4379453713657,"1",NA,NA,NA,NA
"1.28.1.60",1,28,"1","60",-16.5682944444444,-71.4394661200097,"1",NA,NA,NA,NA
"1.28.1.61",1,28,"1","61",-16.5682868105628,-71.4395787799995,"1",NA,NA,NA,NA
"1.28.1.62",1,28,"1","62",-16.5683356095496,-71.4397720825936,"1",NA,NA,NA,NA
"1.28.1.63",1,28,"1","63",-16.5680556738776,-71.4398037938075,"1",NA,NA,NA,NA
"1.28.1.64",1,28,"1","64",-16.5679303435272,-71.4397748188858,"1",NA,NA,NA,NA
"1.28.1.65",1,28,"1","65",-16.5677865551879,-71.4397256880567,"1",NA,NA,NA,NA
"1.28.1.66",1,28,"1","66",-16.5675377047321,-71.4398935597052,"1",NA,NA,NA,NA
"1.28.1.67",1,28,"1","67",-16.567597826265,-71.4400332730711,"1",NA,NA,NA,NA
"1.28.1.68",1,28,"1","68",-16.5678063276668,-71.4399272115284,"1",NA,NA,NA,NA
"1.28.1.69",1,28,"1","69",-16.5678837197687,-71.4401288346213,"1",NA,NA,NA,NA
"1.28.1.7",1,28,"1","7",-16.5675436840414,-71.4381854413136,"1",NA,NA,NA,NA
"1.28.1.70",1,28,"1","70",-16.5678989896701,-71.4406663093217,"1",NA,NA,NA,NA
"1.28.1.8",1,28,"1","8",-16.5673632389688,-71.4383230776063,"1",NA,NA,NA,NA
"1.28.1.9",1,28,"1","9",-16.5680322713495,-71.4384936320447,"1",NA,NA,NA,NA
"1.28.2.1",1,28,"2","1",-16.564006041517,-71.4599904682684,"1",NA,NA,NA,NA
"1.28.2.10",1,28,"2","10",-16.5640257542747,-71.4593638888888,"3",NA,NA,NA,NA
"1.28.2.11",1,28,"2","11",-16.5637322463799,-71.4589071041445,"3",NA,NA,NA,NA
"1.28.2.12",1,28,"2","12",-16.5637189346813,-71.4587073275235,"3",NA,NA,NA,NA
"1.28.2.13",1,28,"2","13",-16.5637361111111,-71.4585726555901,"3",NA,NA,NA,NA
"1.28.2.14",1,28,"2","14",-16.5637024553049,-71.4580921162392,"4",NA,NA,NA,NA
"1.28.2.15",1,28,"2","15",-16.5636519355832,-71.4578083333333,"4",NA,NA,NA,NA
"1.28.2.16",1,28,"2","16",-16.5636970843614,-71.4576377687911,"4",NA,NA,NA,NA
"1.28.2.17",1,28,"2","17",-16.5635669121282,-71.4573228292136,"4",NA,NA,NA,NA
"1.28.2.18",1,28,"2","18",-16.564375,-71.4555516889268,"5",NA,NA,NA,NA
"1.28.2.19",1,28,"2","19",-16.5640388888888,-71.4565962677935,"6",NA,NA,NA,NA
"1.28.2.2",1,28,"2","2",-16.5637080115631,-71.4596037320604,"2",NA,NA,NA,NA
"1.28.2.20",1,28,"2","20",-16.5637898562596,-71.4569477806895,"6",NA,NA,NA,NA
"1.28.2.21",1,28,"2","21",-16.5637666666666,-71.4570368703061,"6",NA,NA,NA,NA
"1.28.2.22",1,28,"2","22",-16.5637698822189,-71.457264666331,"6",NA,NA,NA,NA
"1.28.2.23",1,28,"2","23",-16.563904250738,-71.4575583333333,"6",NA,NA,NA,NA
"1.28.2.24",1,28,"2","24",-16.5640055555555,-71.457185284075,"6",NA,NA,NA,NA
"1.28.2.25",1,28,"2","25",-16.5641787362407,-71.4572952329514,"6",NA,NA,NA,NA
"1.28.2.26",1,28,"2","26",-16.564131734137,-71.4574638888889,"6",NA,NA,NA,NA
"1.28.2.27",1,28,"2","27",-16.5641,-71.4577209276725,"6",NA,NA,NA,NA
"1.28.2.28",1,28,"2","28",-16.5640222222222,-71.4579913273972,"6",NA,NA,NA,NA
"1.28.2.29",1,28,"2","29",-16.5639361111111,-71.4578995612744,"6",NA,NA,NA,NA
"1.28.2.3",1,28,"2","3",-16.5634346041793,-71.4588353109898,"2",NA,NA,NA,NA
"1.28.2.30",1,28,"2","30",-16.5655437613176,-71.4540102806607,"7",NA,NA,NA,NA
"1.28.2.4",1,28,"2","4",-16.5635477112323,-71.4586454799001,"2",NA,NA,NA,NA
"1.28.2.5",1,28,"2","5",-16.5634102345348,-71.4584472222222,"2",NA,NA,NA,NA
"1.28.2.6",1,28,"2","6",-16.5635608305889,-71.4583055555555,"2",NA,NA,NA,NA
"1.28.2.7",1,28,"2","7",-16.5639543739315,-71.4583505495029,"3",NA,NA,NA,NA
"1.28.2.8",1,28,"2","8",-16.5640198633025,-71.4587222222222,"3",NA,NA,NA,NA
"1.28.2.9",1,28,"2","9",-16.5641939820641,-71.4589777777777,"3",NA,NA,NA,NA
"1.28.3.1",1,28,"3","1",-16.5694850953948,-71.4500083333333,"1",NA,NA,NA,NA
"1.28.3.10",1,28,"3","10",-16.5707157909656,-71.4475101097679,"3",NA,NA,NA,NA
"1.28.3.100",1,28,"3","100",-16.5698814389802,-71.4579107365018,"13",NA,NA,NA,NA
"1.28.3.101",1,28,"3","101",-16.5689888888888,-71.459934082423,"14",NA,NA,NA,NA
"1.28.3.102",1,28,"3","102",-16.5689836912459,-71.4593853384513,"15",NA,NA,NA,NA
"1.28.3.103",1,28,"3","103",-16.5692083333333,-71.4589804213417,"15","",0,"10/13/09",2
"1.28.3.103",1,28,"3","103",-16.5692083333333,-71.4589804213417,"15","",0,"05/18/09",1
"1.28.3.104",1,28,"3","104",-16.5696303726999,-71.4578510821845,"15","",0,"05/19/09",1
"1.28.3.104",1,28,"3","104",-16.5696303726999,-71.4578510821845,"15","",0,"10/13/09",2
"1.28.3.105",1,28,"3","105",-16.5696788541959,-71.4577517377219,"15","",0,"05/25/09",1
"1.28.3.105",1,28,"3","105",-16.5696788541959,-71.4577517377219,"15","",0,"10/12/2009",2
"1.28.3.106",1,28,"3","106",-16.5697244643225,-71.4576905855453,"15","",0,"10/12/2009",2
"1.28.3.106",1,28,"3","106",-16.5697244643225,-71.4576905855453,"15","",0,"05/19/09",1
"1.28.3.107",1,28,"3","107",-16.5697799705201,-71.4575860745931,"15","",0,"10/12/2009",2
"1.28.3.107",1,28,"3","107",-16.5697799705201,-71.4575860745931,"15","",0,"05/25/09",1
"1.28.3.108",1,28,"3","108",-16.5698173643455,-71.4574361111111,"15","",0,"05/18/09",1
"1.28.3.108",1,28,"3","108",-16.5698173643455,-71.4574361111111,"15","",0,"10/13/09",2
"1.28.3.109",1,28,"3","109",-16.5699758304709,-71.4571174692761,"15","",0,"10/13/09",2
"1.28.3.109",1,28,"3","109",-16.5699758304709,-71.4571174692761,"15","",0,"05/18/09",1
"1.28.3.11",1,28,"3","11",-16.5705971538107,-71.4461895178784,"3","",0,"10/05/2009",2
"1.28.3.11",1,28,"3","11",-16.5705971538107,-71.4461895178784,"3","",0,"05/20/09",1
"1.28.3.110",1,28,"3","110",-16.5692700516384,-71.456664123704,"15",NA,NA,NA,NA
"1.28.3.111",1,28,"3","111",-16.5694203071348,-71.4563472222222,"15","",0,"05/18/09",1
"1.28.3.111",1,28,"3","111",-16.5694203071348,-71.4563472222222,"15","",0,"10/13/09",2
"1.28.3.112",1,28,"3","112",-16.5695694444444,-71.4560249109243,"15",NA,NA,NA,NA
"1.28.3.113",1,28,"3","113",-16.5698548606542,-71.4561385878757,"15","",0,"10/07/2009",2
"1.28.3.114",1,28,"3","114",-16.5702535925259,-71.4563847812874,"15","",0,"05/22/09",1
"1.28.3.115",1,28,"3","115",-16.5702074606081,-71.4565051761933,"15","",0,"10/06/2009",2
"1.28.3.115",1,28,"3","115",-16.5702074606081,-71.4565051761933,"15","",0,"05/22/09",1
"1.28.3.116",1,28,"3","116",-16.5701621059247,-71.4566374748884,"15","",0,"10/13/09",2
"1.28.3.117",1,28,"3","117",-16.5700436379856,-71.4569211708807,"15","",0,"10/13/09",2
"1.28.3.118",1,28,"3","118",-16.5694223291446,-71.456570803942,"15","",0,"05/20/09",1
"1.28.3.119",1,28,"3","119",-16.5693180352971,-71.456059566435,"16","",0,"05/20/09",1
"1.28.3.119",1,28,"3","119",-16.5693180352971,-71.456059566435,"16","",0,"10/13/09",2
"1.28.3.12",1,28,"3","12",-16.5699100207283,-71.4460478505136,"3","",0,"10/13/09",2
"1.28.3.120",1,28,"3","120",-16.5693822273282,-71.455857529529,"16","",0,"05/20/09",1
"1.28.3.121",1,28,"3","121",-16.5694496633114,-71.4556739921316,"17",NA,NA,NA,NA
"1.28.3.122",1,28,"3","122",-16.5693507045233,-71.4554771682828,"17",NA,NA,NA,NA
"1.28.3.123",1,28,"3","123",-16.5696,-71.455357567473,"17",NA,NA,NA,NA
"1.28.3.124",1,28,"3","124",-16.5694735481474,-71.4552,"17","",0,"05/21/09",1
"1.28.3.124",1,28,"3","124",-16.5694735481474,-71.4552,"17","",0,"10/07/2009",2
"1.28.3.125",1,28,"3","125",-16.5696694444444,-71.4552012862667,"17","",0,"05/25/09",1
"1.28.3.126",1,28,"3","126",-16.569783455197,-71.4546781294283,"18","",0,"10/12/2009",2
"1.28.3.126",1,28,"3","126",-16.569783455197,-71.4546781294283,"18","",0,"05/19/09",1
"1.28.3.127",1,28,"3","127",-16.5698583333333,-71.4545216091981,"18",NA,NA,NA,NA
"1.28.3.128",1,28,"3","128",-16.5699253719911,-71.4543792376199,"18",NA,NA,NA,NA
"1.28.3.129",1,28,"3","129",-16.5700203471939,-71.4541973261284,"18","3",12,"05/19/09",1
"1.28.3.13",1,28,"3","13",-16.5707143197343,-71.444070604493,"4","",0,"10/05/2009",2
"1.28.3.130",1,28,"3","130",-16.5700952310959,-71.4540277777777,"18","",0,"05/22/09",1
"1.28.3.131",1,28,"3","131",-16.5695080506755,-71.4537199365222,"18",NA,NA,NA,NA
"1.28.3.132",1,28,"3","132",-16.5692113097731,-71.4536564562102,"19",NA,NA,NA,NA
"1.28.3.133",1,28,"3","133",-16.5682144084506,-71.4531813908229,"19","",0,"05/18/09",1
"1.28.3.133",1,28,"3","133",-16.5682144084506,-71.4531813908229,"19","",0,"10/07/2009",2
"1.28.3.134",1,28,"3","134",-16.5693141626471,-71.4534465389975,"20","",0,"05/19/09",1
"1.28.3.134",1,28,"3","134",-16.5693141626471,-71.4534465389975,"20","",0,"10/06/2009",2
"1.28.3.135",1,28,"3","135",-16.5695722222222,-71.453272653536,"21","",0,"10/06/2009",2
"1.28.3.135",1,28,"3","135",-16.5695722222222,-71.453272653536,"21","",0,"05/19/09",1
"1.28.3.136",1,28,"3","136",-16.570067550897,-71.4533673846856,"21",NA,NA,NA,NA
"1.28.3.137",1,28,"3","137",-16.5703780126257,-71.453489696645,"21","",0,"10/12/2009",2
"1.28.3.137",1,28,"3","137",-16.5703780126257,-71.453489696645,"21","",0,"05/19/09",1
"1.28.3.138",1,28,"3","138",-16.5702916666666,-71.4536663432682,"21",NA,NA,NA,NA
"1.28.3.139",1,28,"3","139",-16.5702291333466,-71.4538570714801,"21",NA,NA,NA,NA
"1.28.3.14",1,28,"3","14",-16.5728213606546,-71.4453755894103,"5",NA,NA,NA,NA
"1.28.3.140",1,28,"3","140",-16.569626286728,-71.4526957937311,"20",NA,NA,NA,NA
"1.28.3.141",1,28,"3","141",-16.5697187272287,-71.4524953128804,"2","",0,"05/18/09",1
"1.28.3.141",1,28,"3","141",-16.5697187272287,-71.4524953128804,"2","",0,"10/13/09",2
"1.28.3.142",1,28,"3","142",-16.5697936016535,-71.452775,"21","",0,"05/18/09",1
"1.28.3.142",1,28,"3","142",-16.5697936016535,-71.452775,"21","",0,"10/12/2009",2
"1.28.3.143",1,28,"3","143",-16.570528892053,-71.4531366276291,"21","",0,"10/14/09",2
"1.28.3.143",1,28,"3","143",-16.570528892053,-71.4531366276291,"21","",0,"05/18/09",1
"1.28.3.144",1,28,"3","144",-16.5706280605739,-71.4529012848088,"2","",0,"10/07/2009",2
"1.28.3.144",1,28,"3","144",-16.5706280605739,-71.4529012848088,"2","",0,"05/18/09",1
"1.28.3.145",1,28,"3","145",-16.5707199548214,-71.4527200220026,"2","",0,"05/18/09",1
"1.28.3.146",1,28,"3","146",-16.5709375026338,-71.4523611527267,"2","",0,"10/07/2009",2
"1.28.3.146",1,28,"3","146",-16.5709375026338,-71.4523611527267,"2","",0,"05/18/09",1
"1.28.3.147",1,28,"3","147",-16.5708811451455,-71.4521795413519,"2",NA,NA,NA,NA
"1.28.3.148",1,28,"3","148",-16.5707603271416,-71.4520129049474,"2",NA,NA,NA,NA
"1.28.3.149",1,28,"3","149",-16.5706992799627,-71.4517276850019,"2",NA,NA,NA,NA
"1.28.3.15",1,28,"3","15",-16.5721102843705,-71.44887836365,"5",NA,NA,NA,NA
"1.28.3.150",1,28,"3","150",-16.5707023424637,-71.4515729091121,"2",NA,NA,NA,NA
"1.28.3.151",1,28,"3","151",-16.5705110155807,-71.4509722222222,"2","",0,"10/12/2009",2
"1.28.3.152",1,28,"3","152",-16.5709789291168,-71.4518398240068,"22",NA,NA,NA,NA
"1.28.3.153",1,28,"3","153",-16.5711804229817,-71.4522538330199,"22",NA,NA,NA,NA
"1.28.3.154",1,28,"3","154",-16.571920694753,-71.4509725874405,"23",NA,NA,NA,NA
"1.28.3.155",1,28,"3","155",-16.5720479598436,-71.4510007249718,"23",NA,NA,NA,NA
"1.28.3.156",1,28,"3","156",-16.5720437012102,-71.4511218033466,"23","",0,"10/13/09",2
"1.28.3.156",1,28,"3","156",-16.5720437012102,-71.4511218033466,"23","",0,"05/18/09",1
"1.28.3.157",1,28,"3","157",-16.5720411762808,-71.4512019503489,"23","",0,"10/13/09",2
"1.28.3.157",1,28,"3","157",-16.5720411762808,-71.4512019503489,"23","",0,"05/25/09",1
"1.28.3.158",1,28,"3","158",-16.5720905745613,-71.4513861790841,"23",NA,NA,NA,NA
"1.28.3.159",1,28,"3","159",-16.5721588303393,-71.4515776496398,"23",NA,NA,NA,NA
"1.28.3.16",1,28,"3","16",-16.5717803029464,-71.4485809587804,"5",NA,NA,NA,NA
"1.28.3.160",1,28,"3","160",-16.5721354032856,-71.4517930249524,"23",NA,NA,NA,NA
"1.28.3.161",1,28,"3","161",-16.5721444444444,-71.4519954315046,"23",NA,NA,NA,NA
"1.28.3.162",1,28,"3","162",-16.5720928248145,-71.4521454385872,"23","",0,"05/19/09",1
"1.28.3.163",1,28,"3","163",-16.5720469887248,-71.4522894284759,"23",NA,NA,NA,NA
"1.28.3.164",1,28,"3","164",-16.5718944444444,-71.4525219663321,"24","",0,"05/18/09",1
"1.28.3.164",1,28,"3","164",-16.5718944444444,-71.4525219663321,"24","",0,"10/12/2009",2
"1.28.3.165",1,28,"3","165",-16.5717603957264,-71.4528402640121,"24","",0,"05/21/09",1
"1.28.3.166",1,28,"3","166",-16.5715873990858,-71.4531471976814,"24","",0,"10/13/09",2
"1.28.3.167",1,28,"3","167",-16.5713472222222,-71.4527552379524,"24","",0,"10/13/09",2
"1.28.3.168",1,28,"3","168",-16.5712419676839,-71.4525277777777,"24","",0,"10/12/2009",2
"1.28.3.168",1,28,"3","168",-16.5712419676839,-71.4525277777777,"24","",0,"05/22/09",1
"1.28.3.169",1,28,"3","169",-16.5718222222222,-71.4522485819208,"24",NA,NA,NA,NA
"1.28.3.17",1,28,"3","17",-16.5715766560762,-71.4484136014253,"5",NA,NA,NA,NA
"1.28.3.170",1,28,"3","170",-16.5710134228217,-71.4526056045447,"25",NA,NA,NA,NA
"1.28.3.171",1,28,"3","171",-16.5711722222222,-71.4529203476029,"25",NA,NA,NA,NA
"1.28.3.172",1,28,"3","172",-16.5714805555555,-71.453548711964,"25",NA,NA,NA,NA
"1.28.3.173",1,28,"3","173",-16.5713677314556,-71.4538005375475,"25","",0,"05/25/09",1
"1.28.3.174",1,28,"3","174",-16.5713174877494,-71.4539638888888,"25",NA,NA,NA,NA
"1.28.3.175",1,28,"3","175",-16.5707502818809,-71.4540945206882,"25",NA,NA,NA,NA
"1.28.3.176",1,28,"3","176",-16.5704888888888,-71.4539445825243,"25",NA,NA,NA,NA
"1.28.3.177",1,28,"3","177",-16.5705899158507,-71.4537666666666,"25","",0,"10/13/09",2
"1.28.3.178",1,28,"3","178",-16.5706009739198,-71.4535344326053,"25",NA,NA,NA,NA
"1.28.3.179",1,28,"3","179",-16.5706432802574,-71.4534233890773,"25","",0,"05/19/09",1
"1.28.3.18",1,28,"3","18",-16.5714725862997,-71.4482932139696,"5","",0,"05/25/09",1
"1.28.3.180",1,28,"3","180",-16.5707012184087,-71.4532900286939,"25","",0,"05/21/09",1
"1.28.3.180",1,28,"3","180",-16.5707012184087,-71.4532900286939,"25","",0,"10/06/2009",2
"1.28.3.181",1,28,"3","181",-16.5703583333333,-71.4540986317956,"26","",0,"05/21/09",1
"1.28.3.181",1,28,"3","181",-16.5703583333333,-71.4540986317956,"26","",0,"10/06/2009",2
"1.28.3.182",1,28,"3","182",-16.5706872713379,-71.4542488658772,"26",NA,NA,NA,NA
"1.28.3.183",1,28,"3","183",-16.5711017713823,-71.4544438783474,"26",NA,NA,NA,NA
"1.28.3.184",1,28,"3","184",-16.5710534317529,-71.4544933508553,"26",NA,NA,NA,NA
"1.28.3.185",1,28,"3","185",-16.570999580223,-71.4546194444444,"26",NA,NA,NA,NA
"1.28.3.186",1,28,"3","186",-16.5709327550377,-71.4546777777777,"26","",0,"05/19/09",1
"1.28.3.186",1,28,"3","186",-16.5709327550377,-71.4546777777777,"26","",0,"10/07/2009",2
"1.28.3.187",1,28,"3","187",-16.5704093173115,-71.4543288820298,"26","",0,"05/25/09",1
"1.28.3.188",1,28,"3","188",-16.5701221219812,-71.4546916666666,"27",NA,NA,NA,NA
"1.28.3.189",1,28,"3","189",-16.569994171424,-71.4550377031854,"28",NA,NA,NA,NA
"1.28.3.19",1,28,"3","19",-16.5712098996798,-71.4480661633417,"5","",0,"10/05/2009",2
"1.28.3.190",1,28,"3","190",-16.5699393372684,-71.4551558206377,"28","",0,"05/21/09",1
"1.28.3.190",1,28,"3","190",-16.5699393372684,-71.4551558206377,"28","",0,"10/07/2009",2
"1.28.3.191",1,28,"3","191",-16.5698373311232,-71.4554722222222,"28","",0,"10/05/2009",2
"1.28.3.191",1,28,"3","191",-16.5698373311232,-71.4554722222222,"28","",0,"05/21/09",1
"1.28.3.192",1,28,"3","192",-16.56977928059,-71.4556658257733,"28","",0,"10/13/09",2
"1.28.3.192",1,28,"3","192",-16.56977928059,-71.4556658257733,"28","",0,"05/21/09",1
"1.28.3.193",1,28,"3","193",-16.5699944444444,-71.455921737619,"28","",0,"05/21/09",1
"1.28.3.193",1,28,"3","193",-16.5699944444444,-71.455921737619,"28","",0,"10/05/2009",2
"1.28.3.194",1,28,"3","194",-16.5703448395745,-71.456128150832,"28","",0,"10/05/2009",2
"1.28.3.194",1,28,"3","194",-16.5703448395745,-71.456128150832,"28","",0,"05/20/09",1
"1.28.3.195",1,28,"3","195",-16.5703885004363,-71.4560335094026,"28",NA,NA,NA,NA
"1.28.3.196",1,28,"3","196",-16.5704833332519,-71.4557796306154,"28",NA,NA,NA,NA
"1.28.3.197",1,28,"3","197",-16.5705608801562,-71.4555496075298,"28",NA,NA,NA,NA
"1.28.3.198",1,28,"3","198",-16.5706170055653,-71.4554125985738,"28",NA,NA,NA,NA
"1.28.3.2",1,28,"3","2",-16.5681593711682,-71.4518396667278,"2",NA,NA,NA,NA
"1.28.3.20",1,28,"3","20",-16.571187549454,-71.4478735743186,"5",NA,NA,NA,NA
"1.28.3.21",1,28,"3","21",-16.5710282142459,-71.4476085142357,"5","",0,"10/05/2009",2
"1.28.3.22",1,28,"3","22",-16.5716638888888,-71.4487267289021,"6",NA,NA,NA,NA
"1.28.3.23",1,28,"3","23",-16.5721811925981,-71.4491541406519,"6",NA,NA,NA,NA
"1.28.3.24",1,28,"3","24",-16.5723941215207,-71.4495652082125,"6",NA,NA,NA,NA
"1.28.3.25",1,28,"3","25",-16.5723856961878,-71.4498083333333,"6",NA,NA,NA,NA
"1.28.3.26",1,28,"3","26",-16.5723580315005,-71.4500688390396,"6","",0,"10/05/2009",2
"1.28.3.26",1,28,"3","26",-16.5723580315005,-71.4500688390396,"6","",0,"05/22/09",1
"1.28.3.27",1,28,"3","27",-16.5722888345908,-71.4501927648864,"6","",0,"05/22/09",1
"1.28.3.28",1,28,"3","28",-16.5722041393285,-71.4502452420305,"6",NA,NA,NA,NA
"1.28.3.29",1,28,"3","29",-16.5722247708403,-71.450336547392,"6","",0,"05/22/09",1
"1.28.3.29",1,28,"3","29",-16.5722247708403,-71.450336547392,"6","",0,"10/05/2009",2
"1.28.3.3",1,28,"3","3",-16.568359608255,-71.4515699749772,"2",NA,NA,NA,NA
"1.28.3.30",1,28,"3","30",-16.5721508235627,-71.4504554745716,"6","",0,"05/22/09",1
"1.28.3.30",1,28,"3","30",-16.5721508235627,-71.4504554745716,"6","",0,"10/05/2009",2
"1.28.3.31",1,28,"3","31",-16.5720734257263,-71.450573511151,"6",NA,NA,NA,NA
"1.28.3.32",1,28,"3","32",-16.5716584750256,-71.4504148783294,"7",NA,NA,NA,NA
"1.28.3.33",1,28,"3","33",-16.5732180469318,-71.4491888844599,"8","",0,"05/21/09",1
"1.28.3.34",1,28,"3","34",-16.5733134171528,-71.4490700856493,"8","",0,"05/21/09",1
"1.28.3.35",1,28,"3","35",-16.5733747314414,-71.4489730521177,"8","",0,"10/05/2009",2
"1.28.3.35",1,28,"3","35",-16.5733747314414,-71.4489730521177,"8","",0,"05/20/09",1
"1.28.3.36",1,28,"3","36",-16.5734435413014,-71.4489051619434,"8",NA,NA,NA,NA
"1.28.3.37",1,28,"3","37",-16.5735083100158,-71.4488758859674,"8",NA,NA,NA,NA
"1.28.3.38",1,28,"3","38",-16.5735816082678,-71.4488184328805,"8",NA,NA,NA,NA
"1.28.3.39",1,28,"3","39",-16.573669613069,-71.4487396114377,"8",NA,NA,NA,NA
"1.28.3.4",1,28,"3","4",-16.5697346196277,-71.4502054870011,"2",NA,NA,NA,NA
"1.28.3.40",1,28,"3","40",-16.5737372037713,-71.4486608611403,"8",NA,NA,NA,NA
"1.28.3.41",1,28,"3","41",-16.574043805662,-71.4483863917342,"8","",0,"10/12/2009",2
"1.28.3.41",1,28,"3","41",-16.574043805662,-71.4483863917342,"8","",0,"05/22/09",1
"1.28.3.42",1,28,"3","42",-16.5745952282812,-71.4478928156508,"8","",0,"05/21/09",1
"1.28.3.42",1,28,"3","42",-16.5745952282812,-71.4478928156508,"8","",0,"10/06/2009",2
"1.28.3.43",1,28,"3","43",-16.5734522956126,-71.4494527777777,"9","",0,"10/06/2009",2
"1.28.3.44",1,28,"3","44",-16.573427665885,-71.4502691949749,"9","",0,"05/21/09",1
"1.28.3.44",1,28,"3","44",-16.573427665885,-71.4502691949749,"9","",0,"10/06/2009",2
"1.28.3.45",1,28,"3","45",-16.5728490266862,-71.4503611111111,"9","",0,"05/21/09",1
"1.28.3.45",1,28,"3","45",-16.5728490266862,-71.4503611111111,"9","",0,"10/05/2009",2
"1.28.3.46",1,28,"3","46",-16.5726333333333,-71.4502022178324,"9",NA,NA,NA,NA
"1.28.3.47",1,28,"3","47",-16.5728690298319,-71.4501177999427,"9",NA,NA,NA,NA
"1.28.3.48",1,28,"3","48",-16.5729809438633,-71.4498949900735,"9","",0,"05/21/09",1
"1.28.3.48",1,28,"3","48",-16.5729809438633,-71.4498949900735,"9","",0,"10/06/2009",2
"1.28.3.49",1,28,"3","49",-16.57253842866,-71.4504370616117,"10",NA,NA,NA,NA
"1.28.3.5",1,28,"3","5",-16.5696239249993,-71.4498019341212,"3",NA,NA,NA,NA
"1.28.3.50",1,28,"3","50",-16.5722868302924,-71.4508919645929,"10","",0,"05/25/09",1
"1.28.3.51",1,28,"3","51",-16.5722898965293,-71.4511756520488,"10","",0,"05/20/09",1
"1.28.3.52",1,28,"3","52",-16.5723824450914,-71.4515070761264,"10","",0,"05/20/09",1
"1.28.3.53",1,28,"3","53",-16.5723769012376,-71.4516967423861,"10","",0,"05/22/09",1
"1.28.3.53",1,28,"3","53",-16.5723769012376,-71.4516967423861,"10","",0,"10/13/09",2
"1.28.3.54",1,28,"3","54",-16.5724781571348,-71.451900541072,"10","",0,"05/20/09",1
"1.28.3.54",1,28,"3","54",-16.5724781571348,-71.451900541072,"10","",0,"10/13/09",2
"1.28.3.55",1,28,"3","55",-16.5723871508658,-71.4520388888888,"10","",0,"05/21/09",1
"1.28.3.55",1,28,"3","55",-16.5723871508658,-71.4520388888888,"10","",0,"10/13/09",2
"1.28.3.56",1,28,"3","56",-16.5723642585974,-71.4521300498449,"10","",0,"10/07/2009",2
"1.28.3.56",1,28,"3","56",-16.5723642585974,-71.4521300498449,"10","",0,"05/19/09",1
"1.28.3.57",1,28,"3","57",-16.5723013343515,-71.4522727047008,"10","",0,"10/13/09",2
"1.28.3.57",1,28,"3","57",-16.5723013343515,-71.4522727047008,"10","",0,"05/19/09",1
"1.28.3.58",1,28,"3","58",-16.5729367502162,-71.4528172011803,"10","",0,"10/06/2009",2
"1.28.3.58",1,28,"3","58",-16.5729367502162,-71.4528172011803,"10","",0,"05/20/09",1
"1.28.3.59",1,28,"3","59",-16.5722111111111,-71.4523876697163,"10",NA,NA,NA,NA
"1.28.3.6",1,28,"3","6",-16.5697145244267,-71.4497250582191,"3",NA,NA,NA,NA
"1.28.3.60",1,28,"3","60",-16.5721817486231,-71.4525057739837,"10","",0,"05/21/09",1
"1.28.3.60",1,28,"3","60",-16.5721817486231,-71.4525057739837,"10","",0,"10/06/2009",2
"1.28.3.61",1,28,"3","61",-16.5721728136739,-71.4525992040019,"10",NA,NA,NA,NA
"1.28.3.62",1,28,"3","62",-16.5721218337568,-71.4526859416254,"10","",0,"05/22/09",1
"1.28.3.63",1,28,"3","63",-16.5719982733725,-71.4529478374601,"10","",0,"05/21/09",1
"1.28.3.64",1,28,"3","64",-16.5719083333333,-71.453050243964,"10",NA,NA,NA,NA
"1.28.3.65",1,28,"3","65",-16.5719255106064,-71.4531409094078,"10",NA,NA,NA,NA
"1.28.3.66",1,28,"3","66",-16.5718027777777,-71.4533394138777,"10","",0,"10/06/2009",2
"1.28.3.66",1,28,"3","66",-16.5718027777777,-71.4533394138777,"10","",0,"05/21/09",1
"1.28.3.67",1,28,"3","67",-16.5717407588423,-71.4534925383031,"10","",0,"10/06/2009",2
"1.28.3.68",1,28,"3","68",-16.5720243008623,-71.4536766211759,"10",NA,NA,NA,NA
"1.28.3.69",1,28,"3","69",-16.5728106593708,-71.453536366586,"10","",0,"10/07/2009",2
"1.28.3.69",1,28,"3","69",-16.5728106593708,-71.453536366586,"10","",0,"05/20/09",1
"1.28.3.7",1,28,"3","7",-16.5697949848329,-71.4496277777777,"3","",0,"05/20/09",1
"1.28.3.7",1,28,"3","7",-16.5697949848329,-71.4496277777777,"3","",0,"10/05/2009",2
"1.28.3.70",1,28,"3","70",-16.5727571531079,-71.4536944444444,"10",NA,NA,NA,NA
"1.28.3.71",1,28,"3","71",-16.5725943074653,-71.4539218097424,"10",NA,NA,NA,NA
"1.28.3.72",1,28,"3","72",-16.5725146725888,-71.4541852449325,"10","",0,"05/25/09",1
"1.28.3.73",1,28,"3","73",-16.5720900264908,-71.4539548154227,"10","",0,"05/25/09",1
"1.28.3.74",1,28,"3","74",-16.5720615215816,-71.4538580313013,"10",NA,NA,NA,NA
"1.28.3.75",1,28,"3","75",-16.5716834352234,-71.4536226795227,"10","",0,"05/21/09",1
"1.28.3.75",1,28,"3","75",-16.5716834352234,-71.4536226795227,"10","",0,"10/06/2009",2
"1.28.3.76",1,28,"3","76",-16.5716184470174,-71.4537454111728,"10",NA,NA,NA,NA
"1.28.3.77",1,28,"3","77",-16.5716801631424,-71.4539292132262,"10",NA,NA,NA,NA
"1.28.3.78",1,28,"3","78",-16.5715470686539,-71.4539599330876,"10","",0,"05/25/09",1
"1.28.3.78",1,28,"3","78",-16.5715470686539,-71.4539599330876,"10","",0,"10/13/09",2
"1.28.3.79",1,28,"3","79",-16.5715037619309,-71.4540197820156,"10","",0,"05/22/09",1
"1.28.3.79",1,28,"3","79",-16.5715037619309,-71.4540197820156,"10","",0,"10/12/2009",2
"1.28.3.8",1,28,"3","8",-16.5710027777777,-71.4480720902503,"3","",0,"10/05/2009",2
"1.28.3.8",1,28,"3","8",-16.5710027777777,-71.4480720902503,"3","",0,"05/20/09",1
"1.28.3.80",1,28,"3","80",-16.5714586733258,-71.4541052449525,"10","",0,"10/06/2009",2
"1.28.3.80",1,28,"3","80",-16.5714586733258,-71.4541052449525,"10","",0,"05/21/09",1
"1.28.3.81",1,28,"3","81",-16.571437956332,-71.4541861111111,"10","",0,"05/21/09",1
"1.28.3.81",1,28,"3","81",-16.571437956332,-71.4541861111111,"10","",0,"10/06/2009",2
"1.28.3.82",1,28,"3","82",-16.5714027777777,-71.4542792183209,"10","",0,"05/19/09",1
"1.28.3.82",1,28,"3","82",-16.5714027777777,-71.4542792183209,"10","",0,"10/13/09",2
"1.28.3.83",1,28,"3","83",-16.5713729437327,-71.4543703358536,"10",NA,NA,NA,NA
"1.28.3.84",1,28,"3","84",-16.5713230077946,-71.4544805555555,"10","",0,"05/19/09",1
"1.28.3.85",1,28,"3","85",-16.571250700371,-71.4546358298503,"10","",0,"05/19/09",1
"1.28.3.86",1,28,"3","86",-16.5711897169667,-71.4547923661735,"10","",0,"05/25/09",1
"1.28.3.87",1,28,"3","87",-16.5716829862194,-71.4552741699417,"10",NA,NA,NA,NA
"1.28.3.88",1,28,"3","88",-16.5711270857411,-71.4548971700316,"10","",0,"05/25/09",1
"1.28.3.89",1,28,"3","89",-16.5710932818734,-71.4549964227182,"10","",0,"05/25/09",1
"1.28.3.9",1,28,"3","9",-16.5706805555555,-71.4476632529314,"3",NA,NA,NA,NA
"1.28.3.90",1,28,"3","90",-16.571026428227,-71.4551694444444,"10",NA,NA,NA,NA
"1.28.3.91",1,28,"3","91",-16.5709483281097,-71.4553275411654,"10","",0,"10/07/2009",2
"1.28.3.91",1,28,"3","91",-16.5709483281097,-71.4553275411654,"10","",0,"05/19/09",1
"1.28.3.92",1,28,"3","92",-16.5709216920038,-71.4555421125716,"11","",0,"05/19/09",1
"1.28.3.92",1,28,"3","92",-16.5709216920038,-71.4555421125716,"11","",0,"10/14/09",2
"1.28.3.93",1,28,"3","93",-16.5708261605351,-71.4556083333333,"11","",0,"10/07/2009",2
"1.28.3.93",1,28,"3","93",-16.5708261605351,-71.4556083333333,"11","",0,"05/19/09",1
"1.28.3.94",1,28,"3","94",-16.5707822960752,-71.4557936154967,"11","",0,"05/18/09",1
"1.28.3.95",1,28,"3","95",-16.570453947421,-71.4565767583796,"12",NA,NA,NA,NA
"1.28.3.96",1,28,"3","96",-16.5703736013524,-71.4567192654273,"12",NA,NA,NA,NA
"1.28.3.97",1,28,"3","97",-16.5702054394423,-71.4571708357843,"12",NA,NA,NA,NA
"1.28.3.98",1,28,"3","98",-16.5700814093942,-71.4575627667663,"13",NA,NA,NA,NA
"1.28.3.99",1,28,"3","99",-16.5700402036013,-71.4577375351234,"13",NA,NA,NA,NA
"1.28.4.1",1,28,"4","1",-16.5608293294636,-71.4694726573435,"1",NA,NA,NA,NA
"1.28.4.10",1,28,"4","10",-16.5608277777777,-71.4709560825441,"1",NA,NA,NA,NA
"1.28.4.11",1,28,"4","11",-16.560772352086,-71.4710466779262,"1",NA,NA,NA,NA
"1.28.4.12",1,28,"4","12",-16.5607140623595,-71.4711106915609,"1",NA,NA,NA,NA
"1.28.4.13",1,28,"4","13",-16.560658606801,-71.4711602161637,"1",NA,NA,NA,NA
"1.28.4.14",1,28,"4","14",-16.560592488585,-71.4712444444444,"1",NA,NA,NA,NA
"1.28.4.15",1,28,"4","15",-16.5605223245013,-71.4714055555555,"1",NA,NA,NA,NA
"1.28.4.16",1,28,"4","16",-16.5604072996093,-71.4714475020708,"1",NA,NA,NA,NA
"1.28.4.17",1,28,"4","17",-16.5603882418918,-71.4715610846089,"1",NA,NA,NA,NA
"1.28.4.18",1,28,"4","18",-16.5598948477655,-71.4719602980331,"1",NA,NA,NA,NA
"1.28.4.19",1,28,"4","19",-16.5598003446306,-71.4720129928535,"1",NA,NA,NA,NA
"1.28.4.2",1,28,"4","2",-16.5609123804695,-71.4695556235752,"1",NA,NA,NA,NA
"1.28.4.20",1,28,"4","20",-16.5597208624545,-71.4720792353151,"1",NA,NA,NA,NA
"1.28.4.21",1,28,"4","21",-16.5596579803317,-71.4721179686024,"1",NA,NA,NA,NA
"1.28.4.22",1,28,"4","22",-16.5595880205632,-71.4721606010067,"1",NA,NA,NA,NA
"1.28.4.23",1,28,"4","23",-16.5582267619605,-71.4719138888888,"1",NA,NA,NA,NA
"1.28.4.24",1,28,"4","24",-16.5591744977912,-71.4663620248684,"2",NA,NA,NA,NA
"1.28.4.25",1,28,"4","25",-16.5578861111111,-71.4663857105137,"2",NA,NA,NA,NA
"1.28.4.26",1,28,"4","26",-16.5573624266237,-71.4677316322049,"2",NA,NA,NA,NA
"1.28.4.27",1,28,"4","27",-16.5569023014554,-71.4697167805065,"3",NA,NA,NA,NA
"1.28.4.28",1,28,"4","28",-16.5571175768628,-71.4697397117763,"3",NA,NA,NA,NA
"1.28.4.29",1,28,"4","29",-16.5534404728835,-71.4703821452571,"3",NA,NA,NA,NA
"1.28.4.3",1,28,"4","3",-16.5608845649812,-71.4696507278374,"1",NA,NA,NA,NA
"1.28.4.30",1,28,"4","30",-16.5568155330669,-71.4724988136438,"3",NA,NA,NA,NA
"1.28.4.31",1,28,"4","31",-16.5569926132438,-71.4727527315277,"3",NA,NA,NA,NA
"1.28.4.32",1,28,"4","32",-16.5571315115705,-71.4726816267537,"3",NA,NA,NA,NA
"1.28.4.33",1,28,"4","33",-16.5572621904053,-71.4725878516058,"3",NA,NA,NA,NA
"1.28.4.34",1,28,"4","34",-16.5573166666666,-71.4725262375096,"3",NA,NA,NA,NA
"1.28.4.35",1,28,"4","35",-16.5574232815081,-71.4724393215433,"3",NA,NA,NA,NA
"1.28.4.36",1,28,"4","36",-16.557290378105,-71.4721376597767,"3",NA,NA,NA,NA
"1.28.4.37",1,28,"4","37",-16.5578540315127,-71.4720861111111,"3",NA,NA,NA,NA
"1.28.4.38",1,28,"4","38",-16.5579967424326,-71.4722555555555,"4",NA,NA,NA,NA
"1.28.4.39",1,28,"4","39",-16.5577928523493,-71.4724473870852,"4",NA,NA,NA,NA
"1.28.4.4",1,28,"4","4",-16.5609250795992,-71.4697277777777,"1",NA,NA,NA,NA
"1.28.4.40",1,28,"4","40",-16.5577027777777,-71.472561694292,"4",NA,NA,NA,NA
"1.28.4.41",1,28,"4","41",-16.5575702529659,-71.4726352350716,"4",NA,NA,NA,NA
"1.28.4.42",1,28,"4","42",-16.5574083333333,-71.4727094958529,"4",NA,NA,NA,NA
"1.28.4.43",1,28,"4","43",-16.5573086278121,-71.472821401162,"4",NA,NA,NA,NA
"1.28.4.44",1,28,"4","44",-16.5572550441306,-71.4728871137115,"4",NA,NA,NA,NA
"1.28.4.45",1,28,"4","45",-16.5571444444444,-71.4729890304628,"4",NA,NA,NA,NA
"1.28.4.46",1,28,"4","46",-16.5581439023593,-71.474080368046,"5",NA,NA,NA,NA
"1.28.4.47",1,28,"4","47",-16.5571444444444,-71.4741459911349,"6",NA,NA,NA,NA
"1.28.4.48",1,28,"4","48",-16.5568774866313,-71.4742318264964,"6",NA,NA,NA,NA
"1.28.4.49",1,28,"4","49",-16.5568388888888,-71.4746012600389,"6",NA,NA,NA,NA
"1.28.4.5",1,28,"4","5",-16.5609200516497,-71.4698125845879,"1",NA,NA,NA,NA
"1.28.4.50",1,28,"4","50",-16.5569800278029,-71.4731621089839,"6",NA,NA,NA,NA
"1.28.4.51",1,28,"4","51",-16.5569055555555,-71.4732882529513,"6",NA,NA,NA,NA
"1.28.4.52",1,28,"4","52",-16.5568369323551,-71.4733679520108,"6",NA,NA,NA,NA
"1.28.4.53",1,28,"4","53",-16.5567735458595,-71.4734533273349,"6",NA,NA,NA,NA
"1.28.4.54",1,28,"4","54",-16.5565863918765,-71.4737608802221,"6",NA,NA,NA,NA
"1.28.4.55",1,28,"4","55",-16.5564572518961,-71.4739755625459,"6",NA,NA,NA,NA
"1.28.4.56",1,28,"4","56",-16.5564830499162,-71.4742305555555,"6",NA,NA,NA,NA
"1.28.4.57",1,28,"4","57",-16.5562661958235,-71.474387951443,"6",NA,NA,NA,NA
"1.28.4.58",1,28,"4","58",-16.5561555555555,-71.4746006772353,"6",NA,NA,NA,NA
"1.28.4.59",1,28,"4","59",-16.5560861111111,-71.47480074329,"6",NA,NA,NA,NA
"1.28.4.6",1,28,"4","6",-16.5609387165553,-71.4699086938818,"1",NA,NA,NA,NA
"1.28.4.60",1,28,"4","60",-16.5556141739786,-71.4776172835432,"6",NA,NA,NA,NA
"1.28.4.61",1,28,"4","61",-16.5538316179398,-71.4787547222168,"7",NA,NA,NA,NA
"1.28.4.62",1,28,"4","62",-16.5546505318736,-71.4772374667305,"8",NA,NA,NA,NA
"1.28.4.63",1,28,"4","63",-16.5547166666666,-71.4767546453755,"9",NA,NA,NA,NA
"1.28.4.64",1,28,"4","64",-16.555297358691,-71.4762006226351,"9",NA,NA,NA,NA
"1.28.4.65",1,28,"4","65",-16.5557944444444,-71.4747655359388,"9",NA,NA,NA,NA
"1.28.4.66",1,28,"4","66",-16.555634357204,-71.4746305555555,"9",NA,NA,NA,NA
"1.28.4.67",1,28,"4","67",-16.5555460060677,-71.4744993231249,"9",NA,NA,NA,NA
"1.28.4.68",1,28,"4","68",-16.5557083333333,-71.4742528454397,"9",NA,NA,NA,NA
"1.28.4.69",1,28,"4","69",-16.5558873548104,-71.4742153430547,"9",NA,NA,NA,NA
"1.28.4.7",1,28,"4","7",-16.5610032407651,-71.4707526500785,"1",NA,NA,NA,NA
"1.28.4.70",1,28,"4","70",-16.5560008390075,-71.4741465011021,"9",NA,NA,NA,NA
"1.28.4.71",1,28,"4","71",-16.5560777777777,-71.474018371068,"9",NA,NA,NA,NA
"1.28.4.72",1,28,"4","72",-16.5562527777777,-71.4739400293003,"9",NA,NA,NA,NA
"1.28.4.73",1,28,"4","73",-16.5562867110702,-71.473430284706,"9",NA,NA,NA,NA
"1.28.4.74",1,28,"4","74",-16.556525,-71.4731195997522,"9",NA,NA,NA,NA
"1.28.4.75",1,28,"4","75",-16.5567964998808,-71.4729592665756,"9",NA,NA,NA,NA
"1.28.4.76",1,28,"4","76",-16.5555095357391,-71.4721657949014,"9",NA,NA,NA,NA
"1.28.4.8",1,28,"4","8",-16.5609507854501,-71.4708333333333,"1",NA,NA,NA,NA
"1.28.4.9",1,28,"4","9",-16.5608895187102,-71.470884200655,"1",NA,NA,NA,NA
"1.28.5.1",1,28,"5","1",-16.5492009407219,-71.4716122102218,"1","",0,"05/26/09",1
"1.28.5.10",1,28,"5","10",-16.549268069188,-71.4721064105324,"2","",0,"05/28/09",1
"1.28.5.100",1,28,"5","100",-16.5435272848365,-71.4778764994499,"9",NA,NA,NA,NA
"1.28.5.101",1,28,"5","101",-16.5433953131114,-71.4778038999971,"9",NA,NA,NA,NA
"1.28.5.102",1,28,"5","102",-16.5432909250501,-71.477647212582,"9","",0,"05/29/09",1
"1.28.5.103",1,28,"5","103",-16.5431354762155,-71.4775595659826,"9",NA,NA,NA,NA
"1.28.5.104",1,28,"5","104",-16.5430665959551,-71.4774240138267,"9","",0,"06/02/2009",1
"1.28.5.105",1,28,"5","105",-16.5429251891565,-71.477538203491,"9",NA,NA,NA,NA
"1.28.5.106",1,28,"5","106",-16.5427611191549,-71.4772377114572,"9","",0,"05/28/09",1
"1.28.5.107",1,28,"5","107",-16.5427224154677,-71.4769268208025,"10",NA,NA,NA,NA
"1.28.5.108",1,28,"5","108",-16.5430823383571,-71.4771650678474,"10","",0,"05/28/09",1
"1.28.5.109",1,28,"5","109",-16.5433748466181,-71.4774011890124,"10",NA,NA,NA,NA
"1.28.5.11",1,28,"5","11",-16.5490725198754,-71.4720663296797,"2",NA,NA,NA,NA
"1.28.5.110",1,28,"5","110",-16.5434461206743,-71.4773345889558,"10","",0,"05/28/09",1
"1.28.5.111",1,28,"5","111",-16.5435159857769,-71.4773,"10","",0,"05/28/09",1
"1.28.5.112",1,28,"5","112",-16.5437037227174,-71.4771567218118,"10",NA,NA,NA,NA
"1.28.5.113",1,28,"5","113",-16.5438659587897,-71.4770886225667,"10","",0,"05/29/09",1
"1.28.5.114",1,28,"5","114",-16.5439843930159,-71.4769411692296,"10",NA,NA,NA,NA
"1.28.5.115",1,28,"5","115",-16.5455941291794,-71.4758786312387,"10",NA,NA,NA,NA
"1.28.5.116",1,28,"5","116",-16.5463835005677,-71.4753485876879,"10","",0,"05/28/09",1
"1.28.5.117",1,28,"5","117",-16.5464806507564,-71.4752300996283,"10",NA,NA,NA,NA
"1.28.5.118",1,28,"5","118",-16.5465689573511,-71.4751361541516,"10","",0,"05/28/09",1
"1.28.5.119",1,28,"5","119",-16.5466900079659,-71.4750633961117,"10","",0,"05/27/09",1
"1.28.5.12",1,28,"5","12",-16.5489118600981,-71.4723903373366,"2","",0,"06/02/2009",1
"1.28.5.120",1,28,"5","120",-16.5467560296292,-71.4750001959466,"10","",0,"05/28/09",1
"1.28.5.121",1,28,"5","121",-16.5468222823241,-71.4749582206122,"10",NA,NA,NA,NA
"1.28.5.122",1,28,"5","122",-16.5469213955441,-71.4748439175439,"10",NA,NA,NA,NA
"1.28.5.123",1,28,"5","123",-16.5470292113165,-71.4747243751477,"10","",0,"05/27/09",1
"1.28.5.124",1,28,"5","124",-16.5471092286585,-71.4746507885057,"10","",0,"06/01/2009",1
"1.28.5.125",1,28,"5","125",-16.5471845470954,-71.4745666753906,"10","",0,"05/27/09",1
"1.28.5.126",1,28,"5","126",-16.5472743731414,-71.4744956019573,"10","",0,"05/27/09",1
"1.28.5.127",1,28,"5","127",-16.5473701746166,-71.4743805555555,"10","",0,"05/27/09",1
"1.28.5.128",1,28,"5","128",-16.5474607360784,-71.4743004902582,"10",NA,NA,NA,NA
"1.28.5.129",1,28,"5","129",-16.5475237818463,-71.4742407252822,"10",NA,NA,NA,NA
"1.28.5.13",1,28,"5","13",-16.5488274273331,-71.472520559205,"2",NA,NA,NA,NA
"1.28.5.130",1,28,"5","130",-16.547581653944,-71.4741686926492,"10","",0,"06/01/2009",1
"1.28.5.131",1,28,"5","131",-16.5476527777777,-71.474116452337,"10","",0,"06/02/2009",1
"1.28.5.132",1,28,"5","132",-16.5477444444444,-71.4740099176393,"10",NA,NA,NA,NA
"1.28.5.133",1,28,"5","133",-16.547774070861,-71.4739114113889,"10",NA,NA,NA,NA
"1.28.5.134",1,28,"5","134",-16.5478527777777,-71.4737772131329,"10","",0,"06/01/2009",1
"1.28.5.135",1,28,"5","135",-16.5479156189246,-71.4736895462452,"10","",0,"05/27/09",1
"1.28.5.136",1,28,"5","136",-16.5479874686441,-71.4735913475674,"10","",0,"05/27/09",1
"1.28.5.137",1,28,"5","137",-16.5480722222222,-71.4734611744215,"10","",0,"05/28/09",1
"1.28.5.138",1,28,"5","138",-16.5481451648161,-71.4733277777777,"10",NA,NA,NA,NA
"1.28.5.139",1,28,"5","139",-16.5481989432674,-71.4732307480528,"10","",0,"06/01/2009",1
"1.28.5.14",1,28,"5","14",-16.5487977252159,-71.4726305555555,"2","",0,"05/26/09",1
"1.28.5.140",1,28,"5","140",-16.54828617015,-71.4731162521121,"10","",0,"05/29/09",1
"1.28.5.143",1,28,"5","143",-16.549560615935,-71.4701734239771,"10","",0,"06/02/2009",1
"1.28.5.15",1,28,"5","15",-16.5486917172596,-71.4727611111111,"2",NA,NA,NA,NA
"1.28.5.16",1,28,"5","16",-16.5486530571812,-71.4728194255056,"2","",0,"05/29/09",1
"1.28.5.17",1,28,"5","17",-16.5488298005365,-71.4730968631176,"2",NA,NA,NA,NA
"1.28.5.18",1,28,"5","18",-16.5487710524301,-71.4730316681618,"2",NA,NA,NA,NA
"1.28.5.19",1,28,"5","19",-16.5487302051004,-71.4729913133219,"2",NA,NA,NA,NA
"1.28.5.2",1,28,"5","2",-16.5522589000845,-71.4714627459264,"1","",0,"06/02/2009",1
"1.28.5.20",1,28,"5","20",-16.5486186041448,-71.4729149324788,"2","",0,"05/27/09",1
"1.28.5.21",1,28,"5","21",-16.5485725298369,-71.4729798474904,"2","",0,"05/26/09",1
"1.28.5.22",1,28,"5","22",-16.5484926814619,-71.4730887063527,"2","",0,"06/01/2009",1
"1.28.5.23",1,28,"5","23",-16.5484435014575,-71.4731976123845,"2","",0,"06/02/2009",1
"1.28.5.24",1,28,"5","24",-16.5483986229482,-71.4732921163076,"2","",0,"06/02/2009",1
"1.28.5.25",1,28,"5","25",-16.5483467406613,-71.4733995327021,"2",NA,NA,NA,NA
"1.28.5.26",1,28,"5","26",-16.548307597854,-71.4734612119463,"2","",0,"05/29/09",1
"1.28.5.27",1,28,"5","27",-16.5487351174857,-71.4737255889635,"2","",0,"05/26/09",1
"1.28.5.28",1,28,"5","28",-16.5486057120602,-71.4742027777777,"2","",0,"05/26/09",1
"1.28.5.29",1,28,"5","29",-16.5481398580377,-71.4737163287352,"2","",0,"05/26/09",1
"1.28.5.3",1,28,"5","3",-16.5522941080264,-71.4716455888994,"2","",0,"06/02/2009",1
"1.28.5.30",1,28,"5","30",-16.5480340750334,-71.4738972222222,"2",NA,NA,NA,NA
"1.28.5.31",1,28,"5","31",-16.5479430178633,-71.4740116614119,"2","",0,"06/01/2009",1
"1.28.5.32",1,28,"5","32",-16.5482305555555,-71.4742958295784,"2","",0,"06/01/2009",1
"1.28.5.33",1,28,"5","33",-16.5487133682849,-71.4746077326513,"2","",0,"05/29/09",1
"1.28.5.34",1,28,"5","34",-16.5494817672086,-71.4750527777777,"2","",0,"05/26/09",1
"1.28.5.35",1,28,"5","35",-16.5507561860213,-71.4755171486307,"3",NA,NA,NA,NA
"1.28.5.37",1,28,"5","37",-16.5504471520469,-71.4760647130117,"4","",0,"05/26/09",1
"1.28.5.38",1,28,"5","38",-16.5488292932008,-71.4748617801443,"4","",0,"05/29/09",1
"1.28.5.39",1,28,"5","39",-16.5487065903348,-71.4748031630405,"4","",0,"05/29/09",1
"1.28.5.4",1,28,"5","4",-16.5508356974,-71.4719884411585,"2",NA,NA,NA,NA
"1.28.5.40",1,28,"5","40",-16.5485711852117,-71.474725,"4",NA,NA,NA,NA
"1.28.5.41",1,28,"5","41",-16.5480893417811,-71.4743608709691,"4","",0,"05/29/09",1
"1.28.5.42",1,28,"5","42",-16.5478064264993,-71.4741993230115,"4","",0,"06/01/2009",1
"1.28.5.43",1,28,"5","43",-16.5477344821801,-71.4742982914093,"4","",0,"06/01/2009",1
"1.28.5.44",1,28,"5","44",-16.5476413701775,-71.4744042476981,"4","",0,"05/27/09",1
"1.28.5.45",1,28,"5","45",-16.547530333082,-71.4744547427272,"4",NA,NA,NA,NA
"1.28.5.46",1,28,"5","46",-16.547444579849,-71.4745739756581,"4","",0,"06/02/2009",1
"1.28.5.47",1,28,"5","47",-16.5473997497335,-71.4746577901247,"4","",0,"06/02/2009",1
"1.28.5.48",1,28,"5","48",-16.5473271824505,-71.4747433460693,"4","",0,"05/27/09",1
"1.28.5.49",1,28,"5","49",-16.5472805555555,-71.4748066338628,"4","",0,"05/27/09",1
"1.28.5.5",1,28,"5","5",-16.5498572336686,-71.4720525226754,"2",NA,NA,NA,NA
"1.28.5.50",1,28,"5","50",-16.5472074716542,-71.4748426268966,"4","",0,"06/02/2009",1
"1.28.5.51",1,28,"5","51",-16.5471273581274,-71.4748666666666,"4","",0,"05/27/09",1
"1.28.5.52",1,28,"5","52",-16.5470729173802,-71.4749207425771,"4",NA,NA,NA,NA
"1.28.5.53",1,28,"5","53",-16.5472446683581,-71.4752522747008,"4",NA,NA,NA,NA
"1.28.5.54",1,28,"5","54",-16.5471246595506,-71.4753761592084,"4",NA,NA,NA,NA
"1.28.5.55",1,28,"5","55",-16.5469996096661,-71.47545,"4",NA,NA,NA,NA
"1.28.5.56",1,28,"5","56",-16.547191993098,-71.475880046953,"4",NA,NA,NA,NA
"1.28.5.57",1,28,"5","57",-16.5473223881371,-71.475969570656,"4","",0,"05/27/09",1
"1.28.5.58",1,28,"5","58",-16.5473176711809,-71.476535337458,"5",NA,NA,NA,NA
"1.28.5.59",1,28,"5","59",-16.5470415605485,-71.476225727173,"5",NA,NA,NA,NA
"1.28.5.6",1,28,"5","6",-16.5496270152503,-71.4718778811714,"2",NA,NA,NA,NA
"1.28.5.60",1,28,"5","60",-16.5466394140054,-71.4756874730789,"5",NA,NA,NA,NA
"1.28.5.61",1,28,"5","61",-16.5465526415718,-71.4754316443927,"5","",0,"06/02/2009",1
"1.28.5.62",1,28,"5","62",-16.5464009929267,-71.475584681787,"5","",0,"05/28/09",1
"1.28.5.63",1,28,"5","63",-16.5465455818395,-71.476428435807,"5",NA,NA,NA,NA
"1.28.5.64",1,28,"5","64",-16.545119040288,-71.47654852634,"5","",0,"05/28/09",1
"1.28.5.65",1,28,"5","65",-16.5449374381697,-71.4766448976458,"5","",0,"05/29/09",1
"1.28.5.66",1,28,"5","66",-16.5448018883879,-71.4767521065233,"5","",0,"06/02/2009",1
"1.28.5.67",1,28,"5","67",-16.544631511938,-71.4768499782923,"5","",0,"05/28/09",1
"1.28.5.68",1,28,"5","68",-16.5443534028668,-71.477043291326,"5","",0,"06/01/2009",1
"1.28.5.69",1,28,"5","69",-16.5442799696279,-71.4770472222222,"5",NA,NA,NA,NA
"1.28.5.7",1,28,"5","7",-16.5491672825955,-71.4718857846821,"2",NA,NA,NA,NA
"1.28.5.70",1,28,"5","70",-16.5441813224002,-71.4770708316739,"5",NA,NA,NA,NA
"1.28.5.71",1,28,"5","71",-16.544080513446,-71.4771521821642,"5",NA,NA,NA,NA
"1.28.5.72",1,28,"5","72",-16.544004727774,-71.4772077141992,"5",NA,NA,NA,NA
"1.28.5.73",1,28,"5","73",-16.5439355721263,-71.4772467352865,"5","",0,"06/02/2009",1
"1.28.5.74",1,28,"5","74",-16.5438715686366,-71.4772784425153,"5",NA,NA,NA,NA
"1.28.5.75",1,28,"5","75",-16.5437951375363,-71.477359405209,"5","",0,"05/28/09",1
"1.28.5.76",1,28,"5","76",-16.5436757367077,-71.4773983837011,"5",NA,NA,NA,NA
"1.28.5.77",1,28,"5","77",-16.5436037936367,-71.4775006321942,"5","",0,"05/29/09",1
"1.28.5.78",1,28,"5","78",-16.5434855754093,-71.4776047299747,"5","",0,"06/02/2009",1
"1.28.5.79",1,28,"5","79",-16.5438170944711,-71.4779294932267,"5",NA,NA,NA,NA
"1.28.5.8",1,28,"5","8",-16.5495696856432,-71.4722643946838,"2",NA,NA,NA,NA
"1.28.5.80",1,28,"5","80",-16.5440327541038,-71.4780611748506,"5",NA,NA,NA,NA
"1.28.5.81",1,28,"5","81",-16.5456171770811,-71.4789688165905,"5",NA,NA,NA,NA
"1.28.5.82",1,28,"5","82",-16.5492266579702,-71.4801706959045,"5",NA,NA,NA,NA
"1.28.5.83",1,28,"5","83",-16.5486628579375,-71.4815260188095,"6",NA,NA,NA,NA
"1.28.5.84",1,28,"5","84",-16.5483091874485,-71.4820156281543,"6",NA,NA,NA,NA
"1.28.5.85",1,28,"5","85",-16.5478468240687,-71.4820093687587,"6",NA,NA,NA,NA
"1.28.5.9",1,28,"5","9",-16.5494247633748,-71.4721855302476,"2",NA,NA,NA,NA
"1.28.5.93",1,28,"5","93",-16.546092332158,-71.4854159792697,"7",NA,NA,NA,NA
"1.28.5.94",1,28,"5","94",-16.5463362509633,-71.4836471990967,"8","",0,"05/28/09",1
"1.28.5.95",1,28,"5","95",-16.5463744092025,-71.4833010441962,"8","",0,"06/01/2009",1
"1.28.5.96",1,28,"5","96",-16.546462732904,-71.4831815529896,"8","",0,"06/01/2009",1
"1.28.5.97",1,28,"5","97",-16.5453206529928,-71.4794712475804,"9",NA,NA,NA,NA
"1.28.5.98",1,28,"5","98",-16.544050470067,-71.4783744896859,"9",NA,NA,NA,NA
"1.28.5.130A",1,28,"5","130A",-16.547581653944,-71.4741686926492,"10","",0,"06/01/2009",1
"1.28.5.22A",1,28,"5","22A",-16.5484926814619,-71.4730887063527,"2","",0,"05/29/09",1
"1.28.3.199",NA,NA,NA,NA,NA,NA,NA,"",0,"10/14/09",2
"1.28.3.199",NA,NA,NA,NA,NA,NA,NA,"",0,"05/22/09",1
"1.28.3.201",NA,NA,NA,NA,NA,NA,NA,"",0,"05/22/09",1
"1.28.3.201",NA,NA,NA,NA,NA,NA,NA,"",0,"10/05/2009",2
"1.28.3.202",NA,NA,NA,NA,NA,NA,NA,"",0,"05/22/09",1
"1.28.3.202",NA,NA,NA,NA,NA,NA,NA,"",0,"10/05/2009",2
"1.28.3.203",NA,NA,NA,NA,NA,NA,NA,"",0,"05/21/09",1
"1.28.3.203",NA,NA,NA,NA,NA,NA,NA,"",0,"10/12/2009",2
"1.28.3.205",NA,NA,NA,NA,NA,NA,NA,"",0,"05/21/09",1
"1.28.3.205",NA,NA,NA,NA,NA,NA,NA,"",0,"10/12/2009",2
