type,ident,lat,long,y_proj,x_proj,new_seg,display,color,altitude,depth,temp,time,model,filename,ltime
TRACK,1.28.4-1, , ,10000000,11015404.5, , , , , , , , , , 
TRACK,1.28.4-1,-16.5580602,-71.47196743,8167710.99,236197.8711,False, , ,0, , , , , , 
TRACK,1.28.4-1,-16.55863193,-71.47222508,8167647.357,236171.1405,False, , ,0, , , , , , 
TRACK,1.28.4-1,-16.55938686,-71.47233297,8167563.639,236160.6484,False, , ,0, , , , , , 
TRACK,1.28.4-1,-16.55968646,-71.47217853,8167530.674,236177.5471,False, , ,0, , , , , , 
TRACK,1.28.4-1,-16.56050081,-71.4716598,8167441.202,236234.0427,False, , ,0, , , , , , 
TRACK,1.28.4-1,-16.56116306,-71.47069888,8167369.147,236337.5427,False, , ,0, , , , , , 
TRACK,1.28.4-1,-16.56093342,-71.4688563,8167396.989,236533.9659,False, , ,0, , , , , , 
TRACK,1.28.4-1,-16.56044205,-71.46892744,8167451.294,236525.7014,False, , ,0, , , , , , 
TRACK,1.28.4-1,-16.55884251,-71.47066564,8167626.092,236337.9323,False, , ,0, , , , , , 
TRACK,1.28.4-2, , ,10000000,11015404.5, , , , , , , , , , 
TRACK,1.28.4-2,-16.55782617,-71.46782685,8167742.334,236639.6562,False, , ,0, , , , , , 
TRACK,1.28.4-2,-16.55849199,-71.46744604,8167669.122,236681.2212,False, , ,0, , , , , , 
TRACK,1.28.4-2,-16.55882945,-71.4673494,8167631.89,236691.999,False, , ,0, , , , , , 
TRACK,1.28.4-2,-16.55922251,-71.46680206,8167589.093,236750.9741,False, , ,0, , , , , , 
TRACK,1.28.4-2,-16.55929341,-71.46649205,8167581.65,236784.1709,False, , ,0, , , , , , 
TRACK,1.28.4-2,-16.55947395,-71.46625828,8167561.97,236809.3764,False, , ,0, , , , , , 
TRACK,1.28.4-2,-16.55900812,-71.4661293,8167613.709,236822.5152,False, , ,0, , , , , , 
TRACK,1.28.4-2,-16.55836154,-71.4656635,8167685.9,236871.3711,False, , ,0, , , , , , 
TRACK,1.28.4-2,-16.55802462,-71.46568985,8167723.165,236868.1001,False, , ,0, , , , , , 
TRACK,1.28.4-2,-16.55686449,-71.46575991,8167851.507,236859.0431,False, , ,0, , , , , , 
TRACK,1.28.4-2,-16.55640808,-71.46600929,8167901.708,236831.7964,False, , ,0, , , , , , 
TRACK,1.28.4-2,-16.55595173,-71.4664029,8167951.713,236789.1487,False, , ,0, , , , , , 
TRACK,1.28.4-2,-16.55569915,-71.4671382,8167978.712,236710.2941,False, , ,0, , , , , , 
TRACK,1.28.4-2,-16.55657613,-71.46779712,8167880.76,236641.1308,False, , ,0, , , , , , 
TRACK,1.28.4-2,-16.55709645,-71.46785039,8167823.087,236636.151,False, , ,0, , , , , , 
TRACK,1.28.4-2,-16.55768436,-71.46815087,8167757.608,236604.8664,False, , ,0, , , , , , 
TRACK,1.28.4-2,-16.55785712,-71.46816757,8167738.46,236603.3183,False, , ,0, , , , , , 
TRACK,1.28.4-3, , ,10000000,11015404.5, , , , , , , , , , 
TRACK,1.28.4-3,-16.55768501,-71.46816612,8167757.516,236603.2392,False, , ,0, , , , , , 
TRACK,1.28.4-3,-16.55742422,-71.46805668,8167786.531,236614.5696,False, , ,0, , , , , , 
TRACK,1.28.4-3,-16.55709753,-71.46787372,8167822.937,236633.6614,False, , ,0, , , , , , 
TRACK,1.28.4-3,-16.55658377,-71.46782118,8167879.882,236638.5726,False, , ,0, , , , , , 
TRACK,1.28.4-3,-16.5556634,-71.46714354,8167982.662,236709.6754,False, , ,0, , , , , , 
TRACK,1.28.4-3,-16.55467357,-71.46721731,8168092.147,236700.4536,False, , ,0, , , , , , 
TRACK,1.28.4-3,-16.55475429,-71.46761947,8168082.684,236657.6221,False, , ,0, , , , , , 
TRACK,1.28.4-3,-16.5546687,-71.46808767,8168091.545,236607.5144,False, , ,0, , , , , , 
TRACK,1.28.4-3,-16.5542737,-71.4688129,8168134.323,236529.5411,False, , ,0, , , , , , 
TRACK,1.28.4-3,-16.55414221,-71.46892138,8168148.737,236517.7792,False, , ,0, , , , , , 
TRACK,1.28.4-3,-16.55363397,-71.46940254,8168204.372,236465.7112,False, , ,0, , , , , , 
TRACK,1.28.4-3,-16.55352315,-71.46974288,8168216.194,236429.2208,False, , ,0, , , , , , 
TRACK,1.28.4-3,-16.55330948,-71.47043001,8168238.947,236355.5609,False, , ,0, , , , , , 
TRACK,1.28.4-3,-16.55323054,-71.47069702,8168247.336,236326.9432,False, , ,0, , , , , , 
TRACK,1.28.4-3,-16.55322071,-71.47103417,8168247.981,236290.9301,False, , ,0, , , , , , 
TRACK,1.28.4-3,-16.55329717,-71.47156695,8168238.817,236234.1468,False, , ,0, , , , , , 
TRACK,1.28.4-3,-16.55507858,-71.47168291,8168041.451,236224.1898,False, , ,0, , , , , , 
TRACK,1.28.4-3,-16.55538896,-71.47174169,8168007.012,236218.3362,False, , ,0, , , , , , 
TRACK,1.28.4-3,-16.55601532,-71.47209266,8167937.208,236181.7151,False, , ,0, , , , , , 
TRACK,1.28.4-3,-16.55653445,-71.47245649,8167879.259,236143.5742,False, , ,0, , , , , , 
TRACK,1.28.4-3,-16.55698483,-71.47288793,8167828.832,236098.1212,False, , ,0, , , , , , 
TRACK,1.28.4-3,-16.55797739,-71.47208651,8167720.001,236185.0437,False, , ,0, , , , , , 
TRACK,1.28.4-3,-16.55806229,-71.47191465,8167710.828,236203.5096,False, , ,0, , , , , , 
TRACK,1.28.4-3,-16.55815629,-71.47141567,8167701.077,236256.916,False, , ,0, , , , , , 
TRACK,1.28.4-3,-16.55837595,-71.47086302,8167677.485,236316.2224,False, , ,0, , , , , , 
TRACK,1.28.4-3,-16.55875717,-71.47031053,8167636.006,236375.7333,False, , ,0, , , , , , 
TRACK,1.28.4-3,-16.55883277,-71.4701099,8167627.9,236397.2579,False, , ,0, , , , , , 
TRACK,1.28.4-3,-16.55864028,-71.46989401,8167649.493,236420.0465,False, , ,0, , , , , , 
TRACK,1.28.4-3,-16.55821263,-71.46945675,8167697.411,236466.1521,False, , ,0, , , , , , 
TRACK,1.28.4-3,-16.55787524,-71.46822643,8167736.377,236597.058,False, , ,0, , , , , , 
TRACK,1.28.4-4, , ,10000000,11015404.5, , , , , , , , , , 
TRACK,1.28.4-4,-16.55774922,-71.4737794,8167743.036,236003.9772,False, , ,0, , , , , , 
TRACK,1.28.4-4,-16.55839061,-71.4730861,8167672.941,236078.8774,False, , ,0, , , , , , 
TRACK,1.28.4-4,-16.55881324,-71.47232729,8167627.15,236160.4739,False, , ,0, , , , , , 
TRACK,1.28.4-4,-16.5580249,-71.4720645,8167714.77,236187.4592,False, , ,0, , , , , , 
TRACK,1.28.4-4,-16.55695281,-71.47296003,8167832.281,236090.3791,False, , ,0, , , , , , 
TRACK,1.28.4-5, , ,10000000,11015404.5, , , , , , , , , , 
TRACK,1.28.4-5,-16.55764688,-71.47397339,8167754.111,235983.1246,False, , ,0, , , , , , 
TRACK,1.28.4-5,-16.55769849,-71.47424609,8167748.039,235954.0776,False, , ,0, , , , , , 
TRACK,1.28.4-5,-16.55843218,-71.47491124,8167665.939,235884.0579,False, , ,0, , , , , , 
TRACK,1.28.4-5,-16.55895191,-71.47433538,8167609.159,235946.2535,False, , ,0, , , , , , 
TRACK,1.28.4-5,-16.55802382,-71.47353979,8167712.952,236029.9357,False, , ,0, , , , , , 
TRACK,1.28.4-6, , ,10000000,11015404.5, , , , , , , , , , 
TRACK,1.28.4-6,-16.55656227,-71.47352423,8167874.776,236029.6051,False, , ,0, , , , , , 
TRACK,1.28.4-6,-16.55617856,-71.47429902,8167916.237,235946.3543,False, , ,0, , , , , , 
TRACK,1.28.4-6,-16.55578483,-71.47508509,8167958.792,235861.8857,False, , ,0, , , , , , 
TRACK,1.28.4-6,-16.5556369,-71.47604572,8167973.905,235759.1123,False, , ,0, , , , , , 
TRACK,1.28.4-6,-16.55544349,-71.47658567,8167994.607,235701.1955,False, , ,0, , , , , , 
TRACK,1.28.4-6,-16.55499063,-71.47723615,8168043.886,235631.1227,False, , ,0, , , , , , 
TRACK,1.28.4-6,-16.55492441,-71.47793455,8168050.297,235556.4598,False, , ,0, , , , , , 
TRACK,1.28.4-6,-16.55487232,-71.47856528,8168055.233,235489.0422,False, , ,0, , , , , , 
TRACK,1.28.4-6,-16.55591624,-71.47836176,8167939.931,235512.1981,False, , ,0, , , , , , 
TRACK,1.28.4-6,-16.55687615,-71.4752311,8167837.783,235847.7831,False, , ,0, , , , , , 
TRACK,1.28.4-6,-16.5573354,-71.47421431,8167788.278,235956.9766,False, , ,0, , , , , , 
TRACK,1.28.4-6,-16.55771925,-71.47376544,8167746.373,236005.4274,False, , ,0, , , , , , 
TRACK,1.28.4-6,-16.55694167,-71.47298719,8167833.48,236087.464,False, , ,0, , , , , , 
TRACK,1.28.4-7, , ,10000000,11015404.5, , , , , , , , , , 
TRACK,1.28.4-7,-16.55342555,-71.47880817,8168215.082,235461.1322,False, , ,0, , , , , , 
TRACK,1.28.4-7,-16.55355803,-71.47916982,8168199.939,235422.6967,False, , ,0, , , , , , 
TRACK,1.28.4-7,-16.55438782,-71.47936163,8168107.822,235403.3495,False, , ,0, , , , , , 
TRACK,1.28.4-7,-16.55452573,-71.47872501,8168093.394,235471.5136,False, , ,0, , , , , , 
TRACK,1.28.4-7,-16.55411035,-71.47863812,8168139.493,235480.2242,False, , ,0, , , , , , 
TRACK,1.28.4-7,-16.55379538,-71.47857238,8168174.449,235486.8132,False, , ,0, , , , , , 
TRACK,1.28.4-8, , ,10000000,11015404.5, , , , , , , , , , 
TRACK,1.28.4-8,-16.55378308,-71.47852387,8168175.875,235491.9761,False, , ,0, , , , , , 
TRACK,1.28.4-8,-16.55396966,-71.47855029,8168155.184,235489.4108,False, , ,0, , , , , , 
TRACK,1.28.4-8,-16.55461955,-71.47768774,8168084.373,235582.3967,False, , ,0, , , , , , 
TRACK,1.28.4-8,-16.55492554,-71.47726842,8168051.049,235627.5881,False, , ,0, , , , , , 
TRACK,1.28.4-8,-16.55429135,-71.47668966,8168122.02,235688.5202,False, , ,0, , , , , , 
TRACK,1.28.4-8,-16.55399092,-71.47758365,8168154.104,235592.6538,False, , ,0, , , , , , 
TRACK,1.28.4-9, , ,10000000,11015404.5, , , , , , , , , , 
TRACK,1.28.4-9,-16.55495792,-71.47723081,8168047.514,235631.648,False, , ,0, , , , , , 
TRACK,1.28.4-9,-16.55530368,-71.47672602,8168009.899,235686.0188,False, , ,0, , , , , , 
TRACK,1.28.4-9,-16.55546442,-71.47643256,8167992.49,235717.5724,False, , ,0, , , , , , 
TRACK,1.28.4-9,-16.55564606,-71.47586601,8167973.128,235778.313,False, , ,0, , , , , , 
TRACK,1.28.4-9,-16.55573728,-71.47525366,8167963.834,235843.8215,False, , ,0, , , , , , 
TRACK,1.28.4-9,-16.55575731,-71.47498778,8167961.967,235872.2377,False, , ,0, , , , , , 
TRACK,1.28.4-9,-16.5561501,-71.47420497,8167919.511,235956.3578,False, , ,0, , , , , , 
TRACK,1.28.4-9,-16.55646324,-71.47360194,8167885.637,236021.1728,False, , ,0, , , , , , 
TRACK,1.28.4-9,-16.55680346,-71.47310807,8167848.621,236074.3695,False, , ,0, , , , , , 
TRACK,1.28.4-9,-16.55695709,-71.47290282,8167831.883,236096.4932,False, , ,0, , , , , , 
TRACK,1.28.4-9,-16.55650083,-71.47248662,8167882.941,236140.3118,False, , ,0, , , , , , 
TRACK,1.28.4-9,-16.55603723,-71.47215323,8167934.703,236175.2775,False, , ,0, , , , , , 
TRACK,1.28.4-9,-16.55537963,-71.471795,8168007.974,236212.6315,False, , ,0, , , , , , 
TRACK,1.28.4-9,-16.55502256,-71.47170985,8168047.616,236221.2372,False, , ,0, , , , , , 
TRACK,1.28.4-9,-16.55448262,-71.47166262,8168107.454,236225.545,False, , ,0, , , , , , 
TRACK,1.28.4-9,-16.55483748,-71.47444116,8168064.517,235929.3496,False, , ,0, , , , , , 
TRACK,1.28.4-9,-16.5548885,-71.47517465,8168057.905,235851.1007,False, , ,0, , , , , , 
TRACK,1.28.4-9,-16.55435667,-71.47666583,8168114.82,235691.153,False, , ,0, , , , , , 
TRACK,1.28.3-1, , ,10000000,11015404.5, , , , , , , , , , 
TRACK,1.28.3-1,-16.56851654,-71.45054614,8166581.432,238499.2013,False, , ,0, , , , , , 
TRACK,1.28.3-1,-16.56863143,-71.45114075,8166567.938,238435.8723,False, , ,0, , , , , , 
TRACK,1.28.3-1,-16.56897808,-71.45088291,8166529.898,238463.8693,False, , ,0, , , , , , 
TRACK,1.28.3-1,-16.56944696,-71.45034428,8166478.692,238522.0095,False, , ,0, , , , , , 
TRACK,1.28.3-1,-16.56961661,-71.45005725,8166460.284,238552.8838,False, , ,0, , , , , , 
TRACK,1.28.3-1,-16.56941678,-71.449611,8166482.988,238600.2578,False, , ,0, , , , , , 
TRACK,1.28.3-1,-16.569248,-71.44920378,8166502.204,238643.507,False, , ,0, , , , , , 
TRACK,1.28.3-1,-16.56864452,-71.44966725,8166568.408,238593.2094,False, , ,0, , , , , , 
TRACK,1.28.3-2, , ,10000000,11015404.5, , , , , , , , , , 
TRACK,1.28.3-2,-16.56902429,-71.45090179,8166524.757,238461.9155,False, , ,0, , , , , , 
TRACK,1.28.3-2,-16.56818943,-71.45149149,8166616.413,238397.8279,False, , ,0, , , , , , 
TRACK,1.28.3-2,-16.56764024,-71.45198434,8166676.569,238344.465,False, , ,0, , , , , , 
TRACK,1.28.3-2,-16.56764934,-71.45204233,8166675.485,238338.2862,False, , ,0, , , , , , 
TRACK,1.28.3-2,-16.56846019,-71.45236736,8166585.296,238304.68,False, , ,0, , , , , , 
TRACK,1.28.3-2,-16.56921175,-71.45240764,8166502.042,238301.3955,False, , ,0, , , , , , 
TRACK,1.28.3-2,-16.56967836,-71.45260404,8166450.128,238281.0577,False, , ,0, , , , , , 
TRACK,1.28.3-2,-16.57065401,-71.4530231,8166341.572,238237.6369,False, , ,0, , , , , , 
TRACK,1.28.3-2,-16.57079054,-71.45271413,8166326.861,238270.8089,False, , ,0, , , , , , 
TRACK,1.28.3-2,-16.57100917,-71.45236945,8166303.106,238307.9036,False, , ,0, , , , , , 
TRACK,1.28.3-2,-16.57081729,-71.45183426,8166325.047,238364.7836,False, , ,0, , , , , , 
TRACK,1.28.3-2,-16.57074184,-71.4513822,8166333.989,238412.9457,False, , ,0, , , , , , 
TRACK,1.28.3-2,-16.57063985,-71.45104021,8166345.726,238449.3209,False, , ,0, , , , , , 
TRACK,1.28.3-2,-16.57045896,-71.45076824,8166366.106,238478.1126,False, , ,0, , , , , , 
TRACK,1.28.3-2,-16.57009826,-71.4504359,8166406.47,238513.1077,False, , ,0, , , , , , 
TRACK,1.28.3-2,-16.56968217,-71.4500881,8166452.987,238549.6788,False, , ,0, , , , , , 
TRACK,1.28.3-2,-16.56939068,-71.45049893,8166484.721,238505.4231,False, , ,0, , , , , , 
TRACK,1.28.3-3, , ,10000000,11015404.5, , , , , , , , , , 
TRACK,1.28.3-3,-16.57087968,-71.44774352,8166323.469,238801.6147,False, , ,0, , , , , , 
TRACK,1.28.3-3,-16.57077687,-71.44757011,8166335.076,238819.9908,False, , ,0, , , , , , 
TRACK,1.28.3-3,-16.57071264,-71.4472596,8166342.591,238853.0552,False, , ,0, , , , , , 
TRACK,1.28.3-3,-16.5707404,-71.44678006,8166340.142,238904.2903,False, , ,0, , , , , , 
TRACK,1.28.3-3,-16.57068248,-71.44645873,8166346.972,238938.5194,False, , ,0, , , , , , 
TRACK,1.28.3-3,-16.57067305,-71.4463381,8166348.172,238951.3857,False, , ,0, , , , , , 
TRACK,1.28.3-3,-16.5707227,-71.4462306,8166342.816,238962.9297,False, , ,0, , , , , , 
TRACK,1.28.3-3,-16.57082351,-71.44599633,8166331.96,238988.0775,False, , ,0, , , , , , 
TRACK,1.28.3-3,-16.57095872,-71.44567703,8166317.407,239022.3495,False, , ,0, , , , , , 
TRACK,1.28.3-3,-16.56988774,-71.44553247,8166436.158,239036.3398,False, , ,0, , , , , , 
TRACK,1.28.3-3,-16.56982542,-71.44598669,8166442.467,238987.7606,False, , ,0, , , , , , 
TRACK,1.28.3-3,-16.56920106,-71.44710534,8166510.132,238867.4848,False, , ,0, , , , , , 
TRACK,1.28.3-3,-16.5688429,-71.44874355,8166547.65,238692.0967,False, , ,0, , , , , , 
TRACK,1.28.3-3,-16.56913609,-71.44899523,8166514.864,238665.6223,False, , ,0, , , , , , 
TRACK,1.28.3-3,-16.56925658,-71.44916836,8166501.3,238647.3002,False, , ,0, , , , , , 
TRACK,1.28.3-3,-16.56960417,-71.45000327,8166461.732,238558.6307,False, , ,0, , , , , , 
TRACK,1.28.3-3,-16.5702594,-71.44916879,8166390.282,238648.6092,False, , ,0, , , , , , 
TRACK,1.28.3-3,-16.57066129,-71.44855078,8166346.595,238715.133,False, , ,0, , , , , , 
TRACK,1.28.3-3,-16.57085111,-71.44829696,8166325.911,238742.4882,False, , ,0, , , , , , 
TRACK,1.28.3-3,-16.57110939,-71.44806947,8166297.615,238767.1248,False, , ,0, , , , , , 
TRACK,1.28.3-4, , ,10000000,11015404.5, , , , , , , , , , 
TRACK,1.28.3-4,-16.57107589,-71.44418944,8166306.37,239181.3289,False, , ,0, , , , , , 
TRACK,1.28.3-4,-16.57087196,-71.44386893,8166329.362,239215.2727,False, , ,0, , , , , , 
TRACK,1.28.3-4,-16.57032211,-71.4438054,8166390.316,239221.3149,False, , ,0, , , , , , 
TRACK,1.28.3-4,-16.57021967,-71.44413831,8166401.224,239185.6335,False, , ,0, , , , , , 
TRACK,1.28.3-4,-16.57047822,-71.44432614,8166372.358,239165.9291,False, , ,0, , , , , , 
TRACK,1.28.3-5, , ,10000000,11015404.5, , , , , , , , , , 
TRACK,1.28.3-5,-16.5719907,-71.44466086,8166204.483,239132.2318,False, , ,0, , , , , , 
TRACK,1.28.3-5,-16.57163373,-71.4448988,8166243.691,239106.3465,False, , ,0, , , , , , 
TRACK,1.28.3-5,-16.57122316,-71.44536273,8166288.541,239056.2617,False, , ,0, , , , , , 
TRACK,1.28.3-5,-16.57100557,-71.4456604,8166312.242,239024.1883,False, , ,0, , , , , , 
TRACK,1.28.3-5,-16.57086535,-71.44593511,8166327.409,238994.6699,False, , ,0, , , , , , 
TRACK,1.28.3-5,-16.57080326,-71.44613175,8166334.026,238973.5915,False, , ,0, , , , , , 
TRACK,1.28.3-5,-16.570705,-71.44633107,8166344.644,238952.1787,False, , ,0, , , , , , 
TRACK,1.28.3-5,-16.57070376,-71.44642867,8166344.655,238941.7577,False, , ,0, , , , , , 
TRACK,1.28.3-5,-16.57080113,-71.44680911,8166333.381,238901.2712,False, , ,0, , , , , , 
TRACK,1.28.3-5,-16.57074102,-71.44722926,8166339.489,238856.3325,False, , ,0, , , , , , 
TRACK,1.28.3-5,-16.57079056,-71.44753495,8166333.607,238823.7623,False, , ,0, , , , , , 
TRACK,1.28.3-5,-16.5708798,-71.44770337,8166323.507,238805.9017,False, , ,0, , , , , , 
TRACK,1.28.3-5,-16.57113323,-71.44806523,8166294.98,238767.6099,False, , ,0, , , , , , 
TRACK,1.28.3-5,-16.57142804,-71.44835718,8166261.964,238736.8383,False, , ,0, , , , , , 
TRACK,1.28.3-5,-16.57174581,-71.44866983,8166226.377,238703.8878,False, , ,0, , , , , , 
TRACK,1.28.3-5,-16.57213053,-71.44895861,8166183.41,238673.5752,False, , ,0, , , , , , 
TRACK,1.28.3-5,-16.57234066,-71.44914628,8166159.903,238653.8229,False, , ,0, , , , , , 
TRACK,1.28.3-5,-16.57246373,-71.44945422,8166145.878,238621.112,False, , ,0, , , , , , 
TRACK,1.28.3-5,-16.57254172,-71.44899804,8166137.838,238669.9215,False, , ,0, , , , , , 
TRACK,1.28.3-5,-16.57260353,-71.44805864,8166132.219,238770.2984,False, , ,0, , , , , , 
TRACK,1.28.3-5,-16.57265428,-71.44736872,8166127.499,238844.0257,False, , ,0, , , , , , 
TRACK,1.28.3-5,-16.57279398,-71.44673321,8166112.86,238912.0636,False, , ,0, , , , , , 
TRACK,1.28.3-5,-16.57296199,-71.44598968,8166095.228,238991.6713,False, , ,0, , , , , , 
TRACK,1.28.3-5,-16.57314732,-71.44538144,8166075.501,239056.8593,False, , ,0, , , , , , 
TRACK,1.28.3-5,-16.57342403,-71.44482129,8166045.597,239117.036,False, , ,0, , , , , , 
TRACK,1.28.3-5,-16.57254563,-71.44454683,8166143.198,239145.1534,False, , ,0, , , , , , 
TRACK,1.28.3-6, , ,10000000,11015404.5, , , , , , , , , , 
TRACK,1.28.3-6,-16.57162942,-71.44885308,8166239.024,238684.1659,False, , ,0, , , , , , 
TRACK,1.28.3-6,-16.57177026,-71.44902289,8166223.211,238666.2266,False, , ,0, , , , , , 
TRACK,1.28.3-6,-16.57204702,-71.44959219,8166191.83,238605.8187,False, , ,0, , , , , , 
TRACK,1.28.3-6,-16.57170539,-71.45078223,8166228.1,238478.3042,False, , ,0, , , , , , 
TRACK,1.28.3-6,-16.57210513,-71.45081193,8166183.808,238475.6734,False, , ,0, , , , , , 
TRACK,1.28.3-6,-16.57229413,-71.45030059,8166163.551,238530.521,False, , ,0, , , , , , 
TRACK,1.28.3-6,-16.5724294,-71.45007755,8166148.866,238554.5168,False, , ,0, , , , , , 
TRACK,1.28.3-6,-16.57246152,-71.44983213,8166145.631,238580.7625,False, , ,0, , , , , , 
TRACK,1.28.3-6,-16.57245297,-71.44953689,8166146.961,238612.2721,False, , ,0, , , , , , 
TRACK,1.28.3-6,-16.57229904,-71.44913617,8166164.524,238654.8466,False, , ,0, , , , , , 
TRACK,1.28.3-6,-16.57179489,-71.44875745,8166220.83,238694.5992,False, , ,0, , , , , , 
TRACK,1.28.3-6,-16.57154548,-71.44853218,8166248.735,238718.3127,False, , ,0, , , , , , 
TRACK,1.28.3-6,-16.5715119,-71.44863431,8166252.319,238707.3634,False, , ,0, , , , , , 
TRACK,1.28.3-7, , ,10000000,11015404.5, , , , , , , , , , 
TRACK,1.28.3-7,-16.57201391,-71.44962468,8166195.454,238602.3062,False, , ,0, , , , , , 
TRACK,1.28.3-7,-16.57190877,-71.44941169,8166207.371,238624.9038,False, , ,0, , , , , , 
TRACK,1.28.3-7,-16.57114814,-71.45007764,8166290.709,238552.776,False, , ,0, , , , , , 
TRACK,1.28.3-7,-16.57166545,-71.45070493,8166232.622,238486.5025,False, , ,0, , , , , , 
TRACK,1.28.3-8, , ,10000000,11015404.5, , , , , , , , , , 
TRACK,1.28.3-8,-16.57455966,-71.44708661,8165916.93,238876.7157,False, , ,0, , , , , , 
TRACK,1.28.3-8,-16.57262898,-71.44869773,8166128.569,238702.1008,False, , ,0, , , , , , 
TRACK,1.28.3-8,-16.57259011,-71.44903545,8166132.432,238665.9928,False, , ,0, , , , , , 
TRACK,1.28.3-8,-16.57306013,-71.44950179,8166079.791,238616.8388,False, , ,0, , , , , , 
TRACK,1.28.3-8,-16.57501679,-71.44774494,8165865.466,238807.0479,False, , ,0, , , , , , 
TRACK,1.28.3-9, , ,10000000,11015404.5, , , , , , , , , , 
TRACK,1.28.3-9,-16.57240926,-71.4502098,8166150.923,238540.3706,False, , ,0, , , , , , 
TRACK,1.28.3-9,-16.57339189,-71.45073779,8166041.453,238485.3277,False, , ,0, , , , , , 
TRACK,1.28.3-9,-16.57382684,-71.44980186,8165994.522,238585.8385,False, , ,0, , , , , , 
TRACK,1.28.3-9,-16.5744533,-71.4494696,8165925.601,238622.1583,False, , ,0, , , , , , 
TRACK,1.28.3-9,-16.57456793,-71.44909114,8165913.404,238662.7178,False, , ,0, , , , , , 
TRACK,1.28.3-9,-16.57412516,-71.44858665,8165963.078,238715.9811,False, , ,0, , , , , , 
TRACK,1.28.3-9,-16.57283607,-71.44975577,8166104.265,238589.4201,False, , ,0, , , , , , 
TRACK,1.28.3-10, , ,10000000,11015404.5, , , , , , , , , , 
TRACK,1.28.3-10,-16.57214985,-71.45078876,8166178.887,238478.2078,False, , ,0, , , , , , 
TRACK,1.28.3-10,-16.57214833,-71.45109155,8166178.661,238445.8787,False, , ,0, , , , , , 
TRACK,1.28.3-10,-16.57229418,-71.45166058,8166161.773,238385.3237,False, , ,0, , , , , , 
TRACK,1.28.3-10,-16.57229624,-71.45194097,8166161.179,238355.3902,False, , ,0, , , , , , 
TRACK,1.28.3-10,-16.57082583,-71.45534146,8166319.525,237990.3485,False, , ,0, , , , , , 
TRACK,1.28.3-10,-16.57153579,-71.4557291,8166240.421,237949.9245,False, , ,0, , , , , , 
TRACK,1.28.3-10,-16.57174461,-71.45568085,8166217.368,237955.3584,False, , ,0, , , , , , 
TRACK,1.28.3-10,-16.57241227,-71.45439921,8166145.126,238093.0957,False, , ,0, , , , , , 
TRACK,1.28.3-10,-16.57296207,-71.45459825,8166084.001,238072.5891,False, , ,0, , , , , , 
TRACK,1.28.3-10,-16.57376439,-71.45328376,8165996.895,238214.0148,False, , ,0, , , , , , 
TRACK,1.28.3-10,-16.57363861,-71.45251084,8166011.827,238296.3646,False, , ,0, , , , , , 
TRACK,1.28.3-10,-16.57307093,-71.45229819,8166074.95,238318.2997,False, , ,0, , , , , , 
TRACK,1.28.3-10,-16.57322561,-71.45149819,8166058.869,238403.9196,False, , ,0, , , , , , 
TRACK,1.28.3-10,-16.57336731,-71.4507774,8166044.123,238481.066,False, , ,0, , , , , , 
TRACK,1.28.3-10,-16.57237676,-71.45024755,8166154.473,238536.2959,False, , ,0, , , , , , 
TRACK,1.28.3-10,-16.57224837,-71.45048673,8166168.374,238510.5867,False, , ,0, , , , , , 
TRACK,1.28.3-11, , ,10000000,11015404.5, , , , , , , , , , 
TRACK,1.28.3-11,-16.5716321,-71.45579616,8166229.672,237942.8943,False, , ,0, , , , , , 
TRACK,1.28.3-11,-16.57080721,-71.45536623,8166321.554,237987.6792,False, , ,0, , , , , , 
TRACK,1.28.3-11,-16.57043497,-71.45624306,8166361.618,237893.5601,False, , ,0, , , , , , 
TRACK,1.28.3-11,-16.57120832,-71.45669589,8166275.412,237846.2612,False, , ,0, , , , , , 
TRACK,1.28.3-12, , ,10000000,11015404.5, , , , , , , , , , 
TRACK,1.28.3-12,-16.57004638,-71.45719239,8166403.398,237791.6783,False, , ,0, , , , , , 
TRACK,1.28.3-12,-16.57068546,-71.45747777,8166332.274,237762.0755,False, , ,0, , , , , , 
TRACK,1.28.3-12,-16.57119472,-71.45670688,8166276.904,237845.0693,False, , ,0, , , , , , 
TRACK,1.28.3-12,-16.57043172,-71.45626644,8166361.947,237891.0597,False, , ,0, , , , , , 
TRACK,1.28.3-13, , ,10000000,11015404.5, , , , , , , , , , 
TRACK,1.28.3-13,-16.56964028,-71.45927834,8166445.628,237568.419,False, , ,0, , , , , , 
TRACK,1.28.3-13,-16.57072748,-71.45762474,8166327.43,237746.441,False, , ,0, , , , , , 
TRACK,1.28.3-13,-16.57070557,-71.45752019,8166329.992,237757.5736,False, , ,0, , , , , , 
TRACK,1.28.3-13,-16.57003299,-71.45722944,8166404.831,237787.7043,False, , ,0, , , , , , 
TRACK,1.28.3-13,-16.56906052,-71.45951788,8166509.498,237542.0585,False, , ,0, , , , , , 
TRACK,1.28.3-14, , ,10000000,11015404.5, , , , , , , , , , 
TRACK,1.28.3-14,-16.56950791,-71.45941781,8166460.1,237553.349,False, , ,0, , , , , , 
TRACK,1.28.3-14,-16.56902516,-71.45956817,8166513.347,237536.6407,False, , ,0, , , , , , 
TRACK,1.28.3-14,-16.56877677,-71.46008314,8166540.172,237481.3227,False, , ,0, , , , , , 
TRACK,1.28.3-14,-16.56907744,-71.460298,8166506.605,237458.7901,False, , ,0, , , , , , 
TRACK,1.28.3-15, , ,10000000,11015404.5, , , , , , , , , , 
TRACK,1.28.3-15,-16.56939743,-71.45860275,8166473.397,237640.2198,False, , ,0, , , , , , 
TRACK,1.28.3-15,-16.56998407,-71.45721109,8166410.271,237789.5971,False, , ,0, , , , , , 
TRACK,1.28.3-15,-16.57036857,-71.45628143,8166368.919,237889.3739,False, , ,0, , , , , , 
TRACK,1.28.3-15,-16.5695078,-71.45586461,8166464.755,237932.7104,False, , ,0, , , , , , 
TRACK,1.28.3-15,-16.5688967,-71.45736732,8166530.445,237771.4442,False, , ,0, , , , , , 
TRACK,1.28.3-15,-16.56805522,-71.45918747,8166621.223,237575.9719,False, , ,0, , , , , , 
TRACK,1.28.3-15,-16.56889146,-71.45969666,8166527.98,237522.7417,False, , ,0, , , , , , 
TRACK,1.28.3-16, , ,10000000,11015404.5, , , , , , , , , , 
TRACK,1.28.3-16,-16.56897434,-71.45705823,8166522.254,237804.5493,False, , ,0, , , , , , 
TRACK,1.28.3-16,-16.56946906,-71.45583098,8166469.088,237936.2486,False, , ,0, , , , , , 
TRACK,1.28.3-16,-16.56855201,-71.45539537,8166571.18,237981.5149,False, , ,0, , , , , , 
TRACK,1.28.3-16,-16.56815776,-71.45692376,8166612.831,237817.8005,False, , ,0, , , , , , 
TRACK,1.28.3-17, , ,10000000,11015404.5, , , , , , , , , , 
TRACK,1.28.3-17,-16.56947263,-71.45580682,8166468.725,237938.8329,False, , ,0, , , , , , 
TRACK,1.28.3-17,-16.56986017,-71.45488287,8166427.029,238038.0032,False, , ,0, , , , , , 
TRACK,1.28.3-17,-16.56895801,-71.4544969,8166527.407,238077.9911,False, , ,0, , , , , , 
TRACK,1.28.3-17,-16.5685615,-71.45537053,8166570.163,237984.1802,False, , ,0, , , , , , 
TRACK,1.28.3-18, , ,10000000,11015404.5, , , , , , , , , , 
TRACK,1.28.3-18,-16.56986023,-71.45485816,8166427.054,238040.6411,False, , ,0, , , , , , 
TRACK,1.28.3-18,-16.5702373,-71.45398157,8166386.454,238134.7415,False, , ,0, , , , , , 
TRACK,1.28.3-18,-16.56935707,-71.45358628,8166484.417,238175.7535,False, , ,0, , , , , , 
TRACK,1.28.3-18,-16.56896594,-71.45447603,8166526.556,238080.2295,False, , ,0, , , , , , 
TRACK,1.28.3-19, , ,10000000,11015404.5, , , , , , , , , , 
TRACK,1.28.3-19,-16.56931979,-71.45359182,8166488.537,238175.112,False, , ,0, , , , , , 
TRACK,1.28.3-19,-16.5683792,-71.45321594,8166593.156,238213.971,False, , ,0, , , , , , 
TRACK,1.28.3-19,-16.56839349,-71.45317984,8166591.62,238217.8448,False, , ,0, , , , , , 
TRACK,1.28.3-19,-16.56829722,-71.45304912,8166602.449,238231.6715,False, , ,0, , , , , , 
TRACK,1.28.3-19,-16.56807971,-71.45273005,8166626.944,238265.4422,False, , ,0, , , , , , 
TRACK,1.28.3-19,-16.56751604,-71.45292123,8166689.097,238244.2694,False, , ,0, , , , , , 
TRACK,1.28.3-19,-16.56760451,-71.45345789,8166678.603,238187.0907,False, , ,0, , , , , , 
TRACK,1.28.3-19,-16.5680223,-71.45399175,8166631.654,238130.6582,False, , ,0, , , , , , 
TRACK,1.28.3-19,-16.56900355,-71.45431068,8166522.608,238097.9349,False, , ,0, , , , , , 
TRACK,1.28.3-20, , ,10000000,11015404.5, , , , , , , , , , 
TRACK,1.28.3-20,-16.56932837,-71.45355167,8166487.639,238179.4107,False, , ,0, , , , , , 
TRACK,1.28.3-20,-16.56970797,-71.45265982,8166446.778,238275.143,False, , ,0, , , , , , 
TRACK,1.28.3-20,-16.56917127,-71.45241762,8166506.51,238300.2761,False, , ,0, , , , , , 
TRACK,1.28.3-20,-16.56873452,-71.45242189,8166554.855,238299.2297,False, , ,0, , , , , , 
TRACK,1.28.3-20,-16.56842861,-71.45318832,8166587.722,238216.9872,False, , ,0, , , , , , 
TRACK,1.28.3-21, , ,10000000,11015404.5, , , , , , , , , , 
TRACK,1.28.3-21,-16.5706322,-71.45306049,8166343.938,238233.6154,False, , ,0, , , , , , 
TRACK,1.28.3-21,-16.56976415,-71.4526769,8166440.537,238273.3954,False, , ,0, , , , , , 
TRACK,1.28.3-21,-16.56936541,-71.45356189,8166483.525,238178.3692,False, , ,0, , , , , , 
TRACK,1.28.3-21,-16.5702573,-71.45394591,8166384.286,238138.5756,False, , ,0, , , , , , 
TRACK,1.28.3-22, , ,10000000,11015404.5, , , , , , , , , , 
TRACK,1.28.3-22,-16.57048114,-71.45072822,8166363.702,238482.4159,False, , ,0, , , , , , 
TRACK,1.28.3-22,-16.57065972,-71.45098675,8166343.595,238455.0552,False, , ,0, , , , , , 
TRACK,1.28.3-22,-16.57079768,-71.45146029,8166327.705,238404.6845,False, , ,0, , , , , , 
TRACK,1.28.3-22,-16.57086803,-71.45183773,8166319.425,238364.4824,False, , ,0, , , , , , 
TRACK,1.28.3-22,-16.57111581,-71.45246396,8166291.178,238297.9576,False, , ,0, , , , , , 
TRACK,1.28.3-22,-16.57187062,-71.45209013,8166208.103,238338.8901,False, , ,0, , , , , , 
TRACK,1.28.3-22,-16.57174021,-71.4517785,8166222.946,238371.9852,False, , ,0, , , , , , 
TRACK,1.28.3-22,-16.57171935,-71.45150565,8166225.611,238401.0877,False, , ,0, , , , , , 
TRACK,1.28.3-22,-16.57165287,-71.45133251,8166233.197,238419.483,False, , ,0, , , , , , 
TRACK,1.28.3-22,-16.57162904,-71.45103027,8166236.229,238451.7188,False, , ,0, , , , , , 
TRACK,1.28.3-22,-16.57167535,-71.45077205,8166231.439,238479.3497,False, , ,0, , , , , , 
TRACK,1.28.3-22,-16.57114916,-71.45010297,8166290.563,238550.0729,False, , ,0, , , , , , 
TRACK,1.28.3-22,-16.57014838,-71.44938782,8166402.286,238625.0746,False, , ,0, , , , , , 
TRACK,1.28.3-22,-16.56967047,-71.4500183,8166454.373,238557.1154,False, , ,0, , , , , , 
TRACK,1.28.3-23, , ,10000000,11015404.5, , , , , , , , , , 
TRACK,1.28.3-23,-16.57221908,-71.45200851,8166169.633,238348.0759,False, , ,0, , , , , , 
TRACK,1.28.3-23,-16.5722278,-71.45177505,8166168.972,238373.012,False, , ,0, , , , , , 
TRACK,1.28.3-23,-16.57218681,-71.4514749,8166173.901,238405.0018,False, , ,0, , , , , , 
TRACK,1.28.3-23,-16.57210051,-71.45107975,8166183.97,238447.0729,False, , ,0, , , , , , 
TRACK,1.28.3-23,-16.57210586,-71.45083439,8166183.698,238473.2765,False, , ,0, , , , , , 
TRACK,1.28.3-23,-16.57168603,-71.45080132,8166230.218,238476.2395,False, , ,0, , , , , , 
TRACK,1.28.3-23,-16.57165011,-71.45109975,8166233.807,238444.3292,False, , ,0, , , , , , 
TRACK,1.28.3-23,-16.57167924,-71.45133651,8166230.272,238419.0908,False, , ,0, , , , , , 
TRACK,1.28.3-23,-16.57174288,-71.45149279,8166223.023,238402.4919,False, , ,0, , , , , , 
TRACK,1.28.3-23,-16.57176688,-71.45176244,8166220.015,238373.7353,False, , ,0, , , , , , 
TRACK,1.28.3-23,-16.5719021,-71.45205695,8166204.662,238342.475,False, , ,0, , , , , , 
TRACK,1.28.3-23,-16.57194031,-71.45225164,8166200.178,238321.7414,False, , ,0, , , , , , 
TRACK,1.28.3-23,-16.57198641,-71.45235069,8166194.945,238311.2284,False, , ,0, , , , , , 
TRACK,1.28.3-23,-16.57204544,-71.45238081,8166188.371,238308.0918,False, , ,0, , , , , , 
TRACK,1.28.3-24, , ,10000000,11015404.5, , , , , , , , , , 
TRACK,1.28.3-24,-16.57159448,-71.45341181,8166236.949,238197.4082,False, , ,0, , , , , , 
TRACK,1.28.3-24,-16.57202812,-71.45243232,8166190.22,238302.5692,False, , ,0, , , , , , 
TRACK,1.28.3-24,-16.57191925,-71.45230096,8166202.445,238316.4469,False, , ,0, , , , , , 
TRACK,1.28.3-24,-16.57188893,-71.45210502,8166206.057,238337.3247,False, , ,0, , , , , , 
TRACK,1.28.3-24,-16.57112685,-71.45250245,8166289.905,238293.8631,False, , ,0, , , , , , 
TRACK,1.28.3-24,-16.57135099,-71.45303073,8166264.402,238237.7649,False, , ,0, , , , , , 
TRACK,1.28.3-25, , ,10000000,11015404.5, , , , , , , , , , 
TRACK,1.28.3-25,-16.57157968,-71.45348992,8166238.486,238189.0483,False, , ,0, , , , , , 
TRACK,1.28.3-25,-16.57135187,-71.45311173,8166264.199,238229.1175,False, , ,0, , , , , , 
TRACK,1.28.3-25,-16.57101521,-71.45241158,8166302.383,238303.4139,False, , ,0, , , , , , 
TRACK,1.28.3-25,-16.57084601,-71.45272316,8166320.707,238269.9194,False, , ,0, , , , , , 
TRACK,1.28.3-25,-16.57031298,-71.45397145,8166378.088,238135.9241,False, , ,0, , , , , , 
TRACK,1.28.3-25,-16.57117561,-71.45438013,8166282.057,238093.4586,False, , ,0, , , , , , 
TRACK,1.28.3-26, , ,10000000,11015404.5, , , , , , , , , , 
TRACK,1.28.3-26,-16.57116187,-71.45441503,8166283.532,238089.7142,False, , ,0, , , , , , 
TRACK,1.28.3-26,-16.5702936,-71.45400619,8166380.189,238132.1888,False, , ,0, , , , , , 
TRACK,1.28.3-26,-16.57014638,-71.45435124,8166396.037,238095.1502,False, , ,0, , , , , , 
TRACK,1.28.3-26,-16.57100647,-71.45478941,8166300.248,238049.5329,False, , ,0, , , , , , 
TRACK,1.28.3-27, , ,10000000,11015404.5, , , , , , , , , , 
TRACK,1.28.3-27,-16.57012088,-71.45493533,8166398.098,238032.7554,False, , ,0, , , , , , 
TRACK,1.28.3-27,-16.57030067,-71.45451688,8166378.74,238077.6745,False, , ,0, , , , , , 
TRACK,1.28.3-27,-16.57009513,-71.45441398,8166401.629,238088.383,False, , ,0, , , , , , 
TRACK,1.28.3-27,-16.56990921,-71.45485005,8166421.642,238041.5742,False, , ,0, , , , , , 
TRACK,1.28.3-28, , ,10000000,11015404.5, , , , , , , , , , 
TRACK,1.28.3-28,-16.57038414,-71.45621523,8166367.282,237896.4623,False, , ,0, , , , , , 
TRACK,1.28.3-28,-16.57076031,-71.45533359,8166326.789,237991.1002,False, , ,0, , , , , , 
TRACK,1.28.3-28,-16.56990288,-71.45492158,8166422.25,238033.9286,False, , ,0, , , , , , 
TRACK,1.28.3-28,-16.5695263,-71.45581387,8166462.774,237938.1524,False, , ,0, , , , , , 
TRACK,1.28.3-parque1, , ,10000000,11015404.5, , , , , , , , , , 
TRACK,1.28.3-parque1,-16.57257703,-71.44907215,8166133.833,238662.0567,False, , ,0, , , , , , 
TRACK,1.28.3-parque1,-16.57249126,-71.44974815,8166142.447,238589.7685,False, , ,0, , , , , , 
TRACK,1.28.3-parque1,-16.572548,-71.44995329,8166135.899,238567.9433,False, , ,0, , , , , , 
TRACK,1.28.3-parque1,-16.57301835,-71.44951,8166084.406,238615.9058,False, , ,0, , , , , , 
TRACK,1.28.3-parque2, , ,10000000,11015404.5, , , , , , , , , , 
TRACK,1.28.3-parque2,-16.5707838,-71.45525552,8166324.29,237999.4672,False, , ,0, , , , , , 
TRACK,1.28.3-parque2,-16.5709818,-71.45483012,8166302.926,238045.1536,False, , ,0, , , , , , 
TRACK,1.28.3-parque2,-16.57032681,-71.45452872,8166375.831,238076.4456,False, , ,0, , , , , , 
TRACK,1.28.3-parque2,-16.57014197,-71.45494614,8166395.748,238031.6299,False, , ,0, , , , , , 
TRACK,1.28.2-1, , ,10000000,11015404.5, , , , , , , , , , 
TRACK,1.28.2-1,-16.56394705,-71.46031682,8167074.547,237449.8227,False, , ,0, , , , , , 
TRACK,1.28.2-1,-16.5642549,-71.46013908,8167040.699,237469.218,False, , ,0, , , , , , 
TRACK,1.28.2-1,-16.56421476,-71.45980946,8167045.573,237504.3565,False, , ,0, , , , , , 
TRACK,1.28.2-1,-16.56384894,-71.45995423,8167085.883,237488.4035,False, , ,0, , , , , , 
TRACK,1.28.2-2, , ,10000000,11015404.5, , , , , , , , , , 
TRACK,1.28.2-2,-16.5632284,-71.45935086,8167155.369,237551.9835,False, , ,0, , , , , , 
TRACK,1.28.2-2,-16.56329792,-71.45976339,8167147.133,237508.0325,False, , ,0, , , , , , 
TRACK,1.28.2-2,-16.56364308,-71.45999821,8167108.615,237483.4292,False, , ,0, , , , , , 
TRACK,1.28.2-2,-16.56387651,-71.45943083,8167083.515,237544.3244,False, , ,0, , , , , , 
TRACK,1.28.2-2,-16.56373628,-71.45927315,8167099.246,237560.9688,False, , ,0, , , , , , 
TRACK,1.28.2-2,-16.56366363,-71.45908709,8167107.531,237580.7367,False, , ,0, , , , , , 
TRACK,1.28.2-2,-16.56359862,-71.45879382,8167115.112,237611.9608,False, , ,0, , , , , , 
TRACK,1.28.2-2,-16.5635916,-71.45855207,8167116.204,237637.7619,False, , ,0, , , , , , 
TRACK,1.28.2-2,-16.56362536,-71.45836801,8167112.707,237657.4598,False, , ,0, , , , , , 
TRACK,1.28.2-2,-16.5637235,-71.45818348,8167102.084,237677.2952,False, , ,0, , , , , , 
TRACK,1.28.2-2,-16.56332507,-71.4581074,8167146.292,237684.8779,False, , ,0, , , , , , 
TRACK,1.28.2-2,-16.56311575,-71.45872735,8167168.656,237618.4025,False, , ,0, , , , , , 
TRACK,1.28.2-3, , ,10000000,11015404.5, , , , , , , , , , 
TRACK,1.28.2-3,-16.56386665,-71.4580668,8167086.39,237689.9467,False, , ,0, , , , , , 
TRACK,1.28.2-3,-16.56376862,-71.45815288,8167097.129,237680.6239,False, , ,0, , , , , , 
TRACK,1.28.2-3,-16.56365132,-71.45838933,8167109.806,237655.2194,False, , ,0, , , , , , 
TRACK,1.28.2-3,-16.56361533,-71.45863965,8167113.464,237628.4441,False, , ,0, , , , , , 
TRACK,1.28.2-3,-16.56365232,-71.45893691,8167108.98,237596.7558,False, , ,0, , , , , , 
TRACK,1.28.2-3,-16.56374773,-71.45923927,8167098.022,237564.6025,False, , ,0, , , , , , 
TRACK,1.28.2-3,-16.56390138,-71.45940387,8167080.796,237547.2366,False, , ,0, , , , , , 
TRACK,1.28.2-3,-16.5639084,-71.45950456,8167079.888,237536.4946,False, , ,0, , , , , , 
TRACK,1.28.2-3,-16.56418861,-71.45957747,8167048.771,237529.0904,False, , ,0, , , , , , 
TRACK,1.28.2-3,-16.5644216,-71.45910432,8167023.596,237579.924,False, , ,0, , , , , , 
TRACK,1.28.2-3,-16.56427515,-71.45850335,8167040.595,237643.8907,False, , ,0, , , , , , 
TRACK,1.28.2-3,-16.56407602,-71.45840031,8167062.775,237654.6221,False, , ,0, , , , , , 
TRACK,1.28.2-4, , ,10000000,11015404.5, , , , , , , , , , 
TRACK,1.28.2-4,-16.5636286,-71.45721381,8167113.857,237780.6972,False, , ,0, , , , , , 
TRACK,1.28.2-4,-16.56363212,-71.45691161,8167113.862,237812.9682,False, , ,0, , , , , , 
TRACK,1.28.2-4,-16.56374748,-71.45654894,8167101.564,237851.8461,False, , ,0, , , , , , 
TRACK,1.28.2-4,-16.5632967,-71.457115,8167150.73,237790.7983,False, , ,0, , , , , , 
TRACK,1.28.2-4,-16.56334067,-71.45808861,8167144.59,237686.9062,False, , ,0, , , , , , 
TRACK,1.28.2-4,-16.56375413,-71.45815881,8167098.726,237679.9704,False, , ,0, , , , , , 
TRACK,1.28.2-4,-16.5638389,-71.45794339,8167089.622,237703.0854,False, , ,0, , , , , , 
TRACK,1.28.2-4,-16.56374213,-71.45759001,8167100.797,237740.6846,False, , ,0, , , , , , 
TRACK,1.28.2-5, , ,10000000,11015404.5, , , , , , , , , , 
TRACK,1.28.2-5,-16.56402183,-71.4560441,8167071.851,237906.1195,False, , ,0, , , , , , 
TRACK,1.28.2-5,-16.56427145,-71.45617181,8167044.05,237892.8219,False, , ,0, , , , , , 
TRACK,1.28.2-5,-16.56458763,-71.45570265,8167009.659,237943.3414,False, , ,0, , , , , , 
TRACK,1.28.2-5,-16.5647145,-71.45528158,8166996.165,237988.4703,False, , ,0, , , , , , 
TRACK,1.28.2-5,-16.56450822,-71.45517481,8167019.141,237999.5908,False, , ,0, , , , , , 
TRACK,1.28.2-5,-16.56424179,-71.45547224,8167048.247,237967.4731,False, , ,0, , , , , , 
TRACK,1.28.2-6, , ,10000000,11015404.5, , , , , , , , , , 
TRACK,1.28.2-6,-16.56380963,-71.45650464,8167094.742,237856.6599,False, , ,0, , , , , , 
TRACK,1.28.2-6,-16.56373243,-71.45671429,8167103.014,237834.1715,False, , ,0, , , , , , 
TRACK,1.28.2-6,-16.56367369,-71.45691999,8167109.25,237812.1296,False, , ,0, , , , , , 
TRACK,1.28.2-6,-16.56366545,-71.45720259,8167109.793,237781.9459,False, , ,0, , , , , , 
TRACK,1.28.2-6,-16.5637727,-71.45757541,8167097.431,237742.285,False, , ,0, , , , , , 
TRACK,1.28.2-6,-16.56386635,-71.45795594,8167086.567,237701.7829,False, , ,0, , , , , , 
TRACK,1.28.2-6,-16.56391518,-71.45810746,8167080.963,237685.6716,False, , ,0, , , , , , 
TRACK,1.28.2-6,-16.56405523,-71.45830217,8167065.205,237665.0722,False, , ,0, , , , , , 
TRACK,1.28.2-6,-16.56420847,-71.45842554,8167048.078,237652.1073,False, , ,0, , , , , , 
TRACK,1.28.2-6,-16.56493974,-71.4574038,8166968.457,237762.188,False, , ,0, , , , , , 
TRACK,1.28.2-6,-16.56567059,-71.45632386,8166888.958,237878.4817,False, , ,0, , , , , , 
TRACK,1.28.2-6,-16.56514601,-71.45601458,8166947.437,237910.7931,False, , ,0, , , , , , 
TRACK,1.28.2-6,-16.56483217,-71.45651074,8166981.533,237857.3933,False, , ,0, , , , , , 
TRACK,1.28.2-6,-16.56400505,-71.45606883,8167073.677,237903.4559,False, , ,0, , , , , , 
TRACK,1.28.2-7, , ,10000000,11015404.5, , , , , , , , , , 
TRACK,1.28.2-7,-16.56503086,-71.45428622,8166962.44,238095.171,False, , ,0, , , , , , 
TRACK,1.28.2-7,-16.56571513,-71.45464645,8166886.217,238057.6353,False, , ,0, , , , , , 
TRACK,1.28.2-7,-16.56614681,-71.45383766,8166839.483,238144.5726,False, , ,0, , , , , , 
TRACK,1.28.2-7,-16.56550164,-71.45353415,8166911.303,238176.1045,False, , ,0, , , , , , 
TRACK,1.28.1-1, , ,10000000,11015404.5, , , , , , , , , , 
TRACK,1.28.1-1,-16.56685056,-71.44020178,8166779.314,239601.3836,False, , ,0, , , , , , 
TRACK,1.28.1-1,-16.56791048,-71.44074509,8166661.271,239544.8023,False, , ,0, , , , , , 
TRACK,1.28.1-1,-16.56858641,-71.44031699,8166586.998,239591.4182,False, , ,0, , , , , , 
TRACK,1.28.1-1,-16.56916832,-71.43971855,8166523.353,239656.0939,False, , ,0, , , , , , 
TRACK,1.28.1-1,-16.56969473,-71.43907181,8166465.916,239725.8503,False, , ,0, , , , , , 
TRACK,1.28.1-1,-16.56968972,-71.43820652,8166467.593,239818.2262,False, , ,0, , , , , , 
TRACK,1.28.1-1,-16.5676871,-71.43757865,8166690.106,239882.5695,False, , ,0, , , , , , 
TRACK,1.28.1-1,-16.56730473,-71.43672473,8166733.542,239973.2253,False, , ,0, , , , , , 
TRACK,1.28.1-1,-16.56594397,-71.4288735,8166894.339,240809.6447,False, , ,0, , , , , , 
TRACK,1.28.1-1,-16.56326574,-71.42894081,8167190.744,240798.8724,False, , ,0, , , , , , 
TRACK,1.28.1-1,-16.5630352,-71.43057425,8167214.156,240624.165,False, , ,0, , , , , , 
TRACK,1.28.1-1,-16.56675048,-71.43967377,8166791.079,239657.6226,False, , ,0, , , , , , 
TRACK,1.28.5-1, , ,10000000,11015404.5, , , , , , , , , , 
TRACK,1.28.5-1,-16.54976222,-71.47178167,8168629.879,236206.4067,False, , ,0, , , , , , 
TRACK,1.28.5-1,-16.55062671,-71.47173162,8168534.239,236212.928,False, , ,0, , , , , , 
TRACK,1.28.5-1,-16.55162057,-71.47165402,8168424.314,236222.567,False, , ,0, , , , , , 
TRACK,1.28.5-1,-16.55233308,-71.47148443,8168345.657,236241.6449,False, , ,0, , , , , , 
TRACK,1.28.5-1,-16.55194104,-71.47050482,8168390.345,236345.7107,False, , ,0, , , , , , 
TRACK,1.28.5-1,-16.55192394,-71.47042212,8168392.346,236354.5182,False, , ,0, , , , , , 
TRACK,1.28.5-1,-16.55194088,-71.4703521,8168390.563,236362.0176,False, , ,0, , , , , , 
TRACK,1.28.5-1,-16.55209208,-71.47007465,8168374.188,236391.8488,False, , ,0, , , , , , 
TRACK,1.28.5-1,-16.55153788,-71.46982684,8168435.867,236417.5553,False, , ,0, , , , , , 
TRACK,1.28.5-1,-16.5513962,-71.46947175,8168452.017,236455.2778,False, , ,0, , , , , , 
TRACK,1.28.5-1,-16.5503404,-71.46962654,8168568.698,236437.313,False, , ,0, , , , , , 
TRACK,1.28.5-1,-16.55011416,-71.46972033,8168593.622,236426.9913,False, , ,0, , , , , , 
TRACK,1.28.5-1,-16.54994323,-71.46988745,8168612.326,236408.9142,False, , ,0, , , , , , 
TRACK,1.28.5-1,-16.54966472,-71.47028538,8168642.636,236366.0447,False, , ,0, , , , , , 
TRACK,1.28.5-1,-16.54954999,-71.47053418,8168655.012,236339.3227,False, , ,0, , , , , , 
TRACK,1.28.5-1,-16.54946471,-71.47087633,8168664.004,236302.6727,False, , ,0, , , , , , 
TRACK,1.28.5-1,-16.54913617,-71.47138545,8168699.708,236247.8629,False, , ,0, , , , , , 
TRACK,1.28.5-1,-16.54905136,-71.47169472,8168708.69,236214.724,False, , ,0, , , , , , 
TRACK,1.28.5-2, , ,10000000,11015404.5, , , , , , , , , , 
TRACK,1.28.5-2,-16.55020642,-71.47181971,8168580.653,236202.9502,False, , ,0, , , , , , 
TRACK,1.28.5-2,-16.54955136,-71.47181071,8168653.184,236203.019,False, , ,0, , , , , , 
TRACK,1.28.5-2,-16.54903948,-71.47174407,8168709.94,236209.4382,False, , ,0, , , , , , 
TRACK,1.28.5-2,-16.54885613,-71.47217875,8168729.668,236162.7742,False, , ,0, , , , , , 
TRACK,1.28.5-2,-16.54856956,-71.47271312,8168760.691,236105.325,False, , ,0, , , , , , 
TRACK,1.28.5-2,-16.54815445,-71.47352475,8168805.581,236018.0942,False, , ,0, , , , , , 
TRACK,1.28.5-2,-16.54776902,-71.47406397,8168847.542,235959.9919,False, , ,0, , , , , , 
TRACK,1.28.5-2,-16.54824402,-71.47440163,8168794.513,235924.5843,False, , ,0, , , , , , 
TRACK,1.28.5-2,-16.54870117,-71.47474486,8168743.452,235888.5578,False, , ,0, , , , , , 
TRACK,1.28.5-2,-16.54904127,-71.4749028,8168705.593,235872.1567,False, , ,0, , , , , , 
TRACK,1.28.5-2,-16.54960771,-71.47523918,8168642.441,235837.0101,False, , ,0, , , , , , 
TRACK,1.28.5-2,-16.5501367,-71.47560185,8168583.401,235799.0067,False, , ,0, , , , , , 
TRACK,1.28.5-2,-16.55055363,-71.47572786,8168537.079,235786.1196,False, , ,0, , , , , , 
TRACK,1.28.5-2,-16.55068205,-71.47494124,8168523.896,235870.2878,False, , ,0, , , , , , 
TRACK,1.28.5-2,-16.55074321,-71.47465653,8168517.499,235900.772,False, , ,0, , , , , , 
TRACK,1.28.5-2,-16.55103247,-71.47414031,8168486.155,235956.2867,False, , ,0, , , , , , 
TRACK,1.28.5-2,-16.55143357,-71.47391204,8168442.05,235981.2079,False, , ,0, , , , , , 
TRACK,1.28.5-2,-16.55205604,-71.47380847,8168373.274,235993.1146,False, , ,0, , , , , , 
TRACK,1.28.5-2,-16.55279201,-71.47347607,8168292.233,236029.6103,False, , ,0, , , , , , 
TRACK,1.28.5-2,-16.5529256,-71.47311458,8168277.919,236068.3901,False, , ,0, , , , , , 
TRACK,1.28.5-2,-16.55271493,-71.47286748,8168301.567,236094.4875,False, , ,0, , , , , , 
TRACK,1.28.5-2,-16.55242483,-71.47271468,8168333.883,236110.4084,False, , ,0, , , , , , 
TRACK,1.28.5-2,-16.55236803,-71.47249749,8168340.457,236133.5221,False, , ,0, , , , , , 
TRACK,1.28.5-2,-16.55236569,-71.47241781,8168340.821,236142.0265,False, , ,0, , , , , , 
TRACK,1.28.5-2,-16.55245596,-71.47211299,8168331.228,236174.6969,False, , ,0, , , , , , 
TRACK,1.28.5-2,-16.55249278,-71.47195408,8168327.36,236191.7148,False, , ,0, , , , , , 
TRACK,1.28.5-2,-16.55248352,-71.4718891,8168328.47,236198.641,False, , ,0, , , , , , 
TRACK,1.28.5-2,-16.55231947,-71.47152946,8168347.104,236236.8181,False, , ,0, , , , , , 
TRACK,1.28.5-2,-16.55155667,-71.47171967,8168431.302,236215.4704,False, , ,0, , , , , , 
TRACK,1.28.5-3, , ,10000000,11015404.5, , , , , , , , , , 
TRACK,1.28.5-3,-16.55091752,-71.47551792,8168497.069,235809.0326,False, , ,0, , , , , , 
TRACK,1.28.5-3,-16.55163247,-71.47544846,8168418.011,235817.424,False, , ,0, , , , , , 
TRACK,1.28.5-3,-16.55126183,-71.47480909,8168459.884,235885.1892,False, , ,0, , , , , , 
TRACK,1.28.5-3,-16.55071678,-71.47487162,8168520.143,235877.7689,False, , ,0, , , , , , 
TRACK,1.28.5-3,-16.55058652,-71.47563428,8168533.56,235796.1563,False, , ,0, , , , , , 
TRACK,1.28.5-4, , ,10000000,11015404.5, , , , , , , , , , 
TRACK,1.28.5-4,-16.54957361,-71.47527432,8168646.17,235833.2112,False, , ,0, , , , , , 
TRACK,1.28.5-4,-16.54890522,-71.47488922,8168720.672,235873.4205,False, , ,0, , , , , , 
TRACK,1.28.5-4,-16.54865518,-71.47472743,8168748.566,235890.3563,False, , ,0, , , , , , 
TRACK,1.28.5-4,-16.54825082,-71.47445034,8168793.696,235919.3917,False, , ,0, , , , , , 
TRACK,1.28.5-4,-16.54776918,-71.47409314,8168847.486,235956.877,False, , ,0, , , , , , 
TRACK,1.28.5-4,-16.54737297,-71.4745489,8168890.751,235907.672,False, , ,0, , , , , , 
TRACK,1.28.5-4,-16.54693876,-71.47495777,8168938.284,235863.421,False, , ,0, , , , , , 
TRACK,1.28.5-4,-16.54713736,-71.47510824,8168916.099,235847.6243,False, , ,0, , , , , , 
TRACK,1.28.5-4,-16.54669579,-71.47553448,8168964.424,235801.5085,False, , ,0, , , , , , 
TRACK,1.28.5-4,-16.54701096,-71.47606933,8168928.829,235744.8271,False, , ,0, , , , , , 
TRACK,1.28.5-4,-16.54738152,-71.47648946,8168887.253,235700.4718,False, , ,0, , , , , , 
TRACK,1.28.5-4,-16.54783173,-71.47691978,8168836.846,235655.1362,False, , ,0, , , , , , 
TRACK,1.28.5-4,-16.54836443,-71.47722883,8168777.465,235622.8632,False, , ,0, , , , , , 
TRACK,1.28.5-4,-16.54852708,-71.4774197,8168759.207,235602.7034,False, , ,0, , , , , , 
TRACK,1.28.5-4,-16.54960518,-71.47835096,8168638.627,235504.7359,False, , ,0, , , , , , 
TRACK,1.28.5-4,-16.54991435,-71.47745953,8168605.573,235600.3438,False, , ,0, , , , , , 
TRACK,1.28.5-4,-16.55015658,-71.4768088,8168579.613,235670.1574,False, , ,0, , , , , , 
TRACK,1.28.5-4,-16.55038461,-71.47632066,8168555.011,235722.5917,False, , ,0, , , , , , 
TRACK,1.28.5-4,-16.55045216,-71.47614829,8168547.759,235741.0886,False, , ,0, , , , , , 
TRACK,1.28.5-4,-16.55052274,-71.4757777,8168540.433,235780.756,False, , ,0, , , , , , 
TRACK,1.28.5-4,-16.55013758,-71.4756281,8168583.27,235796.2043,False, , ,0, , , , , , 
TRACK,1.28.5-5, , ,10000000,11015404.5, , , , , , , , , , 
TRACK,1.28.5-5,-16.54380627,-71.47802763,8169281.036,235531.3483,False, , ,0, , , , , , 
TRACK,1.28.5-5,-16.54446979,-71.47866413,8169206.741,235464.2868,False, , ,0, , , , , , 
TRACK,1.28.5-5,-16.54525325,-71.47935644,8169119.095,235391.431,False, , ,0, , , , , , 
TRACK,1.28.5-5,-16.5460572,-71.47973392,8169029.595,235352.2214,False, , ,0, , , , , , 
TRACK,1.28.5-5,-16.54721698,-71.48024828,8168900.521,235298.8808,False, , ,0, , , , , , 
TRACK,1.28.5-5,-16.54810009,-71.48055494,8168802.35,235267.3428,False, , ,0, , , , , , 
TRACK,1.28.5-5,-16.54813857,-71.48070244,8168797.896,235251.6445,False, , ,0, , , , , , 
TRACK,1.28.5-5,-16.54834062,-71.48081336,8168775.38,235240.0774,False, , ,0, , , , , , 
TRACK,1.28.5-5,-16.54917593,-71.48052806,8168683.281,235271.6823,False, , ,0, , , , , , 
TRACK,1.28.5-5,-16.54973087,-71.48037031,8168622.053,235289.285,False, , ,0, , , , , , 
TRACK,1.28.5-5,-16.55038808,-71.47874052,8168551.442,235464.2086,False, , ,0, , , , , , 
TRACK,1.28.5-5,-16.55009815,-71.47856931,8168583.764,235482.0941,False, , ,0, , , , , , 
TRACK,1.28.5-5,-16.54984211,-71.47858695,8168612.087,235479.8612,False, , ,0, , , , , , 
TRACK,1.28.5-5,-16.5495413,-71.4783647,8168645.682,235503.1821,False, , ,0, , , , , , 
TRACK,1.28.5-5,-16.54874692,-71.47768648,8168734.518,235574.5171,False, , ,0, , , , , , 
TRACK,1.28.5-5,-16.54843307,-71.4773732,8168769.676,235607.5403,False, , ,0, , , , , , 
TRACK,1.28.5-5,-16.54834511,-71.47728458,8168779.53,235616.8838,False, , ,0, , , , , , 
TRACK,1.28.5-5,-16.54778841,-71.47695813,8168841.591,235650.9822,False, , ,0, , , , , , 
TRACK,1.28.5-5,-16.54724152,-71.47639672,8168902.873,235710.1829,False, , ,0, , , , , , 
TRACK,1.28.5-5,-16.54687416,-71.47593074,8168944.156,235759.4401,False, , ,0, , , , , , 
TRACK,1.28.5-5,-16.54654634,-71.47538371,8168981.168,235817.4048,False, , ,0, , , , , , 
TRACK,1.28.5-5,-16.54561086,-71.47605281,8169083.852,235744.683,False, , ,0, , , , , , 
TRACK,1.28.5-5,-16.54330137,-71.47756672,8169337.538,235579.8764,False, , ,0, , , , , , 
TRACK,1.28.5-6, , ,10000000,11015404.5, , , , , , , , , , 
TRACK,1.28.5-6,-16.54777262,-71.48276187,8168835.694,235031.2397,False, , ,0, , , , , , 
TRACK,1.28.5-6,-16.54848491,-71.48216275,8168757.628,235096.1868,False, , ,0, , , , , , 
TRACK,1.28.5-6,-16.54889112,-71.48169401,8168713.276,235146.7943,False, , ,0, , , , , , 
TRACK,1.28.5-6,-16.5488146,-71.4814501,8168722.068,235172.7343,False, , ,0, , , , , , 
TRACK,1.28.5-6,-16.54812586,-71.48151479,8168798.232,235164.8849,False, , ,0, , , , , , 
TRACK,1.28.5-6,-16.54787958,-71.48173917,8168825.201,235140.5891,False, , ,0, , , , , , 
TRACK,1.28.5-6,-16.54747316,-71.48221412,8168869.569,235089.319,False, , ,0, , , , , , 
TRACK,1.28.5-6,-16.54738574,-71.48250038,8168878.87,235058.633,False, , ,0, , , , , , 
TRACK,1.28.5-7, , ,10000000,11015404.5, , , , , , , , , , 
TRACK,1.28.5-7,-16.54625791,-71.48592554,8168999.21,234691.3506,False, , ,0, , , , , , 
TRACK,1.28.5-7,-16.54635982,-71.4852188,8168988.861,234766.9554,False, , ,0, , , , , , 
TRACK,1.28.5-7,-16.54581373,-71.48503498,8169049.56,234785.8368,False, , ,0, , , , , , 
TRACK,1.28.5-7,-16.54553346,-71.48577946,8169079.605,234705.9569,False, , ,0, , , , , , 
TRACK,1.28.5-8, , ,10000000,11015404.5, , , , , , , , , , 
TRACK,1.28.5-8,-16.54634268,-71.48399762,8168992.37,234897.3309,False, , ,0, , , , , , 
TRACK,1.28.5-8,-16.54640706,-71.48375379,8168985.564,234923.4546,False, , ,0, , , , , , 
TRACK,1.28.5-8,-16.54696965,-71.48315465,8168924.071,234988.201,False, , ,0, , , , , , 
TRACK,1.28.5-8,-16.54700247,-71.48293158,8168920.732,235012.0652,False, , ,0, , , , , , 
TRACK,1.28.5-8,-16.54689945,-71.48279967,8168932.312,235026.0102,False, , ,0, , , , , , 
TRACK,1.28.5-8,-16.54654778,-71.48324569,8168970.656,234977.9028,False, , ,0, , , , , , 
TRACK,1.28.5-8,-16.54690003,-71.48263341,8168932.467,235043.7636,False, , ,0, , , , , , 
TRACK,1.28.5-8,-16.54625592,-71.48244083,8169004.027,235063.4471,False, , ,0, , , , , , 
TRACK,1.28.5-8,-16.54569151,-71.483672,8169064.89,234931.2104,False, , ,0, , , , , , 
TRACK,1.28.5-9, , ,10000000,11015404.5, , , , , , , , , , 
TRACK,1.28.5-9,-16.54586269,-71.47971225,8169051.156,235354.2695,False, , ,0, , , , , , 
TRACK,1.28.5-9,-16.54522057,-71.47936002,8169122.708,235391.0042,False, , ,0, , , , , , 
TRACK,1.28.5-9,-16.54453232,-71.47877222,8169199.677,235452.831,False, , ,0, , , , , , 
TRACK,1.28.5-9,-16.54392179,-71.47818772,8169268.036,235514.4117,False, , ,0, , , , , , 
TRACK,1.28.5-9,-16.54320035,-71.47752212,8169348.78,235584.5011,False, , ,0, , , , , , 
TRACK,1.28.5-9,-16.54277946,-71.47715197,8169395.863,235623.4525,False, , ,0, , , , , , 
TRACK,1.28.5-9,-16.54247136,-71.47705287,8169430.102,235633.614,False, , ,0, , , , , , 
TRACK,1.28.5-9,-16.54195565,-71.4783592,8169485.477,235493.4181,False, , ,0, , , , , , 
TRACK,1.28.5-9,-16.54319052,-71.47842101,8169348.686,235488.5027,False, , ,0, , , , , , 
TRACK,1.28.5-9,-16.54538556,-71.48118457,8169102.039,235196.402,False, , ,0, , , , , , 
TRACK,1.28.5-10, , ,10000000,11015404.5, , , , , , , , , , 
TRACK,1.28.5-10,-16.54235971,-71.47692253,8169442.635,235647.3803,False, , ,0, , , , , , 
TRACK,1.28.5-10,-16.54292492,-71.47716859,8169379.738,235621.8763,False, , ,0, , , , , , 
TRACK,1.28.5-10,-16.54327726,-71.47751721,8169340.273,235585.1297,False, , ,0, , , , , , 
TRACK,1.28.5-10,-16.54413306,-71.4769855,8169246.229,235643.074,False, , ,0, , , , , , 
TRACK,1.28.5-10,-16.5450378,-71.4763791,8169146.864,235709.0603,False, , ,0, , , , , , 
TRACK,1.28.5-10,-16.54650667,-71.47533953,8168985.617,235822.068,False, , ,0, , , , , , 
TRACK,1.28.5-10,-16.54706046,-71.47480244,8168925.015,235880.1732,False, , ,0, , , , , , 
TRACK,1.28.5-10,-16.54742809,-71.47444437,8168884.785,235918.9081,False, , ,0, , , , , , 
TRACK,1.28.5-10,-16.547757,-71.47405305,8168848.888,235961.1413,False, , ,0, , , , , , 
TRACK,1.28.5-10,-16.5482691,-71.47323556,8168793.268,236049.1295,False, , ,0, , , , , , 
TRACK,1.28.5-10,-16.54849644,-71.47279343,8168768.681,236096.6501,False, , ,0, , , , , , 
TRACK,1.28.5-10,-16.54901513,-71.47167584,8168712.726,236216.6906,False, , ,0, , , , , , 
TRACK,1.28.5-10,-16.54915596,-71.47130439,8168697.623,236256.5444,False, , ,0, , , , , , 
TRACK,1.28.5-10,-16.54938791,-71.47082133,8168672.579,236308.441,False, , ,0, , , , , , 
TRACK,1.28.5-10,-16.54959476,-71.47032138,8168650.335,236362.1056,False, , ,0, , , , , , 
TRACK,1.28.5-10,-16.55004333,-71.46968003,8168601.516,236431.1977,False, , ,0, , , , , , 
TRACK,1.28.5-10,-16.54930823,-71.46971579,8168682.85,236426.3798,False, , ,0, , , , , , 
TRACK,1.28.5-10,-16.54901331,-71.47082788,8168714.041,236307.2319,False, , ,0, , , , , , 
TRACK,1.28.5-10,-16.54818395,-71.47206815,8168804.228,236173.6688,False, , ,0, , , , , , 
TRACK,1.28.5-10,-16.54732345,-71.47288901,8168898.414,236084.8464,False, , ,0, , , , , , 
TRACK,1.28.5-10,-16.54654499,-71.47405456,8168983.063,235959.3293,False, , ,0, , , , , , 
TRACK,1.28.5-10,-16.54570655,-71.47523511,8169074.334,235832.1279,False, , ,0, , , , , , 
TRACK,1.28.5-10,-16.54416333,-71.47591466,8169244.286,235757.461,False, , ,0, , , , , , 
TRACK,1.28.5-10,-16.5423264,-71.4763655,8169447.055,235706.8159,False, , ,0, , , , , , 
